,value_center_k1,value_center_k2,value_center_k3,value_center_k4,value_center_k5,value_center_k6,value_center_k7,value_center_k8,value_center_k9,value_center_k10,value_center_k11,value_center_k12
0,8.793267591535004,6.277900604566604,8.7117671306307,9.228678356433953,11.278270274813536,10.053633852533434,8.361234021285116,8.960861444301612,8.810650071626936,8.177240555298972,9.748707493968265,9.401230819090276
1,8.77073641627094,6.451635794690006,7.887818073877295,9.504961924610333,11.88334912581253,9.684250298804974,8.455505043809167,10.341414851172452,8.540855642149644,9.231765810609078,9.675494889285952,9.48120371768561
2,8.373589061181182,6.59817559979887,8.001493547947245,9.648352983414698,12.272739117790406,10.089865103828828,8.39996015836524,11.05275510210872,8.666041188403014,9.257723491516431,9.032790453418151,10.128139200746556
3,8.332171178093716,6.659056018803879,8.30490431146035,9.847351885057735,11.754317553602043,9.937574921396521,8.170170983557979,11.367924732656999,8.701514916122257,9.289546801960094,9.102697563419692,9.978726617334772
4,9.112207402012288,6.373050035204358,8.238137850778841,9.314350658835252,11.335823073053236,9.795094191422285,9.263470358269837,10.03632233682687,8.22187515206846,9.468703643355852,10.092155717464255,9.998292638440306
5,8.554263934204677,6.767949626337791,8.115674095378889,10.0638014696661,12.2487824837,10.133101299908333,8.711106272171971,10.817510547363142,8.810460431567012,9.316031004960431,9.35160086664801,10.320045201800927
6,8.601291044351942,6.574021013120862,7.738597526185973,9.765974876136989,12.275478909652875,10.310449193185152,8.253280775559118,11.203310481131986,8.627782553332226,9.26573976228969,9.596291860144095,9.675419033730893
7,10.281678192608105,7.447928007098234,8.413556344081897,9.442085035866672,11.138895966926068,9.824718235799693,9.854644506595655,10.74454621583338,8.901976172131222,8.828852982485778,10.171903990005921,10.295738354237347
8,10.100031246280778,7.618352562085196,8.007514065756906,9.023797818721478,11.546888115575697,10.109613526477737,9.4222050886546,11.250757898017433,8.7032781364425,9.155998819551545,9.984433410886687,10.357277249880628
9,10.5032987080671,8.079580476693781,8.643469105872796,9.659300046129376,11.830552956007363,10.555306201307145,9.84838647633924,11.129342136416671,8.967762985423832,9.585083355850724,10.78251819063515,10.875132513820997
10,9.986329363331661,7.2811278547719125,8.273999399147652,9.12059066534784,10.773096673413853,9.489048545177411,9.993601151827004,10.171503963622081,8.864061789801282,9.214649493318738,10.815073725142183,10.048280489711551
11,10.155693713082254,7.278939476587038,7.9428697715189385,8.921846419208,10.78698369725987,10.003682065947423,8.866841278740775,10.362783567155047,8.283133667318433,9.497821395978882,10.05109281380751,10.041023068333308
12,9.213610423045987,7.011274534217078,7.808446872424941,9.213479313294778,11.415187722967756,9.935744874209163,8.859463665053369,10.268360716044292,8.60579925207676,9.183349437685688,10.111260816642558,10.332199160810234
13,9.403599673493359,7.115259460727321,8.736127780563155,10.040144177016444,12.460754439616087,10.81657095198548,9.160874839845361,11.65402887044585,8.716444226655934,9.072544376084805,10.725143849695826,10.362523028026626
14,8.324203614847793,6.2809375375543395,7.538084828792986,9.68318372099497,12.27002349465139,10.35658040332584,7.668130118940178,11.09436226421092,8.331365600539677,8.99222150954816,8.569458309652902,10.23383305989348
15,8.155767680108223,6.384549701372453,7.738345267839271,9.723034404633097,12.440018363731001,10.299553874798793,7.502428736102681,11.443336126618185,8.524847053023766,9.20537072504233,8.603163594929164,10.179338588140768
16,8.64814741457082,6.184713592868647,7.832723733918998,9.471595682793481,11.833508684568763,10.104795295883154,8.402899141363916,10.39681199697478,8.319386299012821,8.62064712169447,8.924355078615559,9.698115590077196
17,8.359273607247523,6.358475769520464,7.891010195931628,9.714948651532914,12.239157834022095,10.199673913268537,7.9883000265323965,11.05474728575772,8.484309256256187,9.06188233812988,8.8367928541671,10.118061848057337
18,8.562429077065637,6.208290625252211,7.622045731695494,9.333960939373204,11.605964744404549,10.143003999269883,8.19579209056791,10.480016738649105,8.360628244313054,8.926976711892499,8.875578735896386,9.872801679802539
19,8.078807899443808,6.371103737251327,7.739916736646242,9.781401611749246,12.314443599158892,10.183029879873747,7.774195805882921,11.214420255085429,8.480827367606096,9.321961214035145,8.6340713585744,10.182654596841328
20,8.448586963104093,6.216445999222809,7.76617305974492,9.331053370900552,11.861163937079617,10.21722899701866,8.31911208985225,10.258587255175485,8.289472243061855,8.629707116772291,8.811394261105658,9.549662178114001
21,8.405021121414139,6.287457142027593,7.5645896665690024,9.721001674710184,11.90222416095515,10.196081058562154,8.106496512412262,10.915844129208413,8.312586835752157,9.016279216764667,8.829820617292086,10.080080157730904
22,8.31620654338277,6.421827479997447,8.199826342597884,9.717645515462523,12.1843062799375,10.181221936447297,7.83994364930197,11.002224095421038,8.800014216876702,9.510945456101215,8.9978705168094,10.161521179961621
23,10.936233385512875,8.400517189168372,9.974531011888617,10.550557520938446,12.5717260480512,12.05464688766962,11.570764598276245,11.170440225054538,9.207413453302996,9.389380675773156,11.36496942027182,11.307947190543619
24,9.398191172824756,7.821539533766496,8.572879132720214,9.52697711285068,12.144396776151098,10.534312694055092,9.670233928766363,11.059018978960612,8.912932669591626,9.428502535700012,10.316406203986256,10.407620459287147
25,8.223067978142355,6.410505705922602,7.668052612148269,9.893874367562246,12.279303121949024,10.54372528846779,7.7049160901031675,11.415097819237621,8.515278640057506,9.055689200321096,8.777159585342465,9.956475831898747
26,8.488099202215125,6.426639223085856,7.65230485956576,9.506197511193399,12.246683679683194,10.349253926599683,8.22373062102891,10.65617358389974,8.375382298419357,8.99978856389903,8.673512811473516,10.001656870374983
27,8.05616392967444,6.262270231354676,7.737783176610149,9.696606683429113,12.348361370861037,10.057938857962032,7.752542960278834,11.045282607110654,8.706448231135274,9.336844733375802,8.606128550471384,10.122613315077878
28,8.257240318068645,6.392876525557493,7.697033217814232,9.78250886359172,12.441800141594427,10.317834764156444,7.802121695747421,11.036148906762492,8.449305252699622,9.194868650055954,8.538937627515885,10.312133579567263
29,8.615501780071464,6.570822068812809,8.222963994614162,9.462937271249311,11.89908931936447,10.241079766696036,8.275651286171744,11.027472477328596,8.384351666709879,8.867950868398449,8.931694318804135,9.975417962161927
30,8.232761548917264,6.28194757292912,7.719651739039778,9.553928012000643,12.364383405205393,10.258444683190003,8.09619820910639,10.668001262602868,8.336374426268787,8.651587614797357,8.693879235550874,10.066291988387414
31,8.699542572272819,6.258127580890978,7.6715504917148305,9.455744582198902,11.743427340500734,10.172145235911962,8.208889217880781,10.59089884607802,8.207231731094309,8.84341378197064,8.978306066819869,9.668190414959344
32,8.258824082664477,6.285910644402444,7.598887767657102,9.53752972238614,12.26680183886673,10.1655160412241,7.606447572076265,10.944296520690802,8.432295252843122,9.042035626364157,8.72962910177618,10.04422529393283
33,8.476164742854033,6.289570220277166,7.659384874067489,9.421991292017537,11.851986118078493,10.13400731520749,8.06360847622207,10.589435033802282,8.518726749587296,9.021595425635294,8.906057896004823,9.952183341711503
34,8.108682847297821,6.384862341889331,7.878528674802048,9.94184658303895,12.456620007374125,10.222330049754536,7.6939700977332315,11.24974878612828,8.577538498086057,9.348048035873434,8.567006792629304,10.229449025597592
35,8.35081713327997,6.259001404473984,8.192493306561317,9.353748081901394,11.915975477961496,10.035547631948159,7.971818193287472,10.54903273449385,8.564108076092776,8.959443531344679,9.098424857668963,9.591777895538417
36,8.252395186903598,6.281139629135733,7.634620931221533,9.718211667031984,12.168852871844296,10.48800422501359,8.072364286448813,11.11342308263814,8.551136623159572,9.2104438723442,8.633192867485288,10.20486765842632
37,8.7704557187634,6.033526418465045,8.048521850053323,8.415662502535573,10.79840423548142,9.12841280808123,7.768282037122816,9.244267851826788,8.735524837518765,8.849764297732898,9.872688484434448,9.579519738011799
38,8.526887496386314,6.817772198937728,8.273856018985512,10.041442607766248,12.141769971704186,10.182676633615117,8.25867367883263,11.502693356742089,8.850063221486247,9.392963863857762,9.161754738920813,10.150421208569128
39,8.75803628775994,6.260760852875372,8.211892499791597,8.845951466548065,10.832611400028895,9.575813671986845,8.506332686293497,9.142242249505088,8.649167796772202,8.476256186789401,9.539409517202186,9.45373768531146
40,12.578635962918694,9.689814152610914,11.276760133583604,10.176220356120261,12.067386520326556,12.250729695672693,11.843269565289823,12.172601964830989,10.730098055252649,11.142442564387661,13.492224735346582,12.690554056949873
41,8.331277358784053,6.732410566858475,7.843388372404551,10.164369017292248,12.27160234124014,10.331150361813368,8.51606283146823,11.35513976463903,8.651037497273354,9.591393999440793,9.228067047462766,10.365143974673593
42,11.453091216754991,9.171433084618126,10.416348286867827,9.838275421533563,12.141587522370543,11.306454876452538,10.516855844737787,12.657583983143141,10.635952640563628,10.065860903754304,12.420056910449775,11.54250933062308
43,9.126729703375242,7.169276618322304,8.070904534121746,9.902485394675764,12.782022416744326,10.715135030853249,9.255315169669295,11.660160113036614,8.629647736125872,9.11501440086709,9.614554586942507,10.44288341057938
44,9.529950014757096,7.128397428883748,8.454933714234247,9.780371851477664,11.635923280829031,10.316247048727032,8.514352838720383,10.794356556047223,8.804284797793915,9.597163908809648,10.466551225284745,10.562033034138626
45,8.336380564417492,6.328703480404251,7.745513678396213,9.877204049282474,12.805362456573256,10.398773524877416,8.101760473272797,11.338697843823175,9.798452158701664,9.543248619169942,9.150864584563067,10.207098047436311
46,8.23986836738245,6.314421512055138,8.97891811504601,9.364457310929506,12.221975797663415,10.742210629225175,8.841831102775487,9.965026627736208,8.417777824761085,8.850523921461114,9.545290781496274,9.865213316962418
47,9.876397347114851,8.322499624601155,8.886399827078336,9.867504156164927,12.453263984899309,10.868762843909286,10.111710243391947,11.892250075555438,9.141371429547071,9.559647313708249,10.191072040850191,10.95259528293876
48,8.487765624452168,6.60761509751447,7.886520409898105,10.146923475203081,12.610375880669352,10.49912864115514,8.312136438065044,11.57597798573648,8.53548575786992,9.166015337649197,9.344777143636836,10.129244087684949
49,8.648755912399931,6.5975594698151285,8.455075313616902,10.0739596532564,12.650020329546486,10.58692101327523,9.384258719775092,11.102604905611711,9.052701216159313,9.038187028401348,9.778970690531287,10.120024661620954
50,8.594754332229916,6.622656087919059,8.017890716784642,10.146928984861372,12.303630840952483,10.067105813463918,8.264204831457192,11.645129699494788,8.584684398975213,9.398408565013263,9.279561348309283,10.025821501600504
51,10.607234233429486,8.50331430915798,10.52418492118602,10.228086860559984,12.856320043286333,11.847354458124912,10.11903625865439,11.72359668435807,9.776494609464379,9.45780328332575,12.255273767303667,11.084723398103787
52,9.018856435216279,7.195544686004778,7.717442689106729,9.944854105921685,12.241002889465568,10.435017624724717,8.3937717282045,11.283993803703737,8.934398115067665,9.270377692637537,9.56156902095583,10.341665964623449
53,9.500228258161865,7.449472463127657,8.315567307351948,10.022173234537846,12.611796349526141,10.967117410713453,9.183423867354392,11.725271295047001,8.871124188419746,9.396616389746587,10.195665769129548,10.54863079826125
54,10.534568916664357,7.733455747232533,9.414316152977753,9.972634791636667,12.013666478118363,10.887681209776328,9.596740309434763,10.907639469550954,9.07473417179895,9.067461581973792,11.703564527948192,10.639609210793019
55,8.659531706304053,6.790364683791829,7.814322425455982,10.476573852655223,12.480261768313898,10.38886387681142,7.971201846243812,11.68296985466013,8.819076008716097,9.485061579694342,9.176077606045219,10.082143759503062
56,8.837716760018548,6.749970767553174,7.777750987002387,9.864896010198997,12.29879978865926,10.517036635476899,8.354963516914651,11.158247989843737,8.44938745151805,9.049077520507613,9.470550141167262,10.362093057345028
57,8.424296651238793,6.683493286748012,7.768155670820661,10.142361379829708,12.51304336757818,10.22607179857562,8.264014956869437,11.57517614267902,8.474805101590343,9.383373144915119,9.26057383918389,10.459234818246827
58,9.575606280535215,6.6017583780830185,8.115274902576695,9.345580033662591,11.730306257692387,10.14459689019441,8.579428476960619,10.123745687069242,8.267370695150625,8.857894793289859,10.139561045651076,9.938678136215863
59,8.493156988580239,6.701311302222827,7.742565214437349,10.420343015246383,12.509205330417863,10.283534619131524,8.058616632214672,11.87175138638835,8.885847523517352,9.533958638982837,9.169270538016326,10.194123380294332
60,11.996571606057817,9.838385807050622,11.203314037583098,10.113202540856292,12.126396433612673,11.576483524316545,11.112581664244939,11.477128890059646,10.979472186965658,9.941797121478913,13.863163360199648,11.998844317719229
61,11.727730845913207,8.092203897428975,9.128058101924923,9.124540893794435,10.389901403334964,9.795539666979547,9.545090896861655,9.786452921334051,9.067636370785003,10.101197381744306,12.230984515181309,11.07318711346211
62,9.431192977326477,7.118602658929019,8.72698062438463,9.595944722947646,11.939578082915903,10.770733951819578,9.614085043695162,11.097782052010604,9.290072311975957,8.835996155032499,10.176273058493639,10.10228221722574
63,12.265330094624236,9.81671940900499,11.712484488456035,10.06259125458971,12.185165567212895,11.87789351301572,11.817983480661177,12.047077676339319,11.371634317644668,10.758419383306006,13.641202631455647,13.03086686872241
64,12.752133195011664,11.056322953809012,12.197298004013081,10.22439378958306,12.84308362253282,12.978106388695593,12.885590845233288,13.548712824642063,11.319038892344745,11.648774546639636,13.931718798839794,14.145268463404793
65,8.785838924720121,6.927150127369243,8.68740423347821,10.057583868943901,12.460317644600366,10.51016165525128,9.010359416011834,11.331315837503071,8.708078433556025,9.471884874415952,10.021741525319278,10.161316439977348
66,8.969229333421659,6.382099453704933,8.115044962864895,9.581592226771743,11.80211458740282,9.971198232492544,8.957299054558797,10.732073472990507,8.520237811811386,9.268173349370375,9.737190787520008,10.06973487048889
67,9.333960043243803,6.980507339460944,8.641976137104027,9.97128962289337,12.598023649522759,11.093179477546617,9.977478681863788,11.848112803393715,9.39647250812056,9.280240515923433,10.086513263264276,10.328902113799746
68,10.241850772453718,7.0477640238236186,8.204141220886134,9.007089162619137,11.163781730727624,9.487340852127135,8.798209319049207,9.948314023193724,8.301180652455415,9.169206466233174,10.191110914966568,9.774717752555176
69,8.393505424339578,6.308330880528445,7.605688286006703,9.750285570150995,12.081056255678412,10.13760280707907,8.030392959570847,11.03394133758544,8.677675542106064,9.147561239775007,8.944982041999477,10.07524299205151
70,8.324751513699276,6.323931730881725,7.7067319564410965,9.408548884171623,12.087548690224343,10.123850788633224,8.067134086232578,10.90691120274413,8.68063571286024,9.0041798144623,9.391910855132775,9.89266885405215
71,9.33011487378846,7.228703615686748,7.886710633691077,9.175900260078816,12.921440088292881,10.372830745049491,9.796108037743556,12.00227855817208,9.01397753969895,9.297026412242616,9.398727091676815,11.358607509258087
72,10.064681429065043,7.916567252096964,9.29823990948241,10.390198039653956,12.148865434848313,11.281743246038038,10.733356732670678,11.921513019004097,9.198208342182628,10.191852505269331,11.106490792165093,11.329070139790359
73,10.143532547642302,7.450179863184893,8.743469549460768,9.61968895318632,11.559983302433682,10.347677933740613,10.071647275717078,10.664255899087735,8.891203316306052,9.752195375318657,10.352046723631396,10.751592938330365
74,10.535814094237445,8.093856397480337,9.3103523406144,10.046113708081528,11.807283682436262,10.921624511534485,10.977297807983973,11.625433341680507,9.015471873046248,10.240299765629747,10.973037946496184,11.30115447359345
75,9.556258415661812,7.40446605602851,8.874421710262208,10.19720378709236,12.082562151990443,10.565180936002369,10.283528604875842,11.25068015839954,9.329699610794119,9.83745099826169,10.318280790858777,10.70107720178745
76,10.601169872811269,7.616072744540476,8.026894549039717,8.52150446614434,9.896454299039787,9.330568862315157,9.183710384833574,10.061641018029208,8.53368813124898,8.781702547769681,10.028010357923186,10.188343589017917
77,8.948545068915687,6.918442053519913,8.003366835348794,8.785591909580418,11.066811582602542,9.85876080873636,8.810041031410817,10.38377067960282,8.55981211757727,8.801992839868413,9.63751024636727,9.672558174356602
78,10.84333312613595,8.219286609295668,8.920982936548977,8.874086181880807,11.657776853279,10.432239325210995,11.451733348609501,12.149293272927592,9.09755365514497,8.797468917952042,9.990405173378193,10.991531886596412
79,10.278498772528746,7.332952895175076,8.370702004825937,9.515640698005415,11.178292762740497,10.216137611796034,9.760725431526499,10.579830200769438,8.849450158972093,9.288014536584363,10.655703554021592,10.429322235591254
80,11.052156568698596,8.883846001032962,9.148550078029091,9.662534884602536,11.62898800843506,11.020093854279988,12.269208763345802,12.525807635332544,9.611642772314173,9.059982603005809,10.350725174351602,11.69973950586066
81,8.490834387912845,6.222072319571222,7.6893219613317605,9.41022282429864,11.769279212469652,10.066156858146549,8.686531292939733,10.311311877169016,8.543303280449718,8.717128954947462,9.13620144056689,9.922030821668365
82,9.04675592191418,6.915764539371409,7.997517557094312,9.347478576850278,12.51027733560052,10.509390936265806,9.397582990997527,11.095688774503861,8.805146478978216,8.90830072943899,9.627965598916267,10.798988365099028
83,11.416712888244874,8.255359195321992,10.034913093020315,9.401592802878696,11.500958005230101,10.99493715097383,11.747341829067064,11.40182647034691,9.686917380854439,8.838571113183557,11.319044740247044,10.5332617314827
84,10.095291522319027,7.7115387522035075,8.606837535105093,9.624792353202727,11.225742397802762,10.23629708873247,9.961863302665222,10.716153591460564,8.918291501768422,9.788955089013147,10.557797304247401,10.763811591760383
85,11.048177286086634,9.290915705558547,9.618468647569514,10.117274081652377,11.805503149604862,11.634978039063123,11.545529876860666,12.446307014147838,9.92558542027097,10.081963679059058,11.72331127449905,12.034997473988554
86,8.642140168733352,6.385572853792111,7.6949781783770295,9.31994504733751,11.823070704881937,10.083930118162982,8.116826760305525,10.640442911383975,8.332423130561835,9.069751876996424,9.427880379294402,9.75819302991161
87,8.384790445906116,6.3004333866726405,7.795059428248826,9.714316234334829,12.871938441072402,10.446085748233216,8.254578456438514,11.285913271058744,9.802367287107856,9.631316618613635,9.270347877432398,10.2224311932044
88,8.7272303111058,6.440716798922052,7.871857809566952,9.630352140950562,11.99787323720933,10.39698769920081,8.621186088330614,10.855739942977532,8.657504812176759,8.468170245953916,9.131432501469618,9.800622850986645
89,8.27635186938987,6.020439934951518,8.025771323447032,9.339555254230737,11.797680220844882,9.777551681441372,8.181023589895524,10.064186128464797,8.522228035262197,8.78681031131122,8.818181064239898,9.450391200355376
90,8.334219837516063,6.121642450244669,7.9639905623108636,9.04782889768098,11.975769212750713,9.797634414845149,8.107732204738415,9.87633848938864,8.519822190482206,8.585128538384243,8.651686226724028,9.554040733412542
91,8.656427694004268,6.739530400303443,7.764568436616752,9.996473624560922,12.174370745144884,10.336403954084187,8.558578486948814,11.430564325449986,8.736454180874702,8.90143342213027,9.148441780230849,10.11974114827003
92,8.995808529648414,6.99965226158217,7.8272531374422485,9.58649675844861,11.509592387056482,10.265746581951284,8.60593752756654,11.229424275871786,9.021011213704089,8.788022944318055,9.065812901990355,10.207642141168819
93,9.634913548035861,7.402898760931217,8.043356731885853,9.169282496990181,11.673106967793101,10.519557003071135,9.606500105305498,11.380941049771225,8.81518523211555,8.727854495980353,9.312064878177742,10.66137945787545
94,8.630648844868123,6.5513369665129275,7.7511106817178055,9.868647750935935,12.165698447618412,10.399991773012115,8.2026893755271,11.2860058396859,8.911958313528267,9.262280561042871,8.973954262203184,9.969904127758756
95,11.180340001482026,8.234851783623679,8.648233086644748,8.744768478518942,11.575204256177031,10.231508822724319,11.003942529199879,11.511105634858584,9.666026339772888,9.311850758393845,10.415518380756698,12.37469612874336
96,10.77345676607628,8.41428107798968,8.39091017603737,8.841708569108896,10.925547440881902,10.26454875735837,10.61522714926993,11.473602314989844,9.424248011104446,8.869569674139239,9.63807991421761,11.936706578033611
97,8.711457468878752,6.903498001171455,7.783152475908384,9.514916904694655,12.211658373948215,10.700958579674426,8.691781808572264,11.28911541371027,8.803692513231677,9.07010509890588,8.963777811980947,10.550672206577595
98,8.436489508625714,6.2935149154448595,7.800345073738258,9.403288697016183,12.180659877492026,9.938140000413519,8.13498127668963,10.913697648105742,8.579721275943774,8.70620345562132,8.96598430620059,9.701022667887255
99,8.267215979734516,6.192591385935657,7.844610219692698,9.44204849983472,12.324772003999676,9.680359382563664,7.961398727622173,10.903653793093316,8.559630138250077,8.681249378829392,8.660472511976447,9.938538782573561
100,10.624656585612941,7.674203240076998,8.206524163043332,7.773963139185479,10.33344916313413,9.414006132391235,10.31831818320995,10.16580061723751,9.00289793155764,8.44568404062169,9.975427287066665,10.583929447759955
101,10.265201913430243,7.740286963618958,8.305180921031388,8.043747012630014,10.449532728334091,9.671379440648426,10.357664952478999,11.01104792657847,8.884288793287338,8.126516301386822,10.169873022933082,9.946058604318534
102,9.50284647602328,7.481919790756713,8.397727642842113,9.776929593143219,11.517770747725955,10.025773081201908,9.660109781052284,10.823714733542772,8.873877696692313,9.242549172151788,10.235249747534688,10.338040487469357
103,10.146964372514931,7.925033843703115,8.663240708838506,9.844095587598245,11.824092870718111,10.58828742779231,9.727286704153903,11.569560881365684,9.335913480723377,10.284698763884705,10.950806703518193,11.679657344892686
104,8.943739437975594,6.778011552830919,8.210074227246244,9.908461744844958,11.700553934001544,10.174313730394502,8.873737233701366,10.549871415899977,8.71743238028726,9.072049652171085,9.575117338539709,9.915985437612225
105,8.976394251416924,6.601555790474681,7.911357532084468,9.949448326907042,11.792478682119354,10.20278583140945,8.63132986405156,10.753288137628516,8.611078137845857,9.129201913116985,9.501435435601945,9.831962532651412
106,11.394493239989446,9.580910594207902,9.911343290789464,10.524653034856982,12.421290572263246,11.643758167554163,11.822738690838085,12.954938488379575,10.030405700379223,11.459989780224333,12.261360764770952,12.751696147519123
107,12.307152049929027,11.38845196907063,12.416987379986772,11.272731962163466,13.59865039284795,13.760536924052767,15.03445073205542,15.340468649814465,11.976851236621183,12.245756709437078,13.493061393353027,13.797061646241437
108,11.784988054513422,10.118105619377527,10.014548173864338,10.60936279436783,11.813003324661434,11.833544433960526,12.318967779192374,12.781861458008724,9.993686356073315,10.852759721778014,12.291210506388856,12.399658628188002
109,11.435629090450849,9.034078348589825,10.85380491641947,10.456301016295862,12.747921283167086,11.785624623786388,11.861443968629596,12.188059404200136,9.854294976119835,10.353841098674403,12.05010212790425,11.40965367230186
110,10.861782525879192,8.336821022216666,9.884752605237093,9.945639890475025,11.32957672088126,10.726127438293116,11.114036757626266,11.59996152362223,9.06551981283936,9.24531324794363,10.390082010052433,10.931935360181111
111,8.608772649470794,6.164079486892953,8.016456553855894,8.976693751145477,11.463457977283035,9.400343078768813,8.539105572788454,10.08686229377999,8.796348823768724,8.274793287084446,9.052920975630345,9.352303373630049
112,8.757255248231115,6.310290096014066,8.026614853425597,9.163742578451403,11.739238305892052,9.49063597183005,8.70287545916301,10.486330492657753,8.56287586302317,8.463417336167499,9.040750393692955,9.804782952359766
113,8.498744341856359,6.048017516043739,7.846773454154696,9.263587687190089,11.50169168384014,9.539112831992046,8.318860787031284,10.099193947171042,8.477648213013492,8.575094270431833,8.885634646065377,9.657549178882832
114,9.278681802877514,6.7855142548670315,7.813280953541874,8.96486010038691,11.533185036260015,9.80190084899546,8.897654047473402,11.350613554967378,8.730750455319352,8.463820037081113,8.962299468502835,10.807385719585984
115,8.270133168533786,6.648790728493569,8.069675584979919,9.490908995961991,12.095177722057635,10.371260549772988,8.488411607553548,11.53722013053424,8.606801786969546,9.02861534802144,8.756651798150134,9.974916750780668
116,10.209719507693318,7.682964871110103,8.58272210916476,9.094598655911675,11.133030155356298,10.241817633578204,9.783716177907843,11.480219279716662,9.150191525616854,8.978658714778067,9.99834304064219,11.702386475743019
117,11.915086549501625,9.799021959057749,9.991188133848913,10.090514172305063,11.622234630969972,11.493294502560744,11.898969286493035,12.238016256063348,9.98801364984589,9.378321688692335,11.475766438463651,11.793516327423557
118,12.502454936693539,9.804547109562334,8.82452192280354,7.895703360955535,11.485428737249713,11.566620972404172,13.797790971641291,14.214673838742813,10.466220903207443,8.096185921100478,9.525650685752025,14.526327988666726
119,9.190053432029622,6.724702635760331,8.001530308089775,9.639834943513623,11.955551999271544,10.42504186828658,8.371047743538448,10.897675884037586,8.919381948843522,9.176587143477276,9.108648963424582,10.151846072190091
120,8.925929256894829,6.74250694963737,7.992614771994584,9.573177194787036,12.506800960539975,9.952465425839247,8.694589324607572,11.037464893635104,8.511738677622773,8.74312573877014,9.161486545407136,9.596941293485648
121,11.623146209006512,8.651531577061434,8.356091860640035,8.858922822390848,10.886478706838336,10.650427318840894,10.959001170123468,11.65670682095644,9.252470956327961,9.12269911151311,10.12047248840707,11.693554529830974
122,9.267786847807916,6.957393041001142,8.288566524903372,9.448365805428335,11.478355069550732,10.370793763259567,8.787378248528135,10.675121076764935,8.504364797714464,8.935867588021935,9.4898816383151,10.149611046295597
123,10.174587961916938,7.779317917620435,7.9474510946105195,9.301030908778348,11.235209534035363,10.572485469118114,9.548646568899535,11.306419967239261,9.072470799130558,8.89157470548439,9.430864409431775,10.718260529963986
124,9.316157187345267,6.92877675310951,8.502670303318315,9.36103697972176,12.201765504777288,10.885387449460975,10.158496408263733,11.000387329998723,9.04057467442368,8.637124304920617,9.39922314237854,10.773242286938107
125,9.0690559313192,6.61795337767951,8.351372731607,8.60525862583403,12.08540452135034,9.76799426422625,9.926494796395232,10.58941423969849,8.462865507604644,8.038572045133286,9.869751802235513,9.968988159395751
126,12.360096631432494,10.114004176647512,10.079794394047498,10.276435070887905,12.164816066727665,12.235027184078122,12.897656300560836,13.358078100934646,10.099504720217523,9.605905499421265,11.7740149178501,13.539410689433467
127,11.925969185921637,10.061587760008134,11.19813073094663,10.254480229793169,12.341962958474728,11.934528965857798,12.158252746791444,12.679084081991626,10.616638832191228,10.611431152143034,12.93120055441716,12.940023752865553
128,11.479059170066908,9.927534063193587,9.898580813654828,10.52495541317321,12.056672893244627,11.858354078060287,12.065387844288434,12.664490500265323,9.671387362585293,10.506061750661608,11.68563149128463,12.255582866738798
129,10.369829772356837,8.006104475097452,8.990457338169568,10.029826460391792,11.64889903695498,10.541031087916775,10.441774426772051,10.888956138423634,9.041075082313963,9.843182190065141,11.112626618466098,10.773130391083049
130,11.575512720740832,9.036039714153958,10.487289900478629,10.512691576859485,12.358337113216564,11.490030831518512,12.128875631693145,12.830895714146777,10.188296714382954,10.185391927780753,12.114970986033871,11.494442733144533
131,11.716553036378839,9.14887552035944,10.48619304908691,10.14862263856084,12.55188021510297,11.911722283399786,12.759705966394785,13.065807406560904,10.669326515977005,9.99983754020107,11.98742461643241,11.887280685075037
132,11.719146508285782,9.12221871040948,11.192180580799455,10.189420527952574,12.422771801594454,11.730786468336174,12.02371297177653,11.861308145882747,9.747726573632237,9.802304984734192,11.889569899114353,11.585319694386282
133,10.649613106184827,9.047498114939565,9.332593052358238,10.728091642077603,12.123102110384947,11.950779465648523,10.99544168637006,12.77687926590567,9.638303654389064,9.193720988633599,10.224456489496243,10.823141684718639
134,10.867015113620912,8.7446483633691,9.018081218568259,9.868223460144542,11.042133439024386,10.243756482653012,10.57727454562675,11.010534940140431,9.152697632295824,10.187175547693986,11.769981139854243,11.103541825342937
135,10.720120094574156,8.576243489074635,11.031942391391492,10.381045817870325,13.049366260062385,11.799932693796597,11.903299893326544,12.554754791445049,9.742265580593166,10.008362532756017,11.80710254767903,11.85848065107417
136,11.262953703548806,8.831894558899092,9.27259648533113,10.066604515985167,11.354267240511188,10.68573161104816,10.756175368356127,12.114523006600784,9.363834486929404,10.522709233743216,11.336661840627265,12.123356332370445
137,12.081144669648772,10.219566645964097,10.107268591445246,10.143863829843479,12.145701261275752,12.007742337009809,12.72058004467347,12.872950034157581,9.946871859879728,9.939527971992614,11.418748757790308,12.628465880710579
138,10.65638207654737,8.154336798444964,10.24454491346682,10.450773142031743,12.343436784717724,11.384515640527924,11.62482915111088,11.783478673492864,9.460335083363956,9.759901123677038,11.687948402593577,11.262905090637524
139,8.57746292191673,6.347632022523947,8.043391589584003,9.591731581958397,11.93965353694347,10.527174888274008,8.594126295690941,10.723035809400788,8.708346862177752,8.662109009275277,9.288950205451451,9.826878872092273
140,8.299745879243641,6.55470311845277,7.82511426048498,9.770896934294944,12.14194121122512,10.53387480738104,8.116824158702274,10.84322231249099,8.923232355074623,9.089522323278915,8.808117258878422,9.768064661245072
141,8.649838797578372,6.337400906338578,7.787940123633246,9.480133664113099,12.13725163503316,10.158720817582324,8.546481447162481,10.868092500316367,8.57131285339553,8.522886714639338,9.077955583697204,9.99536021421759
142,9.184435063024504,6.647615876504998,7.874288087953262,9.203920652937287,11.503502177947816,10.178688507955039,8.762065261227281,10.77630493382939,8.637121867477493,8.749506914749622,9.127876259860919,10.186545125809946
143,10.591222585339407,7.920600371232045,8.149531503612778,8.360276083519802,10.771586197317522,10.143417387592491,10.121958152368876,11.041445677082725,9.019768318386156,8.222650773110283,9.525416129948745,10.999911449516521
144,8.590913675944439,6.2868343485002205,7.933855874417084,9.27218874342068,11.388290322881238,9.919378632422362,8.373904590745253,10.402640437347825,8.68550950703613,8.833555775215128,9.117171206252914,9.737638411644102
145,8.581609759790116,6.396143521600057,7.8645923343681625,9.354096255021986,12.10021520494102,10.112045192317545,8.287893977204945,10.875778966461635,8.391539318928743,8.465880576295927,9.1321708716046,10.090744334711715
146,8.566556975002168,6.273459471461997,7.823881414146283,9.456010452111508,11.76283840439796,10.125232250908638,8.032745540755277,10.93023656704253,8.366127374660973,8.813929782759384,8.888916497922837,10.289483318302839
147,10.367483611488478,7.708786923147411,8.130698761220081,8.323447286070179,10.354835429966903,9.802189309926906,10.088046075635393,10.438980210018332,8.655949212126247,8.328619691496145,9.541179513397935,10.817123797075773
148,8.388819966882425,6.133193671405966,7.876779558451377,9.526110534976308,11.76462398854624,9.550529953537078,8.09411891987529,10.885347235886144,8.463576149273297,8.461318034907798,8.794366436773174,9.766398430495322
149,8.376913186390265,6.369724461920907,7.689030402274472,9.303158911597302,12.710761467629586,9.703973563320115,8.304200911568612,11.129876800296703,8.550873555637565,8.825839716187073,9.004312366232066,10.615479445946486
150,8.531637354503474,6.132960122141375,7.9318449026054845,9.031862290674258,11.357647852030418,9.45655441392684,8.434744250291757,9.999457737972916,8.42419065210948,8.398256638623351,8.991981358913842,9.390248152969221
151,8.128289723015712,6.141649232340562,7.905769301629219,9.165714426914272,11.836953545237101,9.501231367493506,7.836586069590838,10.374000171792485,8.724871458364333,8.809277119550682,8.738020866078884,9.705211306757995
152,9.203894994326328,6.344945709528091,8.129109851035011,8.370652069780522,11.03460935355864,9.419129622225366,9.396441484978919,10.056397083073438,8.279878640241252,7.791131766246895,9.99061429525554,9.449202682489053
153,8.936250240043128,6.5496547860297945,8.304908130619879,9.375113312337245,11.521482852525303,9.748448343045991,8.762131950958658,10.789907307138863,8.983655414737353,8.960034427630518,9.45296396546496,9.19003040164223
154,10.224031565785697,7.917551833325616,9.79704231377572,9.620200939754772,12.254796925742625,10.902048345414526,10.531816705664262,11.270709043879586,9.080542040804033,8.939509802330198,11.063817512905601,10.460365079059871
155,8.616362060671783,7.136019062978939,7.9587132947489945,9.339362008644184,12.338038421466063,10.492378403554453,9.226958048336279,12.181287508362487,8.90266065533187,9.072963188439008,8.726774714751562,10.36934347775972
156,11.502751110870689,7.9546544595131365,9.554362636792728,9.116414323026978,11.782117812890519,10.801983545769927,12.15452982981098,11.394997524490567,9.464041440452947,8.313882242700407,10.872572955590012,11.36147457334205
157,11.181790756033458,8.219214517381477,9.30983960348826,9.66591861707198,11.407751254914285,11.117724330483078,10.74567788092253,11.977602337471659,9.26074264411972,9.735044473089179,10.679139548053406,11.437837412631538
158,10.348308823280824,8.05888056879348,9.288334028347942,9.985516183305798,11.709555604150127,10.594099662611496,10.49782251428897,11.716128086052212,9.16084800393218,9.66610577602101,10.690133732765265,11.211460117934724
159,9.418498094096979,6.966286524579582,8.386415739362794,9.759517074894426,11.541407118247161,10.012778712298973,8.911448972643427,10.473485967054254,8.73959115781506,9.369310028774732,10.115772635896018,10.03978954590825
160,9.977626048987508,7.169793383656166,8.611753988923219,9.207485972779086,11.017152132102531,10.029004299493646,9.567220052510523,10.746393593527792,8.763326060970169,8.804187660320636,9.988056416023934,9.882314457083602
161,9.191350380665671,7.156081993008096,8.316383908326777,9.671192098253359,11.723462182967612,10.483380659068299,8.96073758710309,10.889643121542859,8.864777291162394,8.940741224960476,9.628149096040868,10.216092534259726
162,10.65395192234033,7.967671484509115,8.753989755806302,9.581435920691147,11.270371919928468,10.402382616645852,10.481877706093233,11.288467845519712,9.021875945782806,9.695947789033774,10.790978001060921,11.414252478307624
163,9.800896867232826,7.4200430604415635,8.905174420788903,9.460721674685034,11.602548952326046,10.683452798388778,9.756886804199345,11.572310944517664,9.126252111972693,8.718249684398334,9.649154854299137,10.621468521566564
164,10.373318617162154,7.340188785515705,8.700142741782589,9.603607935548768,11.39147196387734,10.384523872752862,10.046640341305679,11.061254280984734,8.976594341448905,9.215676287693562,9.871795292344672,10.980993131189553
165,10.035004808328962,7.922121473242026,8.196614331543952,9.149306290216892,11.442951163816673,10.445105188379172,10.210533934990575,11.77509646074811,9.724404156955384,8.863643674283352,9.311789597294322,11.651145647425352
166,11.158424194407655,8.212696146424308,8.349690196446057,8.748054421268359,11.294222935404395,10.539314602153736,11.359639970997247,12.050553911185826,9.681999751292906,8.308539283738591,9.473082494342915,11.907752212647866
167,11.321713655234689,7.72296873117101,9.587916401247062,9.017138441116334,11.751364055935795,10.690157335791769,11.7666541786951,11.340764721934553,9.37163135526838,8.377481315396341,10.447871553889996,11.080895789087634
168,8.663137911444284,6.428924643071785,8.43273908883602,9.525770581503041,11.983503824938321,10.4676896379182,8.798166081785975,10.491268773893008,8.687027833824363,8.154119260536763,9.244221039168778,9.492066208551313
169,11.414216685659746,7.254735476147031,9.107213388484393,9.29402582964677,11.210872942413015,10.424490870703444,11.027431474109157,10.705663014786836,8.883743442827388,8.410227746344372,10.375333851507492,10.10595206933849
170,10.827424330099372,8.827845879964066,8.23517829379848,8.911454230187397,10.9971306053307,10.623823349408255,11.486948193653335,12.384447093493591,9.512449998437987,8.57843029502169,9.751053608865472,11.852105993358029
171,9.168555453534193,6.808683166742621,7.753390439792536,9.620595382605714,11.546378724599094,10.381296674851958,8.650988140532789,10.857069127623141,8.924933265815024,8.81560591111112,9.148668876170015,10.138462306486705
172,9.359246199972421,6.889248887485561,8.01870805557297,9.578302722686143,11.321516540334791,10.09372159385829,8.694542656464966,10.706110055672468,8.534460057615913,9.000506879591812,9.404520763988021,10.047015257431966
173,9.43071622415403,7.457680873022694,7.729619309611415,9.509036633084989,12.017589081430998,10.525990150901062,9.055759407710827,11.39494187206713,8.682847794718375,9.1811832006818,9.535244958732502,10.230760155962628
174,8.751551320701562,6.376660514059708,9.098161572605651,9.798034922905485,12.483813619740392,10.301945685927958,8.469827883500407,11.383100672036818,8.66393878435382,8.870854112478675,9.390968643733823,9.484822659616473
175,8.811130451662407,6.490122190639639,7.823063631232467,9.736547612036484,12.288912302135211,10.81582924156333,8.390282831266534,11.564299694580203,8.84328515470893,9.02132747188804,8.99736546589546,10.360682478772585
176,9.351918673727601,6.3866221824241185,8.855331949721611,9.332591241771151,11.376650579346455,9.902297313544821,9.368826540596235,10.05484071815521,8.252715882996096,8.436631459766211,10.140764059916943,9.345818895449469
177,9.270139010709098,6.491852710826949,8.544187088502397,9.005833162274158,11.766378446048593,10.545174656577434,9.209101831682615,9.989756083154735,8.687035482786186,8.608391135826768,9.46947080853871,9.60129209281997
178,9.873048483381535,8.005030787688657,7.766860811948414,9.211317973874866,11.109034776300984,10.457406196810545,9.38830472516678,11.14479818293319,8.746746373240912,9.46093402182534,9.564288128385279,10.712116151505533
179,8.217675867195647,6.373639816684805,7.831165478582711,9.660264397751611,12.291344633436108,10.271513287476758,7.979733902642809,10.934738194275337,8.805923634883424,8.804076263197857,8.994841437130555,10.058624199748383
180,9.41305981178714,7.184301696887017,8.055905934142185,9.021767450281844,11.538269000591026,10.303365712720879,9.265206593505109,10.873382865058709,8.756625273206508,8.655291031799376,9.33292200684134,10.25218824943627
181,8.18119689396145,6.424106808030602,7.653929954142575,9.647775257211254,12.41189109780338,10.345511595088695,7.996904148995978,11.205782846540522,8.540864134256957,9.186301229294855,8.893946484828861,10.301842529953216
182,8.474330795964415,6.637924228701518,7.64108283433357,10.148741238582208,12.573972339251366,10.109213793880308,8.128330141629364,11.619652352155589,8.70940907468064,9.179662198254565,8.888891845513168,10.216578855117728
183,8.997073535687296,7.001180194512521,8.253219450285233,9.0639832674708,11.801032039557931,10.203776177741183,9.26143038021486,12.038356924540322,9.051890543137814,8.753923986850104,9.287608774829136,10.74821940266243
184,11.377037727156505,9.142051416742248,10.788120590799828,10.305651124966325,12.4249218607032,11.640007339403498,12.366120379538295,12.619485399378682,9.651549147254126,8.982035074870996,11.175959165670783,11.934329925033545
185,11.60549205913699,9.221195038821918,11.058219985728687,10.959470181479935,12.524181468015097,12.067199134483243,12.079638300157828,12.453526771979597,9.80268336685138,9.740788768276104,12.028623046023714,11.074395503924816
186,9.823782886252236,7.572563325298402,9.342382429424884,10.006804160942924,11.923657918071111,10.989100277614732,10.416005040232822,11.729013560622302,9.530451557900129,9.617238729174803,10.88546617959403,10.476244747272451
187,12.510291548041353,9.897228069638047,8.932292198603378,8.452873155979306,11.41139352342486,11.655554655076982,12.36618779904688,13.408792373018578,10.092445992794145,8.343320140951192,9.85220912256116,13.062076638074473
188,10.673660307124749,8.308903589783966,8.90355338952277,9.973971826650288,11.79985269903009,10.688977650979215,10.927442756161732,11.603634815185298,9.427632175898367,9.42182313417765,10.869984964527408,10.772019925474215
189,8.910990067943482,6.700149074619776,8.108397665871106,8.896134184325636,11.699952677003154,10.171402149729705,9.254167949181078,11.519546575298929,8.804319822373058,8.581429360054463,9.13075254418768,10.470703579421189
190,9.189171506381221,6.441561046448401,8.207995467980606,9.181776166119228,14.78462179383531,9.556868138743262,8.949082876412543,9.776534581910838,8.609747479113537,8.340869777154316,9.504557996319951,8.824673446690118
191,9.585268910293802,7.442948078705935,8.721665122107574,10.115323453436595,11.669801411217248,10.398274263747542,9.44458793917535,11.6694125828184,9.051904117456925,9.425562434528093,9.875595398277214,10.435044545526328
192,8.542214387996538,6.399242932354714,7.7568826743849755,9.325204151910338,12.70658749963399,10.120222862985644,8.278118724494188,10.972002083467995,8.699691338550164,9.071884781572539,9.003123963747317,10.293103131204404
193,10.76333474653731,9.219276799572924,10.365268199746803,11.157695761488219,12.459221591113435,11.529849422476921,12.022847390585412,12.987458499133275,9.750878025398322,9.74899914637031,11.099810635208108,11.12039322300478
194,8.53081924432132,6.550613754893196,7.7781300396805,9.232208385315358,11.684732369974839,9.891616815381692,8.268343123963135,10.485485643174588,8.508869373798275,8.996041358619767,9.24340624363827,9.697424506879708
195,11.56194337788018,9.584789907224888,9.985205609005424,10.43319253679747,12.140817888016286,12.01511074886394,12.246387099499586,12.542410626771183,9.885232640799149,9.801764805385568,11.558006666527646,12.001511643575446
196,10.645715261529915,7.760212345890379,9.057947589578365,9.212332111245264,10.768024615229711,10.089128220126241,10.51466284493324,10.915499554370726,9.190855666486744,9.110747027550385,10.454519176036673,11.405453067453571
197,10.27592180039916,7.9798944683249395,9.28135339711643,10.224828774323564,11.983753975783506,10.801944843182412,11.395518172108126,11.634573287588575,9.741901425451658,9.354232115754213,10.917286478489096,10.778009196020381
198,10.834013828143021,9.294480583023509,10.02889912958332,11.017042937610945,12.69192164308686,11.840982401900163,11.507461674472815,12.519188453109688,9.626040567071984,9.375690439013873,11.104537568942632,11.02008214315855
199,12.646701699135438,9.903534753217938,10.517078312523285,9.02231960842135,11.632877347650668,11.585542638246496,12.35231993003719,12.750449769374423,10.93081089856826,10.18764672479336,12.599437077378276,13.291696783911753
200,11.116679872861942,8.90270960799802,9.584331277097768,10.195375664413067,12.080710589708293,11.32463434339038,11.814966730708228,11.841581828801711,9.742857136956816,9.550813037213342,10.973654892765751,11.283087802802925
201,12.09722681140905,9.619338389018715,10.862458752548418,9.520035818584844,12.007242433908555,11.48711828106499,12.138865540394548,12.67400773323655,10.773003029328482,9.668359326687115,12.912048041113586,12.863482773129302
202,9.391208487271772,7.224362953223819,8.546825145929036,10.000803172013725,12.563252455641445,11.139855820286229,9.969636333452376,11.383739131272863,8.591402457659603,8.467257184298825,9.52844698064466,9.799452042888387
203,10.35486635121875,8.339846409857074,9.136524142569776,10.227318666571229,11.882467558644315,11.63310797591459,10.608965605675866,12.087755519505773,9.565599401492676,9.447262304738327,10.076771965395183,11.32107059394824
204,9.183208411129787,6.900062830475801,7.97443204531114,10.076235407720546,12.370125162187954,10.380495499139002,9.277998316515973,11.881778017641278,8.390194137225556,8.79601980536699,9.398622730493944,9.980019201137322
205,8.275757915899858,6.203327764268451,8.112371291724699,9.630703432686749,12.102970083499704,10.524183620918542,9.201568506181792,10.79163989611067,8.888480282113148,8.474645639585944,9.18730752572317,9.997781373410724
206,8.745225689058977,6.314643157146725,8.02420873122527,9.539664748744721,11.87043245280302,10.066233271150896,8.774191987576689,10.296537335971639,8.404689269579873,8.399450469164734,9.18812001740856,9.747901715686584
207,8.152742895368423,6.518590793462666,7.606880178537278,10.053240627035937,12.424750710538861,10.35921898926403,8.172436538799701,11.429971210780618,8.527355217981047,8.91691921679648,9.032109985102407,10.076086227850412
208,8.928926122937236,6.970382918672394,7.693848326354865,9.702853966464614,12.235447807717545,11.108529698858167,8.223057084538077,11.44220002129181,8.524716202012911,9.144627033956748,8.899522527796766,10.20882060990439
209,11.72185849800254,8.88144374802185,11.069116394464075,10.456491777417115,12.14345282936091,11.467673865375893,12.577686545725832,11.910724542344152,10.589297841487948,9.906131716736015,11.864323596134561,10.977750240271565
210,10.22449312151948,7.914677146765526,7.967920651971626,8.56609754537386,11.578920691919881,10.435179105436406,10.336197736764582,12.06425245604875,9.53671666823297,8.65955090944302,9.389495685609052,11.796627155017337
211,11.554767933031052,10.061967661816906,10.02636138225862,10.325025214065004,12.04521343014103,11.796809953459146,13.21151227121409,12.518730278115797,9.842679837962848,10.663702130740518,12.125092339214042,12.167215984560197
212,8.615162891493858,6.706460920280421,8.109011090649343,10.134331592748932,11.765752653084512,9.95934812770717,8.539173989723444,10.787985014907697,8.586822914501548,9.597543836612385,9.685369309542253,10.156016395904391
213,8.495788615261885,6.402102276412052,8.048748806695453,9.587485353116604,12.39213155735937,10.389365066148816,8.502667906637098,11.637451121780447,8.565839810915744,8.791936867100206,9.033286606498843,9.919533292224294
214,8.944295672391291,6.362514261770551,8.077116644331397,8.995796574845727,11.292990738998574,9.597841907495415,8.579393932739702,10.387843989688587,8.514491752094493,8.243579065608984,9.221915563789246,9.491581535361359
215,8.604119762251338,6.2161594043749675,7.964845205963076,9.130734284727014,11.142047675147598,9.424647056922192,8.639856136269215,10.14137739777739,8.488386588652485,8.155969911374708,9.29895184393957,9.598652979615645
216,8.811271908006567,5.998858086621981,8.01581395507831,8.698200747331981,10.722854819176051,9.36406763868687,8.620151242749435,9.963728761441605,8.18465962971862,8.06166653892241,9.236246372274948,8.77676886555691
217,9.31977459079238,7.392686672161022,8.552205326773109,9.693674327610331,11.886600372307443,10.313456978171025,9.132314630137671,11.34728905643873,8.41053857153123,8.954822971465225,9.29933337319618,10.443166511864856
218,8.217721400517593,6.296848296370383,7.692265137801923,9.509392038544288,12.124890613057644,9.79797654192946,7.670543359963252,11.216256543167248,8.442460416376912,8.916300483272439,8.793220745190276,10.111935695208858
219,7.9375430383345815,6.080849430141909,7.588776410924002,9.569662085966668,11.966814774972011,9.894644736581242,7.334344843266179,11.117925097187673,8.6920441973264,9.49989282742509,8.524116768431146,9.942793936651967
220,9.664982621972161,8.14686923490228,9.287703976248675,9.909160429756655,12.202126183518182,10.756893306145049,10.274636314324905,11.15370847454493,9.138880560958768,9.51072654927707,10.485658682835862,10.686519533847495
221,8.71158952615614,6.826745582050717,8.346405084142004,10.054129303339513,12.498360157669516,10.404420393196824,8.4200194216578,11.79500715000113,8.920226642044405,9.244324373658795,9.598512326353681,10.439064602015819
222,8.522978548142351,6.385291575447232,7.657827931346695,9.501907713298511,12.392845586236533,10.178466421790471,8.494128886786175,11.385262336114685,8.720526997805592,9.057977800316312,9.446781037215189,10.19291129564261
223,8.918477257027973,7.015530740088762,9.345738225731193,9.05373125509726,11.937871691306748,10.14091677213979,9.482419807359243,10.85255441240619,9.021447783171464,8.813811302182838,9.412721963357669,10.726481270323859
224,8.351739044291664,6.231272236143498,7.742317959321028,9.203630866651931,11.678947123849209,9.468142628539537,7.4405658939559,10.582883655348263,8.457059858299685,9.153314196197709,8.60615215999948,9.997765261889768
225,8.773044565211986,6.32132598899621,7.8492119301115935,9.443991768583762,11.893493160662565,10.263012097273489,8.530631472201383,10.535199423580112,8.61342001560299,8.453473872934794,9.267244128892251,9.927388107644827
226,9.601322354468778,6.751978744197436,8.011491335903916,9.479837612150952,11.18772857566469,9.726579884721595,8.397735710661717,10.280547367642448,8.280214173027064,9.601331620762185,10.088269976656495,9.97660479182262
227,11.676703848324669,8.992390014660392,10.421742668008886,9.674858940976312,11.837215809915708,11.366162942035675,11.03544089345915,12.092009786200013,10.50168716225637,9.982033372122357,12.921098616257332,12.044469958335624
228,12.07111578189706,10.318262399596588,9.898069013098812,9.601566902399997,11.966033690717442,12.365074019893218,13.658790635520141,13.513848293195114,10.83525168855581,9.450674611807273,11.083251090912299,13.13315926616776
229,10.988512701509041,9.07641865723804,9.342219597601321,10.197956472268377,11.401097308418837,11.219272397955685,11.040593462028593,11.994941116143853,9.578048712873867,9.70254476888542,11.025944478332049,11.901043290953778
230,8.866323030714328,6.4894453698853605,8.585128122261477,9.778727747388867,12.25770652107909,10.374851460171339,9.090176231436757,10.909066221711626,8.672818209676127,8.660893337778866,9.587064089204192,9.96707192968471
231,8.820851557724644,6.388134357309765,7.87943772854366,9.566543917632874,11.508270171143035,10.120373206385072,8.524666828235453,10.249822791059923,8.494976217400232,8.78343239443489,9.414533488390168,9.71268851321474
232,8.541435491302499,6.214580780165312,7.863322635674675,9.768608116291357,12.364414827271302,10.114886921392117,8.465982305070309,11.293459498469563,8.46005448630719,8.710989994839398,8.925360455520275,9.669926503289256
233,8.71728935017683,6.289153025006845,7.825779394487279,9.486705897928763,11.662094995348722,10.076081447870523,8.565193856577274,10.257478419134022,8.59274248608077,8.504519167234061,9.190381066956503,9.638907270676592
234,8.692607854474266,6.541428545550339,8.187294115206818,9.529033388701963,12.256736467758051,10.315930811220097,8.819551451706051,11.499227981190522,8.398429755388886,8.545452547678087,9.436161694081573,10.118067574041982
235,8.435264989055186,6.14140374386381,7.972256647702002,9.437966640264174,11.815909103438955,9.904450479529487,8.57796416074075,10.134180619393916,8.589574149742088,8.953173194203174,9.116759027854652,9.668190983856004
236,8.809403003951623,6.797877048727676,7.735307606917733,9.163156700614444,13.418368441175597,10.372726461418239,8.643792629311207,10.964708714300269,8.437305401393616,8.908182596919112,9.009377756981397,10.723813314540667
237,10.358021615829568,7.979514958580654,8.03489848265035,8.772599619277054,11.66245029413231,10.628299955694839,10.377529564271704,12.104171270450669,9.388243200800861,8.726695493184188,9.18312468678402,11.9951661213317
238,9.464408132420047,7.194548407540138,7.980675153170039,8.892217476448275,11.112618431535395,10.18419230098537,9.21954851099867,10.41302087893737,8.546831274126633,8.804219358096244,9.63415270409365,10.307488957772918
239,8.582550945532434,6.535610660743304,7.801107467913731,9.150084917520303,12.784049900823373,10.187907263214882,8.309787650715451,11.137955444690403,8.495477571626072,8.783636480217263,9.166089896170156,10.185731822531007
240,8.476342017841578,6.367844433730703,7.580910822020786,9.337662214199602,12.883050939339906,10.152878381901434,8.125701280806346,11.240775984090522,8.490263587843597,8.997896965049343,8.775442735082501,10.283243144871449
241,8.418044817497378,6.268442407329323,7.590048058182444,9.564594075649781,12.839358238611984,9.94957998194408,8.00931653747898,11.070487510582147,8.079670231145524,8.817119118163891,8.689258413436132,10.361189136249472
242,8.641283859240595,6.319948563123596,8.079473454893128,9.112547979972897,13.256451797238805,9.90848465174384,8.379233877358367,10.641981433341495,8.40477995416905,8.524640743146954,9.095565283738438,9.954083447197
243,8.957247823173173,6.826337035817917,7.842113809227821,9.013345956564702,12.47333977964023,9.987219164329815,9.014105271765558,11.453416531376835,8.920551133496208,8.852629011851754,9.024642934419187,10.78193764120299
244,8.954136847101413,6.496404131126356,7.853996412219738,8.801620735087175,12.891582173944528,9.74288939538291,9.1644806888516,10.575423323748645,8.419010789805098,8.542482072259482,8.939483204937078,10.64518878428766
245,8.941618980901453,6.774110097656606,8.009076883913382,9.213812418229471,11.841204799601233,9.929005409711596,8.920032903241808,11.152756937590333,8.46474300783559,8.719702174294376,8.985044316145025,10.088612429278285
246,9.015742769084575,6.284509337635896,8.21207482642772,8.627548371215383,11.87096342662684,9.552576884541587,9.02633726882473,10.461895047724134,8.458263928465511,8.325693667476513,9.378830094612155,9.82455471100501
247,12.281968945273022,9.416493089507807,11.125305484738277,10.036111485629158,12.469596204446331,12.177244663795733,12.782212663271789,13.684807364998848,10.594891764615038,9.756988953535812,11.957077947817934,12.103480973199055
248,12.46426180502837,10.939601458063773,12.254332688044997,10.948919373683985,13.222933143762388,12.99856958445141,12.86846794083074,13.556052136746892,11.485961492590262,11.588866222256872,13.860146006151842,12.986253971009859
249,11.373663043137835,7.609661758037973,9.87558022454009,9.466822868380605,11.55399561321658,10.618489338994298,11.240521650575921,10.672872254033232,9.052833720047149,8.418639669233091,10.806079981694626,10.10897581005507
250,9.233865610831892,6.96087148429379,10.202998268153873,9.68467972395057,11.753532003885516,10.436477721194086,9.248364272284057,10.46616255251979,8.850218355681383,8.801425133974753,9.973026516199788,10.006335928952176
251,11.069667235751837,8.351474147726947,8.669326586578649,9.042757256566153,11.473203098476088,10.455595198154647,10.989541634957842,12.104043197647467,9.691689986095332,8.690957571495261,9.910586769962388,11.687510322315218
252,11.279928987620682,8.393818483317927,10.75151460106524,9.89117833605153,12.305587351405748,11.467476046059158,11.201253326310072,11.187806847408215,9.532308922475016,9.204624893396161,11.576846852983675,10.581508527296545
253,9.219272332199148,6.773171575410817,8.603745006307626,10.00169694928541,12.234800557224544,10.814651084184085,9.090519021280183,11.26775878630199,9.058985025736575,9.228026763099336,9.990381882356552,10.533257154885991
254,10.034341032789465,7.950093367233353,8.587391048146127,9.979164617300587,11.664625953591539,10.200555488169208,10.23508798181531,11.039148511189442,9.230947254467303,10.216833962278377,10.652437556315801,11.053426264619945
255,10.507603087240664,8.834638760957656,9.581889340317186,10.70193409591261,12.116692373683989,12.058467899743029,11.580105205195633,12.14077509779025,9.848534115248537,10.14669495481587,10.928586825625786,11.280223203120672
256,10.468064596830656,9.117364880245017,9.384394331132711,10.176278779259789,12.403587690368077,11.653216097180504,11.88802988168537,12.442987725976229,9.749640104885847,9.945599701562243,10.094162358087226,11.671389549965564
257,10.65245593465194,9.069038314472087,9.945798617476964,10.207880892042779,12.022710553715163,11.947683242828756,11.812977663280297,12.61208422404561,10.457902947098269,10.753017469083233,11.598745678413627,12.440436018899907
258,10.937143188821512,7.946500967807818,8.799468225493195,9.692041927952534,10.653582215334236,10.091448323045102,10.019130662335744,10.604193253681109,9.345964395329107,9.907300519689048,11.65611549661589,10.974569988059987
259,9.60888117011302,7.114240906949644,8.244495934970553,9.9236376334387,11.406480418089547,10.007164823725429,9.609119036423644,10.679278255983657,9.317459629642768,9.663937426359208,10.216154448833603,10.096170574648557
260,9.488831876489735,7.379796576039804,10.757419054687478,9.848150960257927,11.627549253994044,10.173887950234132,9.161086482067665,11.276311017217495,9.161077562400854,9.146683647891885,9.547373203310753,10.333542895375036
261,9.16460299851796,6.815601692182145,9.154039825753232,10.025830702739672,11.942641162674033,10.478229175744243,9.766108115757483,11.343504957129598,9.324748532219246,9.45866228059157,10.189578550482121,10.339256709872757
262,10.423383180742286,7.504431227820835,8.79743212243682,9.458673133847068,11.52864496603874,10.083805229448975,9.389295404479338,10.549411462669458,8.928867623149436,9.54052300870616,10.49628621248164,10.55748700289752
263,9.604926966331469,7.432499604315795,8.506560112882552,9.835906113386812,12.011806569613054,10.565688218904283,9.543240339394211,11.591856533495758,8.716018339635976,9.324930676096933,9.88202991813625,10.229254868233351
264,8.608800287817337,6.429640949535976,8.232915066231257,9.715428342902879,12.326028756165044,10.277630901104189,8.244482326047544,10.860016195636577,8.809978915939565,9.163100279266043,9.223823517359076,9.929848997540713
265,9.276603474219872,6.633575830849368,8.474160166042218,9.596324536926709,12.11549371972961,10.302491254573454,9.082227523114065,10.2275812656648,8.342506137353661,8.055628283485994,9.565062555415585,9.775841350102183
266,8.410839197354587,6.558707576360201,7.55397081333687,10.040262233932154,12.98998767998776,10.161094829458175,8.21954883332479,11.346832842714168,8.55872979396047,9.162606901935277,9.116858426281713,10.26301749490678
267,8.408523459406442,6.524213705067837,7.691110395275352,9.48995456605004,12.94404905227409,10.110565881395365,8.015186080144744,11.130284243841437,8.538047286804053,9.036453814258365,8.953212280476897,10.258943561497421
268,8.35694637740551,6.396863851820552,7.579831414179191,9.65259412676185,13.0449457926098,10.205382521877937,8.05717997567697,11.705205212830402,8.346607380054401,9.195576565275342,9.130300772466065,10.264309859784436
269,9.340441546865955,6.950471262211447,8.044396415313917,8.674024980452128,10.981071653676928,9.91389436173054,9.52341552008631,10.915078685684335,8.539966316804687,8.149627210453387,9.305885090302157,9.941504684208095
270,8.936561207633426,6.656692910198314,8.68975850883407,10.172519875188504,12.090448845279838,10.35965950915961,10.16897217893915,11.417629135235249,9.641294817331472,9.223719688606135,10.019958406805685,10.130284088888736
271,9.063318156311732,6.880610799755177,7.982672785633998,9.18566676162545,12.608750541460044,10.266966474386507,9.438159928010636,11.833701200429061,8.853767302942355,8.93543040786582,9.310206059012687,10.14691309057114
272,10.045957582755065,7.069036817328213,8.54047005275142,9.51055273531231,11.522569019483932,10.220055207850514,9.637783872900977,11.247060478121728,8.824012719988396,9.393967114346207,9.892725879805901,10.583499631427298
273,10.015336765770744,7.548226068059246,9.166551134376945,10.177907692037728,12.25974478078058,10.998980942596766,10.658944428389738,12.042102446410691,9.121765116744934,9.71242941340328,10.3106349263652,11.071079127200225
274,9.508292781802744,7.194162727186939,9.150507769467131,9.764886560778544,11.717395328111145,10.558035050417395,10.079700195346192,10.697530189610667,8.843005204764431,9.192544531678394,10.278777522578938,10.163580319531015
275,9.970167003776066,7.344351061451871,8.62493032546133,9.746313854281723,12.26359699932772,10.477774820843269,10.458208077970479,11.85656629293657,9.021169296580947,9.150719431324351,9.729420304137001,10.461769076595822
276,9.34335490440353,7.476778589252033,9.123927747136728,10.109701623668807,12.352091912722052,10.909087111547407,10.453678210582142,11.339074342343684,8.94397757719337,9.464691787427048,10.246358413885567,10.1749090635784
277,10.914581996225387,8.802797410355005,10.33664465181722,9.83699815077061,12.035014920025993,11.349535575709393,10.84932835516545,11.721600565875644,10.630820358658061,9.414086455507237,12.381075128538047,11.56248604467995
278,8.722679785195734,6.511124005491257,8.122403833169503,9.658007269062587,12.03791370225792,10.364935457872168,8.72647049854736,11.05563619903061,8.898678916800106,9.019209337963495,8.998610234490904,9.719777185323622
279,8.40226192247207,6.286005301270155,7.706553779743301,10.004541090117106,12.327803290413723,10.068080198483225,8.177074216781431,11.234275266538077,8.64684710301684,9.056346299283653,8.92852383958665,10.047883001529465
280,9.359621160176799,6.6089328830199126,8.147202458031646,9.402855270828558,11.466499097354022,10.18048216374397,8.741692147363963,10.380649992012295,8.25596634074964,8.46816391645801,9.272103410573434,10.019587543926132
281,8.584027954259007,6.427994640819845,7.685247303342715,9.34530933033234,12.391734624635374,10.069499325376745,8.366687178433303,11.424862189573748,8.33440762053961,8.717828811462402,8.891412133217727,10.192839716419005
282,10.556911247888085,7.759957257170125,7.853657245230195,8.250390908426438,11.271278892748885,9.677352790420708,10.560928729007017,11.714102161563105,9.161389878569405,8.740150668490571,9.538385200306543,12.188158994994977
283,10.64436898287509,6.739049338504497,9.12777466443595,8.71004907896496,11.136106749879403,10.45350881644428,10.302346663486784,9.460821877763523,8.80957874818272,8.109171750399865,10.27438082805879,9.998475060809714
284,12.249916927350643,8.512140381546688,8.971896072841789,8.581266558791759,11.189803972557957,10.61706950190925,11.61300727288005,11.959486515236957,9.615914109010177,8.786937418074817,10.785624192766731,12.142615416163412
285,9.405272268184845,6.663964404407878,8.65023640630405,9.368798078584085,11.964138510073592,10.717235011768992,9.324243692924199,11.115619853427795,8.968293687600063,8.451920146419699,9.31902050311281,9.50786314222457
286,9.67409880587249,7.003326357220683,8.785557354182735,9.525880633755992,11.728694328583334,10.377826875405239,9.625049049307965,11.174167260290973,9.064267724813163,8.802579985667737,9.335698350774015,9.892644677516829
287,10.869620236504641,7.270557095968272,9.279072855652144,8.816734465067434,11.489504999485245,10.314951732561077,11.246590351853548,10.442039143840034,9.055007344276845,8.533350893653774,9.844164503602666,10.411431388822354
288,9.729442745800194,7.8678915911480765,9.593830778869679,10.26901954263492,12.207742902756367,11.235448946924567,11.31018318560291,12.104011424241758,9.200533739061338,9.938383352055888,10.572068744062133,10.914067793689082
289,11.548635958615366,7.53134662948151,10.029729426211135,9.840234922585232,11.28834635944887,10.55229565062652,10.926158161564306,10.507024603494258,9.533724388112024,8.74740042889354,11.179235234014374,10.138908105955212
290,9.44380818960989,7.681950718134392,9.053903338366963,10.384899659097346,12.28744612770813,11.422883246208606,10.13604337935499,11.681884210335488,9.128434568709498,9.938027713447955,10.286578203921344,11.151145612775874
291,11.527419953908055,8.743168999342046,8.830771365342496,9.946308756392462,10.692564243388007,10.320990164693296,10.502454528421021,11.838310251479681,9.087096985818112,10.511615470430028,11.235130076917052,11.807077971107482
292,11.13350519655019,9.092067595782698,9.270658447469797,9.703724666838308,11.593205259726385,11.322346998646248,11.860857848766255,12.436775093284382,9.70818087600032,9.281854947060289,10.825181008482861,11.740111556262262
293,12.113629637249446,9.88208844793248,11.501223212828263,10.639359699379973,12.67424806629918,12.393227468109744,12.814663206919358,13.391983899876239,10.30721818440245,11.175935054712117,12.3102554584598,12.156315527032259
294,10.460362243992488,8.574031946305332,9.53332738597859,10.207798422596047,12.031022671133545,11.430845212255887,11.206290046866291,12.210795066392695,9.213750074517574,9.67400804904027,10.685218892048013,10.96540449258216
295,11.943216943437722,10.750410340901755,11.954908895882435,11.142623546768622,13.393165028368674,13.735028574627982,18.02937289835446,14.044388840022357,12.944183844720873,11.71778045875906,12.662833594891513,12.81793055174829
296,11.18763027555589,8.519170629567054,8.564320891669315,9.559306539923732,10.886687959804222,10.245400581622656,10.84845542691706,10.988934105409054,8.934812629356433,10.831405682633173,11.858569619477404,11.474244937774813
297,10.81638906261519,9.257742342554364,9.765288928476242,10.504740661934239,12.148365104263071,11.977404425815463,11.803372978460896,12.755283414513526,9.591815329157276,10.531519498779648,11.418790091782421,11.882110736432537
298,11.04753996447166,9.057082913657554,9.685923521661344,10.849192223321579,12.022610015611143,11.585143156600788,11.940104092976785,12.877832108162313,9.54025312773019,10.38720628112441,11.14736091796699,11.681639125022038
299,10.851180680929499,8.985653282123089,9.840488506955039,10.272737571012772,12.274957429196629,11.715311913497224,11.619202195012996,12.500890658391668,9.49705494464137,9.875990796900423,10.930921763261432,11.810549398968742
300,11.744329117479214,10.39101739267588,10.739825912431192,10.81916093044114,12.543381295244984,12.321562407942364,13.660276975951355,13.131154672250993,10.480412393826521,11.371708913635466,12.326095359515524,13.035178999072702
301,10.945354598342135,9.067371250720246,9.792322649953945,10.253084424307207,12.326764592325404,11.789201257116682,11.559135231942122,12.29743956051712,9.654013560430046,10.012470072578097,11.088417732377842,11.836508188638716
302,11.743852625931746,9.848493875346625,11.328448519221421,10.439009328743186,12.855053757332957,12.434684032173756,13.12341344249292,14.657405542963751,10.399244238891246,10.666868542636898,12.389567658747808,12.652457434456206
303,11.301528113329802,9.257537073799595,9.833771239712107,10.083561703473901,12.08083525976029,11.616539600598694,11.391193012616696,12.252831913653154,9.711685120970017,10.265978070173809,11.347245184424043,11.979697501073764
304,9.845414375030785,7.845540155967735,9.564237198872041,10.222776638948826,12.249441334613682,11.514196497100144,11.518656827800424,11.538185049109876,9.247776356390942,9.551210204544233,10.50076990450949,10.574672396248987
305,11.384766120655996,9.290075451440162,10.99835010780463,10.406252799641436,12.737056670290514,12.000208068392247,11.897572622524436,12.542105769257518,9.744755334923394,9.791239567699709,11.81095491570992,11.393144766038873
306,11.557888629991297,8.219801802150997,10.7553313126263,9.093008615696762,9.877115645926189,9.706215126490095,10.140012528844746,10.11133820592758,8.627487117447089,9.661194232929258,11.752292633491365,10.986175358965205
307,8.188896894648657,6.271888579631127,7.742477486493867,9.711859305629375,12.484790234806095,10.274417745368922,7.592929019477502,11.415148555530783,9.039143738115444,9.342948697401647,8.789511038678533,10.088192682958617
308,8.791682367061284,6.432838059261513,8.014339774787896,9.036967437633683,11.452257441077167,9.976928685306817,8.661384408892339,10.433449417022652,8.793613711120532,8.469761436695869,9.207611673849922,9.309067396322625
309,8.03375621903233,6.450607523235544,7.6478809137119494,9.506255316358907,12.63989886997011,10.268864317155451,8.076869039537998,10.847905201048292,8.720618673712526,9.107918753763649,9.020755603363234,10.287162563839244
310,10.360123116765898,7.625644211111559,8.005112625337873,8.533759075122756,10.690382686759245,10.026901778801168,9.41642831736048,10.719757928462172,8.67143423383278,8.66616675735876,9.741170480944813,10.890860219118125
311,10.68052485977486,8.128194318110612,8.056724714257887,8.369822431955905,10.737947473495163,9.886400611397741,10.148185450750379,10.682392892549377,8.833690450021127,8.690814901649512,9.98571170366807,11.085259446375591
312,9.669391716354422,7.080976366637943,7.8409147806116835,8.884402926571912,10.78571600386617,9.891304403768332,8.625408128748656,10.851066809709959,8.601683713079868,8.982538668758847,9.310772583463823,9.751005824160512
313,9.92062681441185,7.722990855043911,9.450805302735125,10.036832127275712,12.110809932800695,11.338748964117961,10.620538507700434,11.601854372597746,9.190411055314502,9.166898421263443,10.528980660854662,10.740629859662953
314,8.35096710367274,6.2867980078952055,7.686465620760904,9.556280937438318,12.963957548105814,10.333418091518032,7.94797354682032,11.170736952287395,8.422998121667884,8.942161913119097,9.262466038086343,10.092002676679327
315,8.81397187318201,6.640717566982709,8.381538873588616,9.738130332334217,12.324917569529585,10.412796401969858,8.759946498780405,11.257601741038748,8.870665308951162,8.935354691988909,9.198212196504597,9.456553120872833
316,12.116116336135109,9.674503088364219,10.822800575670914,10.105217915907481,12.251545563406836,12.048657348745339,12.496571639578463,12.921910528198644,10.821933304720734,10.208219172858987,12.861130193580548,12.713790790887103
317,10.373647578709566,8.590909717581484,9.327713237605892,10.106260696130207,11.66861731299897,11.488213490007816,11.187820063981276,11.951051256714528,9.30063960358921,9.43558921101771,10.721543942278842,11.230175395386407
318,11.211489950785875,8.76439010475709,9.289213276916335,10.014681348205892,11.749178216790213,11.084172236272913,11.08824689422013,11.549130314164469,9.342522011111267,10.276460741588775,11.31966288077193,11.675434617889774
319,10.90514598571515,8.033643493260483,10.222865108786268,10.263132492217796,12.116804046918865,11.060595107439454,10.718409513975146,11.830295289912026,9.663470764098834,10.034176335592417,11.385200050623778,11.014916429041138
320,9.982104776635067,8.008164790680334,8.826802556069966,9.695880535648293,11.570367465016037,11.099442695161962,10.794974991827928,11.760265799022696,9.503224683834464,8.993934461445937,10.033179318546061,11.002865459785031
321,9.874984659926525,7.7836354070060905,9.044253497369686,10.034418231251216,11.807122629320517,11.218758126459187,11.056693508859446,12.034356714389025,9.517597749520693,9.593834951125444,10.291584754392328,10.44392810318222
322,11.13240364526305,7.220152921285642,8.927810211318038,8.582568937836173,10.729729799320197,9.47218718792774,9.644963637740316,9.28068044684451,8.73242035464016,8.581088457044736,10.850579423701921,9.804882611070903
323,9.489185324815683,6.4976566471602295,8.500311158277306,9.144825791762171,11.5445382870192,10.489319523989726,9.050421070850842,10.515482724856872,8.899214046896954,8.353601358870863,9.174507028199024,9.560035003116823
324,10.84355701946744,7.8251193835056405,9.261364508336875,9.633506923120702,11.871611126384412,10.713254749308415,11.563530519239993,11.350004609246227,9.409134395850076,8.803579405557407,10.202235018528803,10.849305446982829
325,8.88467484053863,6.557038810818156,8.504695722653093,9.434632546011747,11.979860637285068,10.306199521478645,8.847114899769554,10.190497304985735,8.82908861710947,8.64395366891773,9.400783846111391,9.33607011225647
326,8.971457868619819,6.537491065033038,8.479867324538112,9.87350502865095,12.045150530043923,10.36988456996956,8.99701532663679,11.100791521290493,9.01709505121141,9.095618124703554,9.738415433726741,9.666912250621667
327,10.989334264664073,8.280708570390916,10.199656013966681,9.977200090650088,12.201791831140824,11.65607031925789,10.282472368168344,11.50485985130013,9.890802430109769,9.515033482923284,12.46033216351591,11.358014482764817
328,8.537163585987496,6.607587755379848,7.789491529945375,10.167128199057046,12.38012848128535,10.243297134166415,8.431551262106739,11.580913293248301,8.64577228995355,9.170220069987295,9.453116613271838,10.203738040053114
329,9.521928007653736,7.167818230031109,8.546047821844155,9.405287014539756,11.603848346508906,10.177704205402911,9.729109173962401,11.184533932867968,8.555591765339939,8.708799845021016,9.145170794272937,10.317484593666599
330,9.270445354876559,6.43869950648021,8.436028323786925,8.53404484202168,10.864081280129557,9.690285917413107,9.296131310742371,9.160844017746577,8.470384802588283,8.22423400401724,9.603169045654832,9.216282697437414
331,11.549627792687701,8.027709037927622,9.786080143293704,9.67006614630385,11.422207897372939,10.604731581593054,10.730831768845682,10.49064065039166,9.363409199092768,9.023037713344397,11.62982338872078,10.713612783292639
332,10.012283629933918,7.450699165151406,8.486765721999337,9.320062354571737,11.186644725702987,10.115005202956297,9.364243638776873,10.847180935487483,8.922144782065935,9.022897411197931,10.21206605844674,10.801863390157491
333,10.979157198077207,9.274721307155575,10.038063043643813,10.572106116697581,12.369085024167195,12.09591367039775,11.927362695962573,12.582176311023227,9.767803491882665,10.436954172055074,11.581756250013086,12.544459654380763
334,10.740084659025317,7.92181196206326,8.607967336881519,8.845456121885505,10.698736962704015,10.020969515057732,10.539365439595672,10.809116528670621,8.948095750521276,9.239603593148164,10.382146252731681,11.622784776875026
335,12.704078747045253,10.161507045930511,10.90033897595119,10.317327869884652,12.041554306427859,11.866936043385676,12.704379083240887,12.742148354358482,10.40286718527172,9.050921360466146,12.075815551132756,12.579968510874751
336,8.731648073413078,6.342876121815969,8.162615268208569,9.552604832761256,12.258858162530535,10.477005396460932,8.765273208887555,10.553871449818674,8.584393341001709,8.40235185088415,9.191782224585268,9.451617292425901
337,8.4823901382696,6.330499727027716,7.745258447607016,9.553047535928483,12.06088300410567,10.059024813588174,8.424886476713521,10.54574211021048,8.493803883501396,8.513917473809054,9.165173311715314,9.867777672234912
338,8.838491621039315,6.851376098026595,7.9554065705828085,9.594683560772031,10.67404394621979,10.261249639623735,8.555477247723239,11.830985307935524,8.40732139076399,9.113809855444103,8.710611317635053,10.283158076796912
339,8.646947085940003,6.3830773838601855,7.856785735235034,9.76354266225001,12.490112645723254,10.625357173544057,8.613483536940892,11.55035915988242,8.773097778621416,9.238017685977907,9.31818944034855,10.176670229376471
340,8.504615035333966,6.262354520107623,7.683703346057298,9.31065884139611,12.48659496580435,10.135848232801854,7.9554050188592305,11.115551438613481,8.603851228243498,8.895842628868177,8.818713775050444,10.71365638340781
341,8.721517145987686,6.702836413163993,7.8694130120445,9.234576927059134,12.164937656997598,10.450671476089177,8.651362947200527,10.760969523146853,8.71832897370945,8.775370792680942,9.330328302487871,10.45324125874873
342,8.782024355629307,6.6603828935466,8.12985762448772,9.090430240687297,12.241611533070708,9.97557670451687,8.580097216710287,10.351559037435308,8.52213670405727,8.435436803931095,9.26217724613926,9.751712578646512
343,11.759399674768607,8.78871727826902,10.855221424678131,10.06355539225705,12.243785160593767,11.422851592575151,12.377902096246276,12.166839310188902,10.524535441256324,9.90729261013633,12.205179706492826,11.21011800159646
344,11.098984926183569,8.032075539403301,8.755420954670507,9.440274152134059,11.498488096774402,10.723919641377194,11.437153095126313,11.637354364809035,9.35156746826916,9.09861674189764,10.179356382222638,11.48874875496525
345,8.885237045275124,6.394371683086748,8.421650604601268,9.663356620172614,11.940208361920941,10.086918007531443,8.80032042186971,10.640187352993959,8.804872120659502,8.489471535340531,9.15204896606706,9.756327382557807
346,10.181753693445033,8.676676900558704,9.473700364509067,10.489086977241957,12.177715534200907,11.805566243471958,11.128448662042166,12.245532915903135,9.896390186292988,9.671902129509283,10.504715972451699,11.271947083048135
347,9.413873170943528,7.0426318843407465,8.550595497663807,9.763077069134873,11.556362778288563,10.31986024201937,10.008995151914164,11.01163542645429,9.390117707116385,9.181959914112102,10.042032362014503,10.107706838076563
348,10.241675050075727,6.3872536081856595,8.928930475324094,9.329553519518754,11.42198798452543,10.19565569622792,9.750544179702437,9.90180218063526,8.995701983974651,8.646541954915445,10.450191144914768,9.38363519978492
349,9.638247852329346,7.0698806125181655,8.816645951062894,9.590759889543321,11.728243244117412,10.489015708798163,9.53794403425247,10.960481627103222,8.907478719091516,8.859962702418438,9.710997151872721,10.513278249498217
350,9.790970813056234,6.8752304052153015,9.59224513315106,9.345239447142882,11.660332858466202,10.688850140217982,9.875285497079355,10.039136897239521,8.972391726924464,8.183245188429835,10.6867831644389,9.560546366621505
351,10.867373127183647,7.290824107321836,8.706691056432746,9.104731486854229,10.51614613888629,9.705006422536584,9.893181347115265,9.509554082236077,8.769525037792139,9.364624264605045,11.082528417215181,10.079345747434953
352,12.450127328717763,10.093256882241901,9.687563357750356,9.256559372252088,11.903172022305494,11.669429787598538,14.04353873300704,13.880143287833548,10.40614517876358,9.048329948930386,11.206029454241335,14.374292465874019
353,11.674208754753353,8.359741255553997,10.703720097950594,9.981869105845899,12.110123441785298,11.295115084582932,11.86206677002611,11.901126297015352,9.638114260782201,9.509032336590515,11.858767582966212,11.12561172270416
354,11.751289688514255,9.87648421160771,11.387940048447824,11.164564234105937,13.21515192823916,13.052939422764723,13.162888323477437,13.474805085776175,9.961524723390987,10.273961306013385,11.893770702302277,11.861178991980175
355,9.162991320977255,6.789369416164215,8.370665410611595,9.868075141288449,12.032707826350403,10.35092981130298,8.690290950907567,10.893322360280195,8.755707205708616,8.704948551213723,9.615323356586917,9.978632616598809
356,8.889534599599068,6.638389849860038,8.154702031143174,9.6265032448593,12.556979956099397,10.380990495418517,9.167871223797771,11.112984277806628,8.497841565989628,8.639627746360226,9.764486852665513,10.085190827633689
357,9.672177014333549,7.564546543719402,8.432556849500278,9.7043508152153,11.558144333509052,10.269880857732124,10.290530667186637,11.73744530193115,8.997480691870393,9.339536514492321,9.917948270737526,10.577738951346266
358,9.232964310294154,6.9505423802404875,8.538187710838365,9.748503126904325,12.132503558307725,10.51057539969118,9.216815964586292,11.162403893439489,8.870696729333112,8.356405650386627,10.379729534374853,9.796004282519867
359,11.268543074810232,8.542982006898534,10.903053201283452,10.419126521553444,12.748227140607526,11.666905721844179,12.113118024758538,12.060518094478216,9.873774297848605,10.072398165815514,11.665088038641644,11.04599522086356
360,8.813212968081235,6.77012305452912,8.42657790497718,10.17213679280821,12.099880939213353,10.213713701899703,8.455600857970751,11.313407202426852,8.626645325106644,9.336676995264423,9.328189159798992,9.95315658281055
361,9.998950766283134,7.489320969642927,9.022193186194922,10.17763926171949,12.268725373036572,10.917355760716358,10.483497336009236,11.71642315862651,9.068079703318189,9.12628915317634,9.976827101715479,10.3369428985626
362,9.890411587286824,7.366755685610864,7.978311402128773,9.25188446154361,11.654008017542214,10.281609593775327,10.329116654141249,11.207804179623572,9.487738180207247,8.357537871435024,9.800136778405077,11.086938869360754
363,8.99854503552791,6.634142573041425,8.26303326443039,10.167561755764552,12.270944089749255,10.560848349012485,8.995292734539094,11.463765024375911,8.99190564813805,9.024827391356828,9.316411596125302,9.81193786800693
364,11.759035363048163,10.232357731190879,10.479787142516013,11.104292732974187,12.263084131142318,12.679140911528798,12.390209922886779,13.709625153575772,9.826993720298587,10.346681989464969,11.895205132716361,12.386122144579907
365,12.198635407245785,9.884933735538581,11.606320738870192,10.538660060842712,12.565844794325345,12.12512120186576,12.821394633702388,14.08716760369706,11.107899774371543,10.593189983703265,12.641158154902246,12.238630608000008
366,12.00784574016945,10.743843564284603,11.456772363633277,10.559543027958085,12.87144014361821,12.819312566868206,12.90323292148624,14.247844867588281,11.537789282779272,12.018021137232278,14.041432824721053,13.455180186605723
367,11.931461291597074,9.305940382110416,11.584086714668743,10.664093970575612,12.815987325369262,12.263825663847047,12.377565188301947,13.885500135736109,10.416899826608416,11.264440043433357,12.757556224533456,12.535141299526794
368,11.24573062777267,9.269682924326565,9.360301890670694,9.298239715162335,12.309362236294898,11.722374652157317,12.963817061140215,13.465102672039436,10.041264077211734,9.255894925587935,10.480744298163323,12.918285879630337
369,12.401882771730623,10.960823466664745,12.186022659022822,10.935854760030974,11.633202658523267,13.230684604255284,12.568823963016605,13.493853861237252,11.2288694189233,11.301083651597892,13.760721874542986,12.783435560869483
370,11.54089179203386,9.821880634276797,10.119652074591738,10.372216641510073,12.384571906928663,11.880257176589033,11.825639734620374,12.280731475601742,10.382937142671656,11.274575891576617,12.490402987487776,12.907403565442007
371,11.106884185682981,9.573870031185084,10.24962142032441,10.611871069792368,12.549960643066694,12.396991047641723,11.965607544266295,12.78861708693854,10.105845225930214,10.958497945225357,11.953774390952887,12.445670097564879
372,11.909600830838944,10.10793133252007,9.98741229063797,10.378028048350997,12.174144534226329,12.057724641998899,12.634893636652212,13.177720382716169,10.18093514914268,10.286830882561441,11.378114335998854,13.271088892402517
373,12.10456059839815,10.040549505154416,9.44487114321791,9.592828067638212,11.15772372974308,11.014061475490875,12.358821781143122,12.286124006705194,10.267525038819498,10.003711271091817,12.052268214509546,12.269502851409461
374,11.12281640952991,9.448098692153017,9.422673780473223,10.206275097248929,11.673608853710068,11.468349282718357,11.992904276921868,12.295968622728443,10.069368096113353,9.340361107727368,11.104905582853675,11.70035220905108
375,11.44951923578607,9.040755288620941,11.273881034464882,10.300025880883101,12.792283817659474,11.979089833945604,12.073176837777876,13.301217825490395,10.062508679303576,10.610196901793536,12.47697942102101,12.162900377493248
376,10.989968756440891,8.99247724287749,8.782100359613155,10.041590985779068,11.102795749974572,10.708170207798103,10.968530426257402,11.050214418959133,9.154060313061958,9.78795117471044,11.33956394322113,11.204591919078688
377,11.723579922525467,9.43128159198836,10.950149611670978,10.482977625718114,12.610668488196747,11.968630973438408,11.446461405995286,12.034316867079024,11.030523298752446,9.641799943833917,12.381534580615467,11.586247960868867
378,10.77978347788842,9.102215581044621,9.351082691284102,10.193358130565818,11.65304673691168,11.237951853685008,12.031008746788213,11.888710847140814,9.382846401771811,10.498036866499687,11.595969990279064,11.632165431842076
379,12.638085074316194,9.5352147967387,10.875393070934964,9.548503578870733,11.523486126030164,11.199782781420552,11.189691524932975,11.395702751965162,10.6534379727433,10.710546633025423,13.425808542971561,12.480169136541182
380,11.745124408419716,8.888195600688704,8.83675217720803,9.355653109917435,10.902029243481623,10.734983509553405,11.550600928520739,12.289214048156119,9.40227594312297,9.767304210084514,11.097200233773671,12.416395661670236
381,11.947087813583948,9.22373056944602,9.506864849213098,9.434385335683082,11.026272709506568,10.9075616991435,11.156062670369852,11.359458424672532,9.742543482287058,9.639619163499026,11.861814956249916,11.825966430131391
382,11.005076775169153,9.133762010303807,9.6265809642391,10.20838365313347,11.864811441361713,10.7617164596119,10.809301903578564,11.1260671680932,9.313887240551725,10.641630916149996,11.643618576085252,11.571165036078341
383,11.697880380504444,9.766181920927306,9.493082303277248,9.816912838301338,11.595781706408651,11.533090289822393,11.788842976760602,12.609940570836898,9.717407096365806,9.09653675977896,11.149589375564808,12.412846078522072
384,11.76421474870748,9.879859394237126,10.213544979594538,10.510247670904825,12.105230204895342,12.240099414481687,12.824512529412532,12.177577418046633,8.681789734129831,9.283854833725531,11.484526005546758,11.579498465070845
385,11.862880273796053,10.072743241992264,10.375001199413486,10.46205868003501,12.415014882469354,12.343394900471068,13.3517867180029,13.013469795302065,10.688810446462146,11.121036970872568,12.360764397822157,13.28838691150936
386,10.635484056228114,8.3863241194989,9.176441491727235,9.843949814307248,11.560059410736168,10.629440749812796,10.245483799317054,11.337782272230665,9.393069776422173,10.037746947958556,11.212051547040133,11.25937875187553
387,11.595045887398292,9.793640218111516,10.177060078354852,10.502979665856289,12.240291393555427,12.079264918367944,12.194386014443186,12.866025402340926,10.38736004189445,10.61051423888296,12.090443970131393,12.580641199286719
388,11.512892410862388,9.580368604732817,9.814220739495795,10.303039974758036,11.78097334077021,11.725462206697523,11.661599562680356,12.332836422778499,9.83385191775516,10.417790456497553,11.60875481245665,12.15247812431528
389,12.502870184777025,10.477263112098845,11.82166753758683,10.280484213866242,12.677051289229917,12.129659440356976,11.980365417119902,13.126517535926785,11.227755467471303,11.382487697671765,14.068722092367079,13.314153646835784
390,11.898073150389926,9.31752830338677,11.040357710380082,10.30226864095622,12.38695314387654,11.768976863570131,11.725799655365172,11.825622797215615,10.420758939803228,10.409529423912776,12.488983987160976,12.223433779892872
391,12.14613749833023,9.691305138547637,9.800593854182626,9.505977122916978,11.91800232241524,11.746372593869307,12.592905845109767,12.441042808086426,9.937615592680679,9.065147144860203,11.204343251266062,12.254966890928792
392,9.458136073176865,7.440418040288296,8.85989656362572,10.179777256549666,12.040571773106214,10.744825684720272,9.573098809448396,12.044697340520178,9.227330677419697,10.01026444006941,9.893720746958705,10.4238093024939
393,11.181518328325005,8.871524333699835,9.475191138112937,9.91390143186658,11.626784452436947,10.804506386432916,11.947117376497369,12.423554770677544,9.266971459470206,9.727862655093212,11.209141793166125,11.345125456065727
394,10.434847753828349,7.266776633498086,8.399577019881573,9.01119599484704,10.744571548763815,9.968972697679307,9.610167472855526,9.839198785641091,8.625607379666336,9.01791115348323,10.433804468496707,10.022919265385912
395,8.3896587790207,6.610181334083726,7.777094207861117,10.432131061854014,12.63707841959329,10.477691600169592,7.809084601881196,11.613056366396233,8.898858291402469,9.360595303526646,9.309519466711695,9.988031025174566
396,10.490717425533122,7.406820112522185,9.782081638578358,9.552025218815343,11.957718454930948,10.616489250195851,10.090367755750737,10.18152725127705,9.116498961209189,8.332392946849861,11.093601111370035,10.134355069022366
397,8.40511032902623,6.664794692409201,7.643864250386131,9.894902294835294,12.010626535405773,10.329702829403164,8.272629387819029,11.392679974284949,8.684062246602855,9.481831201251707,8.99827869712777,10.11557358218586
398,8.805164599784266,6.4194596054394335,7.85703653316303,9.895805683816802,11.935620130730356,10.085830784842319,8.816584537271753,10.936941021685392,8.665047010264136,8.600283207485523,9.721156292142085,10.121743584733789
399,8.789448855362668,6.733747178565507,7.91329495617184,9.495236634303946,11.993176269069469,10.200621148454404,8.862766300189033,11.230217623335774,8.62451014933496,8.90537175495098,9.413732792106206,10.222388777193256
400,8.465893803751424,6.306107184816898,7.613479905852741,9.254804762028247,12.87694141191015,10.306665511073575,8.165648092909239,10.922044440122988,8.460917380341506,8.874154627633743,8.955797633352045,10.22848856169939
401,8.375599853218441,6.508289947505503,7.577790382945218,9.75658692937402,12.430654368245452,10.374167248946216,7.829841030408711,11.277319533269532,8.690682467193389,9.38084854201091,8.817774216585773,10.163198421864216
402,8.263862870094805,6.43813100745586,7.718954440026115,9.56371582234432,13.037624471225929,10.284801422576493,7.945462442453059,11.167095194403437,8.510902933609323,9.192631186173644,8.938672128053211,10.250172937430548
403,8.41820734287716,6.759547114597845,7.711480779194741,9.29281145748408,12.968373565380631,10.21584185866261,8.256172919287245,11.027139079303835,8.620630113917034,9.074448686868996,8.954659949134623,10.57867882264985
404,10.972631287559121,9.242341712895099,8.79810120476898,9.081911924476913,13.230288030957375,11.300930514544575,11.961288185247069,12.805802679202765,9.720286375288161,9.138688594666448,10.007196694389167,12.564961765209059
405,8.446234186168391,6.385612979956454,7.899386974163286,9.415092624564158,12.09543595830933,10.075242031341348,8.209165490282466,10.724257676114494,8.614287971618783,8.925766833720473,9.188037860103774,9.952805845191367
406,8.996026154062815,7.282703853158205,7.61525562984583,9.49248015817711,11.87812006556399,10.327332364950589,8.883231366693277,11.193593314985431,8.585983219076471,9.05848863655483,9.195337360463514,10.140992211735329
407,8.188442013134345,6.358964101246773,7.454714882910167,9.571718889104908,13.138644300602769,10.314970699982013,7.826335494887446,11.409177982863659,8.50190302318771,9.122984783181053,8.754835651303694,10.481291347966314
408,10.85639100397213,9.047978335508862,9.834655987291722,10.50465439426677,12.46921996653828,11.713159791314869,11.643200661132376,12.459115758464492,9.709474279048521,10.527449282732785,11.590846717182053,12.302581408340835
409,10.379988769001399,7.782912494305894,8.221564708726884,8.636739297566738,11.174233764056824,10.285032876990718,9.916530235059174,11.117502005345106,9.228942753157972,8.500778111127122,9.60074882709838,10.533924681738135
410,8.913120526273218,6.43528227465384,7.885315587440719,9.206323446045374,11.359004662732309,10.153396243682966,8.804118097514099,10.10142490753513,8.468657528235557,8.220252936041422,9.359678575834337,9.566017166271857
411,10.224872072871108,7.037253666477552,8.675967261666631,8.893441848462594,11.309461671408648,10.024799815831308,9.96821216203788,10.310660036996993,9.104291193670388,8.682694782201935,10.70514217592461,10.219454704631424
412,8.45142443070079,6.924201210081037,7.712457548725502,9.301801924698854,12.016677537037044,10.337373501542858,9.13658128637786,10.975000330050717,8.4722832294636,8.845457497888317,9.361841860600695,10.23092212483633
413,10.33432165297452,8.557933559513492,8.891929946086794,9.477740422340716,12.139926155450151,10.538821151124758,10.334519676533432,12.078325270957652,9.020129936786802,9.168003371900898,9.659010997872091,11.31079852042237
414,10.577680935527868,8.800158269632938,9.00397624564497,9.022672049062049,13.112775820829516,11.152548411896795,11.445397188422888,12.829275533721617,9.500437075238956,9.073332275152937,9.688705643902432,12.556089141986362
415,11.55045061465346,8.14819712440616,8.5612568940353,9.263522480619967,9.853789338144093,9.78214255109652,9.400893840915057,10.229101304175028,8.470216631515173,10.308399811700063,10.98726724859193,10.97330507991071
416,9.5458202463834,6.650337941231646,8.166424389435196,8.354040251885774,10.468495954223762,9.39605511119165,9.083643588608814,9.574211437452771,8.591278885485089,8.216318454961742,9.630134972521024,8.371198360191798
417,9.93004858347042,7.167881399955354,8.7594776832866,9.89191864939347,11.424573055103487,10.481032092015269,9.552629318895068,10.808590326970913,8.906597372438904,9.28781950403171,10.433329853018908,10.454596961338257
418,8.830092328499076,7.043876686839399,8.14932665442997,10.256352437845898,12.554466120226177,10.608924198490758,8.65361112684166,11.806697412487996,9.04801788711929,9.413466940604211,9.51349393016975,10.06511015169356
419,9.42340930093605,7.062931826621883,8.2664282248953,9.559842196239757,11.76638964539617,10.160510749370685,8.997368542578561,10.775353181287226,8.696512861840585,9.411048892987033,9.524568499427808,10.20786824021883
420,8.385223511952242,6.320181143609309,7.973400690007185,9.70490429050388,12.196186907947563,9.973079289605886,8.619920211650376,10.540125424580019,8.345825937821354,8.873327231179928,9.409621482155076,9.904020883432764
421,8.30998500466055,6.6875938659456295,7.8948681453881875,9.899138193865433,12.533813604981152,10.276018768143615,8.349809950724087,11.408018421747204,8.796214151216521,9.247588213112895,9.162745351817374,9.99565160918635
422,11.427355539936723,9.580585355347242,10.858259811920291,11.230445815061902,13.425729236184953,13.107048237429693,12.44964920196903,13.544917042088809,9.75959794219768,9.47103330955212,11.624341537560387,11.261264940037915
423,11.13886756342787,8.367108550308728,8.684156980095807,9.285594697187767,11.59434896714184,10.368053849284623,11.645638161190169,12.330098307178899,9.313587195143697,9.201545694451212,10.163707028231913,12.140786323411742
424,10.517192916650348,7.252379725334894,8.519375309344529,8.927632164323402,10.595641206132601,9.687653417918161,9.652793555368481,9.978200763668378,8.939500392442561,9.096273541439798,10.825129869794154,10.367889266322432
425,12.328633265685632,8.805645916617678,9.210873056458237,8.843683509941012,11.360387333324983,10.29009809537645,12.435858478508429,13.007656208314748,9.851797010198421,9.032280042958359,10.266542795084113,12.826476694929445
426,10.195986749553267,7.556797102076375,8.467852242243978,9.586533690575667,11.536365731887386,10.224386690636816,9.957388792266666,11.136093385120645,8.785703391262356,9.037243939406618,10.205718349965428,10.114753191810749
427,10.586150502817485,7.48998887157793,8.31727271778393,9.582366150428939,10.65500352072469,9.952018485252415,10.06038623051803,11.026220176847605,8.591973931590156,9.143374121906966,10.615489169103732,10.68225639340144
428,10.853759066149507,8.97847078512849,9.95503134920493,10.309570733588288,11.709684626191294,11.92989718515923,12.12415238364244,12.69294316999839,10.89163260322633,9.796761131415947,10.709258938367736,11.896585501148842
429,9.54224033829589,6.624896965614173,8.667406242338695,9.403790856548643,11.366398612100038,10.215054167332845,9.035447684400248,10.528202640635916,8.739669255018253,8.753623383670392,10.298855975128003,10.61064370112795
430,9.571739252538308,6.9040895040776,9.722633083013507,9.014513307178902,11.222123753154438,10.149735618119154,9.412928317688749,9.96260965416771,8.90730962847135,8.972488604270172,10.140629339304958,10.26728372432814
431,10.110236780173103,6.97779019576935,9.188956234259322,9.859430854794677,11.877486076386521,10.499322617826387,10.076783872525919,11.146739784586323,8.977023763853996,8.2422859688842,10.107430387786934,10.094294445555304
432,8.840490843229892,6.260837563600527,7.952712560670733,9.134469077266004,12.001984268892206,10.035058728613004,8.650238819091623,10.274616459795126,8.540104191260442,8.450371682946518,9.415108091002558,9.990694199248491
433,11.867380082554643,9.235961366123618,8.748520159971658,8.114090639272344,11.374675036579909,10.660377311996845,12.42009815715912,12.69274497450319,9.869591756804358,8.37064701367274,9.953317798028753,12.812141925491256
434,11.700779766840189,8.980534755117098,9.248739352536665,9.980157568469629,11.189907138252178,11.551645414840388,10.778402796727129,12.196656925010124,9.279133551389037,9.081938343537313,10.978069119566083,11.442263153045678
435,11.57066152045611,9.02660322516102,10.006568316382815,10.00642585080838,11.479973432110256,12.259605234340707,11.063358804975879,13.32475258530868,9.791664034827567,9.714550244453832,11.499528106973028,11.676259862589628
436,9.217504251313098,6.819169604447298,8.761454115653144,9.695135696275088,12.086987621109603,10.793264669057036,9.471813895940493,10.714856071995069,8.627264698004279,8.362823433482053,10.07582090987465,10.023819036675519
437,10.067278383959406,7.160567018052923,8.181305573689226,8.902848543387382,11.105102405408843,10.137255425113779,10.009159368376533,10.46732829225358,10.741436249746673,8.74111851930239,10.186325659775344,10.905311970502698
438,10.992510816132455,8.686753946930569,9.315536537076014,9.796576833579094,12.10269774771482,11.476925132939101,10.965375575486766,11.16324500983223,9.379340416836198,9.381969516166087,11.236651942419133,11.115220048723021
439,10.800717915364942,7.840837709410877,9.261874718576674,9.916947059759513,12.181020366949284,10.913126130687589,11.21231046860408,11.674220067747651,9.161041515243904,8.824385344424286,10.43858219337946,10.75013567348822
440,8.856061910174148,6.283071325070308,8.157595630990391,9.334874002229814,12.135715295954713,10.443793300501568,9.139133103516038,10.639305653847941,8.73635581597682,8.225470016111762,10.082403898656846,10.186192611850549
441,10.428397390591012,8.054865079037796,7.923605854489959,8.664401605858686,11.492117088255526,10.500886259183932,10.336184705488757,11.999197023828561,9.482463354574255,8.587596788077228,9.46434601795806,12.01893707911433
442,9.0280705903569,6.338110495058023,7.925826606522419,9.297361257619821,11.352724426618208,10.214712763854605,8.463801244533247,10.34878930261533,8.530074477621032,8.541784711763594,9.448230392871709,10.235892853196402
443,8.971822697651428,6.532585005496524,7.7463749168916305,8.94309444875872,11.53306704762879,10.083937708335263,8.56703575442553,10.280532535991362,8.698395222479261,8.747396296702505,9.377018744039349,10.251626830567343
444,9.1716652018847,6.508848165158371,7.90270547663866,9.078119236154773,11.50681531189436,10.142356466561518,8.70996369051204,10.529218036532772,8.663307066417051,8.56334303101464,9.51354481116591,9.98017037893776
445,9.351288807996337,6.451039103210289,8.132116722376255,8.782375752474143,10.722104904341894,9.755845723769507,9.448260477698778,9.679556565792444,8.40504093842003,8.277515980451053,9.592477394753935,9.29890689596537
446,8.815107359052226,6.5965591829729915,8.92683702556462,10.043834031183387,11.902512500659338,10.191951540024817,8.734184326357028,10.95936241924294,8.874653790602697,8.787298289499304,10.086356990485168,9.835270840730566
447,9.260783682383131,6.703819423677581,8.35570257549243,9.677864084208498,11.745258442433009,10.263702526143684,8.773662674863488,10.386190534763648,8.704041381008196,8.84660948999177,10.04374694008408,10.289314804750417
448,9.280762443335409,6.566522966485213,9.080733945916437,9.505599472081801,11.705688178683946,10.18659663731421,9.50712630090845,10.09009080308368,8.579298439908694,8.500778987286822,10.337383298991117,10.189488795827435
449,9.117256142174206,6.85884115241794,8.75630793164855,10.091581609759245,12.98507741436901,10.644683296065056,9.162918328559837,11.70745042375858,8.892689156008672,10.207448436294538,9.987924327192914,10.811775978097902
450,9.493250258907459,7.856779742155829,9.801563352428277,10.447266049837328,12.590788209932754,11.630489411453485,10.458095692802992,12.307934809881003,9.270575144663152,9.392142142656912,10.242356582064195,11.421585904991062
451,9.618452840914797,7.2365112617736145,8.935691205607988,9.923049826950976,11.662732957624723,10.383072404257774,9.96150741335753,10.658822892874149,8.928803044612632,9.344569182533604,10.305589482287013,10.5533659675155
452,9.215984774219748,6.68248467132126,8.478355384105003,9.183765765100524,11.74417177087151,10.098599560099258,9.116052518437016,10.08088825342683,8.672715660817767,8.640549534936174,9.778322768313114,9.2419309865732
453,10.637207188706423,7.5430303719766405,8.63866149813597,8.994615797396321,11.566292637533001,10.43002363490077,9.870702754554788,10.71124056590522,8.90088822151664,8.647171183588398,10.223298854134907,10.565418643661511
454,11.680488040707381,8.559527782139087,10.554491266960703,9.802150094449633,11.341189757338087,10.864342713053883,10.692753156989461,10.91056113719753,9.691843388818855,9.993999182261257,12.37560625979804,11.61101667320832
455,9.597059665868324,6.727470307134901,10.278665188853466,9.589023593115238,12.282117105136926,10.48988092246653,9.159008424891734,10.262009151686065,8.790275988999106,9.443320055956795,10.133963265640185,10.640504736549815
456,9.0541376313153,6.593731320845249,8.634128390643845,9.22238284412029,11.350289641375785,9.94608515054492,9.080047390217329,9.901435123009293,8.678597747051079,8.502464518319146,10.35459819398335,9.72043564053917
457,9.271240442818671,6.806462633075574,8.385425409775197,9.521533544702455,11.753155293324493,10.136881248234097,8.981528702381235,10.657637455304311,9.027823176173744,8.858157160331558,9.867947910087,9.876915457521838
458,12.447825277799609,9.360183917744179,8.785754000857484,9.130151093046793,10.663305356918302,10.630423613938135,11.774031465500155,12.563048899479487,9.58491787187417,9.655942667543341,11.258300166861389,12.668757823639336
459,10.890418203828457,8.85958512163033,9.836965227071541,9.866895568773604,12.16466874237901,11.432302287220597,11.47026185756462,11.856321015901097,9.14608332070256,9.989475166443313,11.13407498691998,11.247292996520486
460,11.912711909843654,9.871681369132293,9.294084136185827,9.62822978190368,11.070892712096303,11.053349657222192,13.757425334143011,11.832545969802302,9.859833910119514,10.754471901487495,12.185760425264185,12.08575302447436
461,11.418730912799532,8.311109840560025,10.033456469063971,9.391379777637157,11.709004803402609,11.012396664681182,11.84201686603566,11.619808660014264,9.67540121410314,9.174312159966007,11.197181748014579,11.161235948740362
462,8.255427762364434,6.239787822588934,7.745353737809181,9.224904930217182,12.391050093856776,9.72043616853987,7.869960971428125,10.492058678383495,8.49765193002838,8.618100386298252,8.816940672979607,9.752108646413037
463,10.812888983897784,8.371587842472174,8.797073359348657,9.347653931793221,10.698969907830666,10.341876991643364,9.319115772703299,11.063910858395609,9.592530061841355,9.308044223021893,11.301331094447935,11.14520992123986
464,9.544989328786212,7.211665209314068,8.114674947039108,9.549111876274594,11.416571524455044,9.989294726726275,9.108183617152713,10.895257227641974,8.666874325221624,9.429167315288659,9.84320871176023,10.750768428285092
465,8.80557625394853,6.86541479447069,7.765476029032592,9.035261594328809,11.972592979368166,10.107560713978437,8.815771654922234,11.385293714126604,8.515800597069127,8.683763857600203,8.973417770793876,10.734515712392131
466,10.292662870113602,7.567452303613852,8.134229446706822,8.418182766186865,12.999522361426624,10.260512500113618,10.54571317934316,12.001790434660023,9.239545036812846,8.649197403426694,9.259826219225793,11.754628523913054
467,9.71457304253835,7.098101180898008,8.85408379690341,9.49453220352143,11.635891671731926,10.430834805313875,9.270256872246755,10.260861539608323,8.85492128325369,8.439032438188741,9.832197332007443,9.560339779803792
468,10.133113595281504,7.7707445641190915,8.777364045798763,9.643752219042266,11.608293863509855,10.629028194784441,10.24262834899617,11.53702438908858,9.230356718094042,9.105857300885342,9.860821303153655,10.443470936804268
469,8.89526625228477,6.956487916681372,7.798696637992757,9.72711928114206,11.81172607582172,10.310461834642108,8.565232893254548,11.183099550528752,8.926584443640609,8.892980572319182,8.91343399894692,10.456621479920297
470,8.351494333866096,6.507114350798106,7.440774088322822,9.995947270413271,12.282510191229328,10.336358214619391,8.007606593378778,11.344762251733068,8.84061739301658,9.374853007840558,8.881883470365837,10.018966222685432
471,9.072559359398305,6.558030421316707,8.51330512161806,9.650095675420424,11.660319943563834,10.41470746109046,8.729674887596484,10.547233791473577,9.06793179830807,8.842901439221375,9.970331435034158,10.304200893606598
472,10.027084387820723,7.928768095098541,8.462914713256458,9.455184856106198,11.988589761919926,10.412759046729636,10.251507711192037,12.253263793675696,9.260994413567776,9.075853777575455,9.662995754634629,11.85819478356049
473,9.66460117747629,7.198923221358621,8.684697755111305,9.40581595019826,11.59307497095152,10.386954910278806,9.990840594531214,11.120136154558619,9.324001420945748,8.863960215017444,9.919714489854117,10.677521309207297
474,8.783364877448925,6.578229317810956,8.63880707463139,10.121758636339482,12.212711250775886,10.529654010014681,9.247626519469872,11.187863159602353,8.89424746878522,9.097836622941482,9.764708899133407,10.496757899666353
475,9.548192773482445,6.962614227718431,8.635661408879862,9.627739391415716,11.709372276001337,10.316704348315717,9.467823059959356,10.721449037308926,8.711311021780823,8.915999157097838,9.986489579628191,10.15825808336762
476,11.054994189793664,7.676130089538284,8.275750161198063,8.844720106000691,9.887552286790257,9.334754089168918,9.351354854892996,9.912122111845292,8.204625779236027,10.322972346040862,11.391107747237065,10.84347045468066
477,11.702246730376825,9.451850636387725,10.413979919763989,10.274087362080211,12.086049012495664,11.72510069302849,11.738410957257713,11.85390533715915,9.194310436831717,9.432013070235092,11.751585520029094,11.087802905850701
478,11.63059918393814,8.96788405692324,10.47759011489691,10.359174722693904,12.229192980773638,11.31506372040538,13.693296148212953,12.153440429263128,9.393266300822187,9.912420052297154,11.499214270405844,11.732871574991961
479,10.256142342701104,7.848067852545104,8.900520482484193,9.165727486750486,11.751362030578523,10.51366416111263,10.438879453593678,11.554100170970159,9.59886263385523,8.664911419552716,9.836021684628623,11.721488734583826
480,9.582668036527846,6.9173988102108215,8.592456221331291,9.338270433789269,11.89728373138199,10.530882741099326,9.848490696333176,11.168500196298169,8.739526688446345,8.611917605134492,10.04197075530761,10.451138169120506
481,9.561412337754412,6.997169384014497,8.923034546746907,9.56893862042269,12.05199793706386,11.217306233195737,10.127173743449928,10.92703244556233,8.737712901447914,8.329091929512195,10.213061192522959,10.002012237815045
482,10.846220064306731,8.711549865233458,8.73355521786825,9.268525533948932,11.728140934944825,10.816904792750426,11.706671321667542,12.791696948536792,11.356981994084137,9.595883063691286,10.532196361893412,12.315383846334289
483,10.192273332920447,7.493116294298236,8.448996433641646,9.312363929630184,11.700468703499851,10.636225565860912,10.23445160168734,10.962459365850014,9.447790587620746,8.642900227054882,9.937225623591909,11.044470721639868
484,8.805236845479618,6.499981558788782,10.490001416359544,9.56503108595482,11.83687123331346,10.513480492508414,9.73459393780466,10.008192368301405,8.669120028880878,8.497474884339551,10.032527625531007,9.704977984589647
485,8.677588893255674,6.71026044808643,8.481159123315393,10.075576269725309,12.439200658082385,10.474532052509907,9.024460356303294,11.34339606745867,8.81925862564185,9.19591086785829,9.596207600443513,10.046175305279633
486,8.760125014861202,6.62923864724184,8.147606253698125,10.222704160842838,12.391215534986477,10.357995528944473,8.584782417875537,11.4583903349223,8.794324436573985,9.407287577032857,9.612880615839316,10.012023585500927
487,9.60393614246362,6.750496694689608,8.034903978738065,9.315722744168715,11.407767977673483,10.149755624481182,9.446537293112565,10.287290306415514,8.878509414061892,8.424544611887468,9.937265343472738,10.432438272982086
488,8.461270753571368,6.4609198910162355,8.192021694968707,9.917809219103681,12.431396341086156,10.400477980334113,8.530571236051479,10.633433463938921,8.675151802654188,9.02460515115584,9.568810620444335,9.652424378034127
489,9.165554136278221,6.534583763754858,7.787888508680878,9.519708840663691,11.82007692147111,10.179090580032184,8.669517368543989,10.749156224879187,8.64256423988926,8.516012658598349,9.721611049038756,10.260193704493506
490,8.92585239629287,6.274914531985109,8.19448331919667,9.282404422937246,11.807764159884346,10.242943152033885,8.653566900930638,9.914544248195128,8.290262450431456,7.977922623589407,9.623921284301328,9.724029990907365
491,10.374171310249322,8.044158694735945,8.904005475155481,9.604938470634927,11.588037005155098,10.803759680807461,11.018914698996596,11.875164170067038,9.457654100826485,8.96139015457358,10.193817145953066,11.293358471982948
492,9.637915457628505,7.09400060134556,8.920056339675618,9.589821828167503,11.434603478549178,10.555011270902579,9.989706080166448,10.464012807979692,8.868933016325753,8.786571851290905,10.304451733766378,10.035405462741448
493,10.676450385066435,8.620749110040832,9.746069055202511,10.2457305532585,12.04117554537886,11.809357945081153,11.88065479402797,12.83267989695911,9.382664975510956,9.46441584670394,10.85573193739068,11.199715846771776
494,10.691642576710144,8.451626907531836,9.638545527759732,10.100136615078174,12.024135010576742,11.707820207972887,11.44492420760777,12.336881209216553,9.292483785779496,9.333360956151132,10.790248238077524,11.442829311985566
495,10.094912476344545,7.505701415933219,8.62524546235963,9.530420592664303,11.545976563021496,10.678222609803473,10.34419043604734,11.506847653444035,9.309562120925829,8.728960888378085,10.166408572096422,10.753583700424418
496,9.870315539841723,6.984792627003358,9.24452862817642,9.842924110754694,11.85618388822113,10.794285309391729,10.38942538772071,11.408635638371551,8.935688533832899,9.401008667749656,10.45450387609727,11.013829160215527
497,12.921045322106593,10.170744944585477,9.11300620093178,8.958386868857275,10.875547622823948,11.484856328217525,12.982190870038952,13.645369521053821,10.280065365172323,9.154273910143129,10.967871140961892,13.457881630396576
498,11.620759402729298,9.674545572281499,10.976126732263246,9.949423680047715,12.051297958512658,11.53184595992937,12.453930911814982,12.288920466306873,10.679993684521477,10.479489346942039,13.022557755530492,12.653927395495174
499,11.781668134255046,9.688523786778015,11.536687066620656,10.921458911977783,13.034961191328874,13.079868570901844,12.727790270894799,12.970415446960184,10.316975437042963,10.015160544518617,12.12291428955077,12.14301091504229
500,9.459117008466636,6.978300496699147,9.011213692897696,9.62429651177932,11.851246936111114,10.464077009316966,10.106099761528476,10.623517933245557,8.908488253378088,8.72387344416198,10.121092856215324,10.059840964934242
501,9.241791232354513,6.838061978666363,8.56058585423971,9.854905186795683,11.675624727660692,10.377557184773307,9.24805256432778,10.686114453194051,9.064229489395476,8.994918508109196,9.829915542821968,10.07465555047878
502,11.664596342558243,8.509918939510932,8.202574359368896,8.898380915703184,9.562561451460546,9.500130318865741,9.74114342791154,10.104972811618074,8.47147283272397,10.955279897772076,11.738692765555637,11.322668858878455
503,9.749531480604933,7.240307955481818,8.763143524682366,9.613825457355498,11.510762519303256,10.354348682990869,10.053234852021856,10.651507014538408,8.680584095560983,8.523315427289967,10.37987870043493,10.001294511462346
504,9.44468745216969,6.744583161316764,8.659717970016885,9.491164713426302,11.206925410014895,10.139532345536157,9.305053193503873,10.149399587686155,8.756447317719374,9.09162058346234,10.265412851411922,10.075209577650787
505,10.438334190753093,7.671432807451135,9.187199364996712,9.69675531674517,11.662096387597153,10.75033084055856,10.825032436832439,10.472459349590032,8.94975090183288,9.315531600813816,10.86124982033607,10.687122588915468
506,10.041272340357505,8.094377040651924,8.875471692044766,10.094905209791502,11.782549406430068,10.656579701395069,10.840474224899262,11.416752393211214,9.146595355516672,9.54300808829714,10.448329046974791,10.926882845461357
507,11.843006572905301,9.550046376254118,10.904368633675453,10.003700253637088,11.616960388459159,11.304057932526096,12.881094625985206,13.224530867144605,10.41441356539816,10.55031222738875,13.05439917266818,12.213217499060974
508,11.931956398944816,10.915965074203509,12.889081036604832,11.113422384328736,13.209275591954492,12.889360445776548,15.358511133073304,13.031463795150337,13.285769224650323,11.233451026720358,12.701676997893681,13.102217289639842
509,9.510147213035099,6.580186085932091,8.591486934030478,9.36229504872798,11.494986847078604,10.371921815155552,9.752582019899439,9.63833083103781,8.611724006419104,8.502558636365906,10.25679247152494,9.78152731477758
510,9.271198879920014,6.751178619997034,8.727017625017705,9.964263571241542,11.56342440227267,10.274201375037302,9.276811574333646,10.190271277783175,9.077288231304458,9.076396118115518,10.22962502192782,10.151593826963241
511,9.833873266178673,7.051390372163343,8.882153647217446,9.344033742366422,11.434132941235827,10.477262853500747,10.326276051261676,9.771144184447314,8.75348799446062,8.735682387112451,10.484265168154693,9.988842240381919
512,9.128223520793412,7.386116995383537,8.577851394075603,9.780804669578302,12.226459130576384,10.883238864112203,9.802865233479153,11.78586648024019,9.317924394947372,9.151530000094336,10.10547188579605,11.211205072091992
513,11.530996491841865,9.078738305724478,10.907655010053517,10.411298843255668,12.249288683801584,11.898061754606339,11.185630878803288,11.533072035071424,10.517038447278182,9.364523883053309,12.713487599280398,11.47215106877045
514,11.776405367011574,9.755349964089534,10.877865813721378,11.161283005353727,12.72087262439599,12.569687225635185,12.474844069759843,13.055026323132001,10.068864987386377,9.573603269161842,11.910380563106944,11.657714696113871
515,12.867304563554015,10.09928980003943,9.593379101827058,9.0447903068188,11.772092114362305,11.587210318176957,14.375777197130382,13.759826943553545,10.168970606546369,8.55277785390344,10.889241459873851,14.02343337512434
516,10.069350374506502,7.6784864372046915,8.668394254993306,9.45352053034348,11.722653783781324,10.714561588692249,10.704269962072082,11.889832476142878,9.275082432540074,8.819298644696097,10.175008173874978,11.1641062152177
517,10.676517853868322,8.643713362928459,9.171112957320918,10.186743484634636,11.561511550536665,11.422349843374224,10.999901691898785,12.102000422155243,9.241267776321138,9.86818457495681,11.035002974643021,11.279837470249984
518,11.267781990698527,8.431547948854128,10.127805151417816,9.973412434485885,12.003533059700128,11.23527008273221,12.145359160889338,11.653926627789922,9.557787767101896,9.199231987025577,11.277104829174954,11.109496890311629
519,12.29836286151249,9.889187578570109,9.545049575330642,9.590599376192579,11.997073317328777,11.783384446065496,13.737118501844575,13.386481841264075,10.155262271604094,8.779826181003887,10.672171956369624,13.48303355910332
520,11.557559823586601,9.228988348995477,8.875191664175462,8.937859328388612,11.719992267479793,10.939264010019334,12.698854830024601,13.131947342835176,10.06262469827435,8.8278021457043,10.320545126792137,13.027107822596143
521,11.95755103000908,10.873691567624515,11.862269645995397,11.318824336783848,13.357433705543821,13.73007015297878,23.932961281228373,14.872003185152073,18.508006720024184,11.053081348050751,12.723613717324326,12.98386613840669
522,8.353220428153124,6.560265827106936,7.7852376599671,9.881065520778419,11.97861228889283,9.973903512186215,8.271954630043176,11.089652804612154,8.712515046909143,9.061636286765633,9.188860382346089,9.997077617538025
523,8.744408802399953,6.501238973615825,8.190185485639887,9.963193291732416,11.796452250771452,9.862745840712499,8.477971302481388,11.087523772811569,8.772584301352353,9.02124848347512,9.201368315973607,9.566586008324052
524,7.637792164806983,5.618126494809756,8.70018712958582,7.642390919841635,10.948986776431092,9.540713485365288,8.312177462711654,7.4921145934050735,8.31453173591279,7.343542991713566,10.792361863467338,8.064604123112964
525,9.034962338004206,6.69899864833091,8.510068249814356,9.109142096261932,11.380662863320659,10.046533149275756,8.592102753689415,9.997521058193499,8.93736993863343,8.764749453347708,10.050043968214222,9.239004671000057
526,10.198175280000939,7.697007882051903,8.653958645331606,9.349346183332617,10.571626543842896,9.98426192346281,8.97053859476619,9.538583332809754,8.92692645823675,9.194146064455245,10.460650778291223,9.648627111664103
527,9.118044781730145,5.984062605261988,8.122767677739228,8.10270808664903,10.081157054850834,8.694740444865388,8.866633309599496,8.74989096924022,8.02840686596375,7.550392870149412,9.42376391134555,8.271371030420113
528,9.338135585535145,6.488855620864522,8.141269740584438,8.07183753259389,10.344189319282027,8.998059948568194,9.294988250870892,9.002709478313447,8.32992546283564,7.588715428027222,10.010734080754215,8.243557656224342
529,9.745224329945756,6.102128595127747,8.269829665334782,7.862135762416248,9.929077283460835,8.767363176623604,9.40807437953653,8.703637402400787,8.058343374106736,7.33237000286576,9.874324969995888,8.415368481772255
530,10.1677219057534,6.4744922694562455,8.347387783989841,7.661121761037549,9.425597447111294,8.404265639459936,8.962838826357254,8.597873200617434,7.971767820662876,7.869366978324123,10.246817738566705,8.471746236121582
531,9.72903070581376,6.28154617769659,8.553143995310133,7.650653279006303,10.49917082107881,8.550554636459532,9.785550231945905,8.419640845278224,8.173930223935578,7.796733418808006,10.309796291344629,8.470171570269706
532,10.775647971688484,7.730841719672094,8.167548725115306,7.9759170508691195,10.036794773248877,9.050922875065893,9.511475210011316,10.013536473843146,8.424703747229902,8.90804142310164,10.428847891348298,10.191942211917954
533,10.199359561365611,6.010912921676357,9.265145735443854,8.778566902523034,10.820171217839288,9.712813386251025,9.33488429315346,9.047728851358567,8.563016306222085,8.486645623258276,10.26512338412785,8.910237322346523
534,9.771980527714707,6.3509665539672735,9.163649433413413,8.56224861269471,11.512292253860101,10.127160752993706,9.2278891833288,9.354145054115124,8.695883217814085,7.955423532671112,9.796240523246887,8.62543818534041
535,10.584094555753582,6.611874273834935,9.019431216157978,8.767890238450573,10.642495125639034,9.397199324258324,9.497307967077699,9.118182274348742,8.265846817874948,8.177858566566005,10.747608130677982,8.770109111014861
536,9.963205436907604,6.354794324219464,10.208879953534446,8.163723814893268,10.428236405269377,9.160680356683306,9.210303312120823,8.860894516297186,8.48878329849365,8.142880129935437,10.193377874783216,8.597510027989726
537,11.178058811084059,7.130584949956599,9.747816739457306,8.790430243361921,10.637198866992172,9.579979471806158,9.928304449513362,9.112191910519499,8.360212136325563,8.774255023788733,11.457819971697681,9.551089718701649
538,9.935439171565221,7.206326954015159,8.966429571954293,9.404365072428316,11.947570268309262,10.669678864634239,10.54575088227596,11.242786988806229,8.98344401215613,8.57215634768438,10.31294203925584,10.853688979882072
539,10.28333418948129,7.752116083542868,8.62756416464947,8.944692992990227,11.464939307848848,10.703655357898445,10.508203384334363,11.183460179318129,9.30567820434407,8.709320660899907,10.253120345715807,11.120941958685162
540,10.476384670429152,7.853433862833921,9.032938827440697,9.553028912389188,11.267581921584316,10.448230807132667,10.616698058490709,11.273718866443254,8.932173830545846,9.056677042555956,10.844252091508707,10.987742252842569
541,8.705640566657884,6.518160279695918,8.463403618892482,9.73653965648071,12.55387776971875,10.617295246785329,8.980258493046925,11.102721423123036,8.753789056560207,8.737597986122886,9.695242750179752,9.962227738706872
542,8.849437360064735,6.381844391674807,8.219590225088615,9.721710470890262,12.056767085775267,10.26759412485153,8.8256466311147,10.392018762564133,8.568698253359377,8.563237801932608,9.870930377005337,10.088434221062961
543,9.359768999918465,6.924932643688148,8.541323919306139,9.459375091006555,11.656943212558883,10.064766693657434,9.427873209350611,10.74600437966486,9.014307643117478,8.936214638797013,9.935961890660728,10.284319494312452
544,12.317371975587761,9.539852441489813,10.545985717959551,9.667197549773421,12.015788771864134,11.795260061967749,12.921992425874128,12.926383754903544,10.521539669046593,8.98460060206747,11.446079897349765,12.340685762205506
545,8.74282472873488,6.370770241463993,8.207814681152387,9.620366977139735,11.73268964126901,9.97103484558281,8.98284122969202,10.331110005764598,8.426841070354694,8.668843032119618,9.70489662995799,9.997485343000957
546,8.695706501470323,6.44799608478082,8.235266603477264,9.968152309893485,12.247757253150827,10.194731438380941,8.423790748952367,11.039177059423489,8.7319129407474,8.986641138358202,9.462256477090657,10.456834786680353
547,9.283102810849485,6.952650666511744,8.698408595265356,9.814324468630307,12.6959967166384,10.528459646089555,9.68852815881376,11.043383293153973,8.74436817441487,9.020269379358588,9.927017536170169,10.19842258030199
548,8.951067133676101,6.365853839699518,8.207682527842502,9.445727944928793,11.616643118052771,10.153683020172489,8.821215769754028,10.325095132732793,8.559280161969856,8.590784998243388,9.962278194405563,9.915471013268853
549,10.170970909317957,7.943268594481546,8.263830515117773,9.355340419510476,12.172548012500279,10.64864311792343,10.349542314357569,11.588065654326778,9.10059100133835,8.760307818811654,9.913788601627687,11.09133962462409
550,9.104456205691069,6.59964522428586,8.162816997622059,9.04511841587519,12.28065128518293,10.207883488005944,9.39607421390292,10.691677506535502,8.921774412485162,8.684940787701569,9.95814606177718,9.960812250249857
551,10.618622318279852,7.140014535476919,8.548923428294206,9.060693132881088,11.213410279726766,10.904768109540175,11.28038568938986,10.1477212661493,8.951824788962508,9.197890430595265,10.924747396569414,10.41314659347499
552,9.341970793713095,6.983885416111282,8.978372278322443,9.42526932241046,12.435135543107581,10.504378532290218,11.281696990340176,10.802273310762015,8.91145137518226,8.798892948071707,10.327734843721274,9.992108672454368
553,9.764510718336993,7.399088676067096,9.299798280563206,10.025761737327585,11.746540334359974,11.062107049329875,10.440077444063286,10.893563607685254,8.834042869351936,9.374729276513502,10.757819378587435,10.511141425449221
554,11.46371052734849,9.164112552539017,10.644297934684442,10.368579509269335,12.360889542791432,11.886240167015387,12.070719626777336,12.16553090098545,9.483010109718116,9.480841976687973,11.761907146348731,11.320488888031386
555,11.623624334629016,8.03048546226421,10.415351964354274,9.80153442434427,11.749617553138702,10.677508433622906,10.679491881470085,10.440559947033387,9.41376477805444,8.841832703774932,11.496986022416943,10.204778946437465
556,9.592538199221876,7.059785443837101,8.441859544416284,9.628333038567947,12.252209219848558,10.518325927755571,9.422658351370968,11.325893822360834,9.112161306085802,8.86912994230548,9.500638404145814,10.42839190379684
557,10.460736635358163,7.278134807290119,8.833218051686906,9.673699869574254,11.93040798895407,10.431638855295676,9.850772578615544,10.509170918521447,8.946363585729674,9.134590137118103,10.621032278410757,10.418393405152436
558,12.549215241953567,10.023026436395988,9.003252526692208,8.602675302483375,11.298606705647122,11.334950339866673,13.301930609605503,14.061637685962857,10.322489208510373,8.902047782143438,10.257736666015624,14.065020141864174
559,12.66695165337807,9.8601660000175,9.16779513624964,8.416812579793175,11.663682369095946,11.44942469448554,12.961029069453705,13.625318422292306,10.085302091576533,8.526671217933124,10.408203673859507,13.690172787514864
560,12.23778001001076,9.993751531378742,9.281118034188403,8.59159831457081,11.594153305136246,11.474301535758219,14.232991398256956,13.880543332140519,11.437688848307936,8.505769847726071,10.380155925291678,13.7061017581421
561,12.559599606179075,9.560162055095418,8.704706620762066,8.111100733797802,11.48829357359207,10.795734116777073,12.569246294236546,13.28477314720649,10.039708395719007,8.478032644342882,10.256439470475915,13.603493266847508
562,11.906304948111426,10.560082217911063,11.386890748491101,10.721037044568824,12.740483832393142,12.982053567321756,14.70220320149354,14.116167509837563,10.818400613871468,9.979887478328738,12.116299743639017,12.216771264521668
563,10.855170699907083,8.215181508603994,8.493397149593322,8.654866953804921,11.708068928978557,10.649018009463926,11.138155915585207,12.064825367009911,9.654287718112549,8.4226591220231,9.865212602937529,11.577922726671542
564,10.41669068684943,8.284427244738525,8.479644962097233,9.109948748787101,11.481691735411882,10.014408100386051,10.144397315069014,11.139850401362146,8.807066604181182,9.953394048565865,10.609134356695757,11.260017279785302
565,11.976599696542308,9.83587411705631,9.96543166163223,10.017521351606128,11.963010494663976,12.345417631881228,13.306449593665011,13.591117679771612,10.14383664040394,9.351412472445531,11.135939991520473,13.56993786075496
566,12.000404336584992,10.7025406139078,11.065801378823323,10.694687688347235,12.833051462934588,13.00630120730083,15.031745719018609,14.172177096223571,10.412865273256642,11.477163454110814,12.548285052774318,12.800044623701766
567,12.006734488634443,10.363316313756515,10.26317896846805,10.598398395625075,11.9084077247675,12.211415994237825,12.92717244908382,13.797278835076598,11.494732286106327,10.485917394463431,12.071371488944255,13.044688283786883
568,12.272855435450907,10.92788950804496,10.83750243441936,10.423323517090644,12.224231493428107,12.938162114085792,14.868852910686662,14.503089131368583,10.672172693488912,10.588588397818292,12.032524259204056,13.227834053418473
569,10.318225158282237,8.288566329205885,9.00466723436947,10.062849991074433,11.855500056701079,11.127621519501094,10.84666311849487,12.233857709274172,9.265819430807838,9.784902274065587,10.96191794650042,11.437711895771905
570,11.30126390999765,9.417097892049586,9.772823805728972,10.11355663718681,12.05146288928178,11.372534862852673,12.19793571908864,12.400585617027641,10.062644564018264,11.250503936237928,12.528784950486166,12.857286124897598
571,10.17117491443943,7.428445942178163,8.469529501831106,9.480979605375886,10.892729301545547,9.8030749080691,9.523022501495095,10.263082964231682,8.861960432019712,9.16669735451581,10.316190069790062,10.468943568596973
572,10.807065899190869,8.319655925157774,8.61423972573698,9.651672883775436,11.46968524428926,10.684662712273548,10.374538366213633,11.752076795894778,9.135449579982637,8.899203363647828,10.649592668188529,10.780583388277343
573,8.89161038622527,6.319981287205774,7.852205948963235,9.660813903159191,11.647755322479206,10.187742326593309,8.66202697560093,10.457454343821997,8.549116660826165,8.58535154405346,9.243905412626875,9.989041910819328
574,8.751709360209773,6.363970603040199,7.644852664748985,10.019478556436853,12.636871064080589,10.435649128261753,8.56523359146319,11.523273214685407,8.252555827877183,8.802911174912488,9.513722403769744,9.815139131459059
575,10.754692635205195,8.278718918964579,8.683152352086779,9.61993670616347,11.830474980847622,10.569099948358357,9.438524067635196,11.147066832651237,8.802162562208382,9.057948841850818,10.883931888909455,10.596057905050102
576,10.581355290554821,8.547303466552094,8.07757105615163,8.573993204858452,11.179887487175744,10.489643073412937,10.41420893841576,11.729887296846826,9.468902881527292,8.506443087758342,9.561034979836524,12.176976333197956
577,10.546432145800331,8.26947449704904,7.972882895455707,8.745837324285265,10.941771861367684,10.302092397275823,10.115207897419886,11.704729532483288,8.889359106275776,8.860013891942701,9.667585534049426,11.561455084997059
578,8.852128321719363,6.814821412474854,7.948667475516196,9.451274171153184,12.336448216712125,10.284478655630835,8.697736974171896,11.633792682112023,8.56332244323248,8.899523169833376,8.907412351642787,10.38715840481645
579,8.917068987514183,6.534165493562512,7.698352748291205,9.178312936736265,11.444384348590876,9.968695992704273,8.415771422549547,10.774418596826925,8.468985319326631,8.912978310010288,9.032303135213574,10.065917300380775
580,10.425929754310108,7.896053571205584,7.851132917880228,8.810700032634772,10.663171022165077,10.221284936649937,10.087493529764894,11.362168973419935,8.669232479521702,8.753428970120336,9.81099829123221,10.929750126578307
581,8.962293289584323,6.505898020925449,7.732261693658723,8.881460349163703,12.282430792463478,10.076060713112849,9.564193022176962,11.104369282585791,8.541527741935463,8.610241225189721,9.02195120075838,9.674666495030198
582,9.09503034543145,6.7113190950095305,7.946491045175527,9.060311059313202,11.70949438192455,9.929645126610595,8.98110174011047,11.214438639769398,8.368534918283139,8.556301853081518,8.919507329143485,9.963866740078416
583,8.59166864069076,6.491525366222458,8.021529341610272,8.786617434295202,12.588203895354614,9.96065134036725,8.928905080367858,11.317115942124303,8.662947306299273,8.830972626157944,9.115645562777814,11.017162177657216
584,9.186282536680373,6.201975819048791,7.783100945503769,7.920676027478368,9.300581015753485,9.018840080017716,8.694420841092608,9.0095320963673,8.357873865530658,7.947003484655968,9.526407009079767,9.002444253543322
585,9.126481903236343,6.456784516567714,8.265752308570312,8.586443849269036,11.496469459600231,9.775132840582799,9.158039590069162,10.120446045022142,8.678090808132927,8.146203389311255,9.5334204027013,9.872959475959258
586,10.436732474403286,7.942344233782487,8.998413603234402,9.448314371011481,11.201488667102439,10.802461170296002,10.522423167571155,11.67460272885224,9.235064811626195,8.81156811097462,9.779296758259063,10.641279474522452
587,13.366668647215567,10.442230486838724,9.604865952207728,8.652251659065357,11.63753821810915,11.94444270397316,13.93001537401296,13.386763445652468,10.52138391157262,8.68744365206418,10.99561828187872,15.166184162053892
588,11.483488712928033,9.077946064229595,9.033957371007721,9.309523034900671,11.588561699196482,11.395070516954593,11.233427038743548,12.546041372870809,9.475340102607504,8.651617754123926,10.338540805632341,12.112946089155733
589,12.415273283073226,9.649029472070108,9.889161522531401,9.139884233515287,11.767353843692657,11.666236202301292,14.507807453083416,13.23077534868888,13.436450579745372,8.76331257609711,11.504359826054447,13.047168193117091
590,11.74197557277567,10.476928330037692,11.551801576373673,10.70964035114375,13.602543741542382,13.211319473079683,15.812331691183509,14.790212299740906,11.62014279157299,11.63755660418716,13.161014516761458,13.507427007840844
591,11.21842434612056,9.966071694452822,10.170620985038145,10.281195857840462,12.073001413442277,12.329434464132412,13.72244995081569,12.8887704074643,10.261903026597672,11.038166372978882,12.223797211855006,12.537290682913522
592,11.026140404889858,9.064688462447812,9.874525219051039,10.157720495099724,11.898726669099352,11.5888588861792,12.2985205712344,12.314004300853131,9.942166063637728,10.328190533603298,11.727593376734934,12.141131184418413
593,9.67109547401094,6.802326759550541,8.55211623189769,9.35787282127689,11.146599262552767,10.079010143095893,9.369739154194672,9.874759634822446,8.676797070173038,8.935671937184813,10.397705686711337,10.151518807504253
594,11.021056287206992,8.6972776123289,9.001226188400821,9.272075777037422,11.705464782089862,11.45752987478544,11.44552083963119,12.509052112236283,9.724618831586186,8.686586715038414,10.313022556992724,11.944170355366953
595,9.954566407866777,7.309677654920035,9.078309539822452,9.872428639493673,12.219615179383519,10.75100411765702,10.011314546584886,11.476860188558184,9.01485046532193,10.028585412509969,10.289885147602622,11.171231748402164
596,12.201333594324513,9.098376800101114,8.43382615208162,8.313289093584508,11.148152424262836,10.214902114143708,12.020189495070873,12.358720060440318,9.577622928520919,8.9845879724392,10.321390871407436,13.226210133115838
597,11.22658818017678,9.381449656535839,9.917528283934782,10.503938337591267,12.088720356867672,12.232500733722187,12.391971270954455,13.366362751260414,9.455483934212214,9.549516073010004,11.292301378028673,12.114217926359224
598,13.087778513505913,10.236935050097031,9.603489376716382,8.350056487791989,10.913249066864473,10.834800075088918,13.052247341346824,13.03152274814405,10.146874819460358,9.227025086002532,10.929441919092847,13.438630858109534
599,9.79638565949473,7.215957410735579,8.569266229556781,9.62248778711365,11.457389144486497,10.30773436489353,9.641648998448884,10.775649600167743,8.965635223209873,8.968483964097015,10.095723504775357,10.221743104795706
600,10.135931359733275,7.618659472061569,8.647723561906894,9.592310898107183,11.120643815996438,10.020043247150035,9.551705500219246,10.929572049024781,8.669959354985544,9.502441997560917,10.539379920622022,10.351113559050024
601,10.843022017074677,9.036318245137746,11.012276057117592,10.594301851037667,12.807764156989863,12.03318771812501,12.515100029595683,12.23951635404763,10.060392511455486,9.921811890766158,11.494242910235446,11.403052836755807
602,12.174820915734692,8.715748042612598,8.354758484964874,8.437769171431817,10.445940029722488,10.126005390569892,11.208427891279472,11.48935794352583,8.900785650611912,9.323822332068008,10.844893425672419,12.274896741537319
603,12.037101282091005,9.48904211187798,9.789215652421735,10.452234650660747,11.140585977516043,11.816808779461557,11.197682113183028,11.809153296919408,9.461807444435758,9.71429877536934,12.112062949046342,11.890019489938418
604,12.492241757535282,9.938947431719948,9.596542249540072,8.883964551133868,11.630705335136092,11.686957070881578,12.92193870465757,13.930809922793962,10.120037362942966,9.009832502310317,10.62235313049211,13.842778060906115
605,9.991136854306628,6.876582627111699,8.273722974417066,9.432314825453329,11.852486610142726,10.075938245705206,8.891773774680129,10.83045030655538,8.790990092176454,8.710203634303172,9.962199749899973,9.845060230884616
606,8.78244114519645,6.4086026796594115,7.830570713432858,9.01449745488357,11.266250072897499,9.773579705902511,9.781046775014858,10.253744309060103,8.573105843988621,8.6641907814769,9.407368132101789,9.838334579546586
607,10.183405029469847,7.13213636206304,9.239933168876828,9.6581486387777,11.467339867979366,10.556132340696456,10.463074804866729,11.087180820638935,9.345125514449187,8.789165922951275,10.30291733844896,10.129748218117587
608,8.36431259310394,5.978054382946505,7.865464847971052,9.07906556535499,11.443589330275167,9.665321805139873,8.267387620695583,10.007947298226755,8.303511576625192,8.259135761210107,8.943215225939923,9.382680664455368
609,8.220340220309277,6.349857103764402,7.747245017747316,9.153139298397921,12.949106650776107,10.33149196972122,8.092664794106486,10.818594014304317,8.516817100104692,8.89066231329232,8.73380513445089,10.185174208379928
610,8.778614543728585,6.702073254973524,7.692517534631487,9.67190291189867,12.245982202599624,10.273469928950842,8.28943416477992,11.10150706896348,8.450649594736262,8.94550835903992,8.99005705579076,9.97609846999524
611,8.644459790409687,6.537453065163474,7.7694574737872815,9.823863405484925,12.387672274815525,10.468607659257636,8.10922022761703,10.959471042702225,8.787973732706286,9.155490165366057,8.873350985221101,9.812824699742276
612,8.484362769673258,6.363466617406427,7.72751732548893,9.548731862036863,12.131973429926274,10.415611194989317,8.1781813576084,10.601639657880957,8.386544882727556,8.8039461087257,8.994262661581875,10.201754408914688
613,9.087362025860626,6.718317340810083,7.853988238308076,9.34231562153304,11.727990694947987,10.248088864548118,8.636807958145388,11.173646844030669,8.837995153622458,9.038824703035354,9.23582083206491,10.268616783525374
614,9.63482243214563,7.52212517184091,7.822536903326535,9.468507570353182,12.074398168733886,10.809830662175028,9.437986016772783,11.687285537907321,8.647751925153667,8.82085465477146,9.171686664521808,10.77812400841266
615,8.850068359900694,6.418911960276425,7.883974029848706,9.441269126016767,12.553641590313159,10.070242320357067,8.353074540555985,10.681739178838235,8.551136855477159,8.890670138694958,9.296763197456979,10.129901513981103
616,9.3365989831348,6.915868459947308,8.085741639419705,9.032070224959938,11.152552819602661,9.842229143380694,9.283663109642301,10.399271744775461,8.590063220982893,8.514064290993577,9.464402132300531,9.926564285529789
617,9.01795697108425,6.1870451762934096,7.825296550947629,8.566330424712596,12.331345903384976,9.311951675247682,9.069946113118474,9.946355076318866,8.561987897940803,8.262864995638765,8.92896173386967,9.799274443332152
618,9.551273517300825,7.379739433482235,8.926493544497756,9.907172717726693,12.11926093667485,11.060611977530026,10.21611295313264,11.205909052463193,9.617519743163651,9.730093101768702,10.024694052908714,10.708210046789784
619,9.380561746359296,6.8831039536896625,7.927709361370097,9.048129413031475,11.434061503436883,9.947696481302906,9.08391964267018,11.0017872472273,8.762652383339002,8.604142841641234,9.048287376895274,10.609263946552144
620,8.247972626512347,6.649241263008058,7.82793092288364,9.603169862818781,12.193508045545531,10.077688080740325,8.41594495912791,11.380958986542794,8.877368607192608,9.280593569965735,8.897072339360024,10.261978977478266
621,10.207399488145029,7.811799289640941,7.703360566231719,8.037658902192465,9.852734428873042,9.205257220831731,9.948706347106778,9.57932789173116,8.369097664987759,8.365222929668896,10.206905357464228,10.175492700346457
622,9.664982464956688,6.164742088557988,7.6430465402125884,7.811336010117673,8.832383911352997,8.806995292724231,8.63654995402378,8.542106005569043,8.323506216915561,8.176285136878214,9.896493027231704,9.195830148144175
623,10.041785903240346,7.115408092181141,8.20892745515037,8.679737591816988,11.650686202163254,9.995693776097873,10.187481460012698,11.591269466353737,8.95409956713724,8.491949545117102,9.869652692406024,10.224420905059155
624,9.20446197430381,6.6867524251348645,8.758585567491878,9.535537049098803,12.512321935515438,10.417558087566327,9.089923737264911,10.938406507957527,9.082657233669995,9.219631296438559,9.566222762615885,10.085159364580452
625,9.62626135915922,6.858612168620436,8.605855197536329,9.55515169999267,11.47610361478341,10.898326688719013,9.586312962297239,10.875517146315936,8.875896066087458,8.48512243506229,9.753018260388536,10.183337613323165
626,9.109535026776097,6.355535053429161,9.00557515314171,9.375076711488964,11.931089678314812,10.838668571342001,9.421951144614312,10.232611651262289,8.80568592024507,8.081263599363384,9.684314214669298,9.463851716423903
627,9.26132302866727,6.309151826434741,9.423634191357152,9.477842773198924,11.799271208668422,10.250096830729008,8.795667183609712,10.30125717739091,8.754438797036617,8.173367882844039,9.193845967238806,9.125129075338197
628,9.976076410146382,8.210712190229732,8.218800368886157,9.146121331339709,11.141231326799888,10.173845146655193,10.42753434018238,11.329765254718673,9.05945720013396,9.4752198332224,10.405327675242255,11.131074693957014
629,10.44368120764969,8.09449953838106,8.64284257069073,8.971881008305251,11.345322147647337,10.299793759437875,10.597350591153832,11.193663483478986,8.506595809881661,8.944969903169756,10.379064784848342,10.997697025756393
630,11.626081515624698,8.289181648130551,8.644425786300657,9.30941738806246,10.235127666723473,9.77587320745383,11.276890631026092,10.54240423048711,8.485074175869311,10.499518756973302,11.520185866352321,11.138344066661729
631,9.37829990169913,7.174256271447188,8.628929818717047,9.692255476142464,11.84130538433946,10.805692859109696,9.594322815848415,11.101188778240175,9.019672988695634,9.400202907441134,9.474312134338026,10.644379179308924
632,8.66951696552696,6.296498423770609,8.744501430987313,9.761026159965454,12.341435929310808,10.468772064756276,8.800009966832972,10.454524105776779,8.458583856667627,8.518572532892627,9.429702072132413,9.539377837865471
633,9.442146747419713,6.485121924739586,8.299237694163814,9.684195623462292,11.847742947021803,10.33784887622884,9.174109444234062,11.314936503127404,8.902880208056086,9.014347444709662,9.416058788407124,10.381709284946261
634,10.334094962684679,7.487441344103172,8.280409743575122,8.950394795691691,10.686821268923122,10.042007839034891,9.99135543339466,10.018019158749409,9.207482875135156,8.866907610774925,9.885277238154643,10.598831532999771
635,9.325926394933715,6.902590704833145,8.627611984851857,9.823266927280988,12.16424901305475,11.060433429879712,9.815851302647648,11.351796760220864,9.304888714296546,8.787164011129873,9.293211104780806,10.136307673148687
636,8.896034356738326,6.434628596740729,7.865147448234322,9.73567546795287,11.830977384915581,10.174318915839969,8.635405561907119,10.596965688229563,8.47163451634249,8.682894533327648,9.32775062612772,9.673187518083575
637,8.603898892532632,6.5211746508891,7.794361021127378,9.729798319438142,12.19233204934548,10.162486327837186,8.510802714921905,10.909711324868097,8.662323624119711,8.726682617869484,8.982003355474085,9.89609022598654
638,9.531286255327823,6.908737099460299,8.050408556363571,9.06873158406705,11.44527852778012,10.274968792615661,9.02136961787484,10.79175203626605,8.760093451480852,8.687135231439882,9.27317654829756,10.349336104445333
639,9.070761771480306,6.498874392293988,7.922206671505334,9.43891641263833,11.689376529729543,10.347553655966642,8.777647144237415,10.571047978587856,8.714761060597763,8.815773283739945,9.313781797689888,9.874889146798004
640,8.617266756089322,6.530276611288812,7.790006668197913,9.872160868769624,12.357052202529038,10.243626539308128,8.392237383916754,11.201459902842487,8.670264830328808,8.897361725407468,8.967272825342883,10.169441864798813
641,9.143736182019676,6.37273153385809,7.975986660651934,9.394807602710735,12.209493680192367,10.4189528269718,8.734233846675647,11.120125463051483,8.441568812426977,8.47915029871691,9.330109776109532,9.798044814021589
642,8.939759686565354,6.572848985384672,7.908826312593323,9.185040009385933,11.460334035989383,10.210220104037285,8.416508650137875,10.700970165179818,8.710350368611255,8.872344844804163,9.303632904426474,10.206699300230408
643,8.331996327495474,6.597590819166076,7.735434643914806,9.630745794574828,12.19750319212563,10.301167158578945,8.179084352390134,11.1449569987749,8.591546530006198,9.40956151204699,9.054743882503915,10.151718311892274
644,8.212449571645575,6.514939199236123,7.697102841145037,9.577182076800096,12.976433719184149,10.353619560096327,7.960915796897057,11.059988846768578,8.464883716679182,9.164341873282531,9.001651152264934,10.174542886093196
645,8.531182774836854,6.558003977604605,7.754358247554915,9.715693723051322,12.1037098423555,10.214198931275192,8.228569202636587,11.227847093904238,8.317468960259522,9.034525068921223,8.844631597861436,10.272867531549178
646,10.003083243343204,7.347605331397556,8.934608618913195,9.680098970532974,11.543801733107063,10.276019808792864,9.535293871542564,11.362768181956065,9.024024728462557,9.56332032884132,9.997246088541296,11.21675684647854
647,11.898039988524332,9.41996476472224,10.946216693975364,9.999731993423845,12.795672556552269,12.095811380629723,13.0458003196064,13.349312015129247,10.28905527209884,10.403429134360987,12.388350004831038,12.673368492465638
648,9.661323183862404,7.367304412246027,8.373742455990932,9.520242616132494,11.43022392521124,10.392582209173595,9.371714996688485,11.325215669907234,8.995828327419144,9.298814564764806,10.277958585120377,10.85849443694068
649,11.681674866303963,11.019700385111943,11.665623787725625,11.39369958936567,13.737122449344351,13.896803703935351,15.358644426353568,14.904372656373042,10.991855709762016,10.974094322447856,11.99215578549318,12.825234310967751
650,9.902207814135624,7.7687093918809245,8.200704876132376,8.581080882522532,11.770031634431597,10.042190479111365,10.49191268623786,11.458389616479545,9.49584573080379,8.959007870255281,10.17121153620091,11.06695219687969
651,8.97957041790567,6.5092581869354,8.680301073830536,9.409188902313495,11.728276144249648,9.877411444028404,8.240281204300668,11.045692797506295,8.301386673977479,8.725698997624736,8.76873573855588,9.744533253253039
652,9.611643051164494,7.092619283084388,7.79523855487974,8.701828319391549,12.451574283929581,9.640440802123575,9.39676632469434,10.91113068808249,8.602337320060428,8.498787088777425,9.10803079229358,10.7938973897867
653,8.401192912142024,6.341066339349918,7.813948113163518,9.421106561765342,12.965427956085518,10.142748162952975,7.897404958647028,11.24281124120455,8.617082313454741,8.992258699447117,8.779440612959704,10.118112460984934
654,9.92738734153406,7.347667103870606,7.9342375520808215,8.585165815086379,14.653414696556275,10.295837130010156,10.389781507563875,11.981437809905557,9.046092192125675,8.613202477773278,9.349895903799776,11.627791617967775
655,9.820743371404237,6.686179719758856,8.194612527036298,8.394947666031468,9.996856148619052,9.21604352412344,9.027226096300115,9.094680905935725,8.342168926074034,8.25028444593277,10.474684820877984,9.451357686517007
656,9.086185531704418,6.638693861827372,9.303668898109759,9.93785421056929,11.692609592005265,9.983998634411774,8.734804636938051,10.991011452727843,8.504086260968233,9.135825494713893,9.927070767011248,9.834980193628695
657,9.80905658833371,7.471201212745092,8.738625252269893,9.233188026822177,11.248609262460871,10.424281988309707,9.450071061217347,11.48055467542939,9.019556327269418,8.693123047781814,9.533347690402639,10.753035727294742
658,10.700926965853341,6.711029463164605,9.151094552360195,8.872889909658408,10.499604412961398,9.769182618860354,9.978169758931513,9.680783630124937,8.510280454832916,8.352509019739921,10.693407571102817,9.195584174730875
659,10.452630548400716,6.985005508030946,8.54576172301461,9.30664906504403,11.290093273131081,9.86256991978424,9.829848008329993,10.30168530937356,8.667887104442755,8.706404793393522,9.802143625262724,10.954696766326943
660,9.218498788393694,6.5866950465889325,8.409234259541211,9.7823810648744,11.92164518716141,10.599307338603719,9.045433246217028,11.56787136416123,9.035846368930159,9.713723952590628,9.169390810164298,10.375793888526523
661,9.693305485256381,7.455560539894282,8.525934751973297,9.349733175544033,11.662238940903233,10.581466187156323,10.272037362031872,11.005504069057242,9.336107288259637,8.928147369373104,9.936842550959657,11.478710592038674
662,9.462678441879747,7.294086931043363,8.495804131565444,9.872439169621709,11.517834549847173,10.673134373441792,9.353286084371007,11.20871106700142,9.24204386130276,8.91954447367761,9.573873428837814,10.535318916200524
663,9.082468901116066,6.610080948094104,8.421555032593218,9.731650269588838,11.715822990929297,9.93549350495541,9.918481106955877,10.6210711807325,8.61473741509407,8.97771479172219,9.536509066270353,9.825015671304461
664,10.085622448894423,7.284964847168102,8.226815734018656,9.189111229261773,11.018034953939566,10.248628004417677,9.691494449591536,10.479479497266311,9.224994730775695,8.334023600591227,9.558913556123851,10.756657046796942
665,8.634199132578853,6.429834903023984,7.802822898642491,9.236565907353715,12.171796473710959,10.265363085796,8.248644073952109,10.930511665694656,8.500816605196668,8.764860832093726,9.085054688127805,10.186745513152513
666,9.761801711153781,7.171847768726191,8.983153197799112,9.30239858401066,11.752857251799938,10.819082859800004,10.425514412821634,10.598573543033979,8.97564923822241,8.540908871121527,10.405862282105833,10.373628840772792
667,8.480416411699315,6.428264827911239,7.623469488899618,9.519287524903255,12.558790588050025,10.216780663065254,8.201612161777362,11.172182843066945,8.576523832417207,9.061423780265189,8.970505940436786,10.14975686779077
668,8.432549076861513,6.359961394985025,7.748780889109941,9.393637031832737,12.345937102267374,10.203147499898837,8.336790775952094,11.034241349992346,8.524814355950916,8.910903089168558,9.028739551250013,10.039799947362383
669,9.653400716666969,7.529127597431435,8.35478894355367,9.371153907262928,10.995954520967242,9.915604821783264,9.918252784152962,10.564836754585151,9.13049118636982,9.925322481831383,10.69689243260395,10.542143845689795
670,9.58415983898212,7.0230722284306335,8.794760641350322,9.597102387824489,11.746031575357481,10.44015753028717,9.459962714648487,10.815767090298593,9.069208919050258,8.932264797013946,10.087532461343564,10.294955036542552
671,9.834617647182721,7.193293032513866,8.511567566158632,9.367112971829233,11.707184299326272,10.326211068082621,10.327208072263133,11.187216872198295,8.462724453314273,8.71421240278232,9.235954665738074,10.324542329284917
672,8.380393639985968,6.332586558040424,7.734136785155092,9.421901863902118,12.342817429933284,10.029371088608283,8.100678605476837,11.097206772651216,8.551991966421161,8.75381156436501,8.847865604741141,10.131220175963911
673,9.330521631422366,6.399902120268569,8.1616441266914,8.933187033181113,10.576379368930992,9.143791735320962,9.832957021079803,9.444154461208907,8.086735781084057,8.406544352623374,9.530217384432385,9.229643199122735
674,9.531346218596589,6.920064470474353,8.649800078334202,9.638743600283945,11.38101296489636,9.899690780870674,9.05529273857512,10.765501608337932,8.674578560334396,9.391808449010616,10.076261791053593,10.575161295302237
675,10.464194683309744,8.15511367928955,8.602159214975794,9.064725825072554,11.908008064698876,10.445189114691843,10.31035443078234,12.210961507793137,9.43883316419062,8.492940241548567,9.842222858371077,12.324542955869312
676,8.625771316453982,6.947231950458999,7.513925718533137,9.524120461984523,11.88469158168856,10.357477321876324,8.285315984533584,11.306182898086508,8.519695854094858,9.234051665726735,8.91917655459843,10.449356370536195
677,9.311336234470645,6.582080451402569,7.967082772739815,9.127889065025201,11.416324540415438,10.311694588124224,9.519428496165029,10.61753370900448,8.585188418807501,8.665633010218272,9.338367384716204,10.476658002548156
678,11.029717898680998,8.18613652966051,9.095696202373325,9.330865344491936,12.412818001633145,11.510393569480488,11.97114302465186,11.853162424417476,9.239243094992332,8.926008612273886,9.971340554187421,11.341252129574478
679,9.785484006566211,7.587434043267777,7.972572575807754,8.902865592613443,13.74631949287021,10.649395876459728,10.48467210799427,12.238385536613013,8.963169208490926,8.789411028503212,9.41592871971585,11.447136213043438
680,8.87523735792642,6.473216635005105,7.875707531111956,8.991164179123237,11.795519170155336,9.98432926738029,9.841878640078448,10.628436564259268,8.415873897204857,8.905337893629605,9.21736309198236,10.966999914109545
681,10.269090278774996,7.398189414748327,8.353633112837848,9.460120111190264,11.426039510516901,10.290025977191817,9.052583063492822,11.246273905476919,8.56458180223186,8.952786022428239,9.594975289097519,10.643649180422871
682,9.156139013880463,6.247976479873065,8.120910596223593,8.949644762914613,11.300404700942853,9.537905012438578,9.917258234158485,10.010126580290258,8.290863108499623,8.566284635927207,9.095403935429477,9.614083143985457
683,9.005588159853694,6.511673375638345,8.20779891293719,9.564628122388186,12.23604691648886,10.210343614460944,8.79131915580541,10.390016135157854,8.45900825920807,8.745931341573245,9.839776910233958,10.080320896852346
684,9.669601649981125,6.683822039903882,8.557320144447745,9.331833976126452,11.460570897746184,10.275239906023975,10.086093638011057,10.337144452062173,8.408241244340063,8.627305583846475,10.094630001475075,9.94212134753952
685,9.894685094335069,8.123318755855024,8.774334804082637,9.704713919160476,11.183880783734107,10.656381491918347,10.84914631127344,10.96165520566497,9.994721435796514,9.794369918604833,10.679692067893013,11.002122947592408
686,9.87377065174903,7.185017514472261,8.433026349591753,9.153366132332536,11.088908823290652,9.665078073701352,9.070216997541012,9.820743206210562,8.71543656944987,9.723563017073987,10.723474642486154,10.34049944792612
687,9.642727464347907,7.380962204864686,8.92230379870644,9.817915618253874,11.673729469336138,11.270374210650512,9.23119847098803,11.017079492009977,8.737430691627432,9.273214108064884,10.507940907292703,10.367984473121066
688,10.337562244510158,8.11514358539307,8.417370130755444,9.230082228429026,11.492225123106659,10.415551223726304,9.74564596662387,11.450893956236076,8.899020853382748,8.957912020372186,9.867383634911544,11.020023344245136
689,9.630532450452694,6.967563709753335,8.253037020309236,9.24315505064297,11.973883634028791,10.512414745674247,10.0587667371875,11.624137805652753,9.175715076531043,8.562810278214618,9.812296194766278,10.787958284992904
690,9.258142192194907,7.143222633268216,7.896176756374007,9.169870667055235,11.808627071440217,10.250186118337846,8.88176404295666,11.239254225183263,9.042061122638284,8.910992202916848,9.189707536932449,10.718554398754222
691,8.322883832793515,6.2761542047619265,7.906650657034371,9.371353122245472,12.195675317312373,10.165874584336983,8.490758982178837,10.784781258873345,8.62659580125436,8.677258008950092,9.037761888329616,9.80997108846
692,8.692569598985973,6.356373158269188,7.828139454704186,9.543829424491237,12.215332698421847,10.2585447048933,8.398807960809625,11.55635492047505,8.490230776421734,8.66218424886681,9.22728219885843,10.060948805234705
693,8.518175656081056,6.412838447602195,7.76517553038702,9.784627864549215,12.203760196115141,10.054232259179805,8.243538213277292,11.012140243592548,8.536278489154387,8.989429327409658,9.102680642893661,10.234532184607758
694,9.290559279799606,6.855531665244083,8.552863279354643,9.840840499390481,11.58660734975026,10.163336988769299,9.08122457788015,10.995939271437859,8.76595643432583,9.6722629314501,9.857045653615153,10.147547566322125
695,8.638474587853494,6.581703445685902,9.252455737573992,10.18196578095094,12.489058085021473,10.382335546985693,8.084749655089398,11.046179331643955,8.649821555943458,9.369267095754367,8.963381950092618,9.855834937423733
696,8.629862089132263,6.670048154313424,7.9850602000190705,9.9633874875509,11.77466605095196,10.010236577668632,8.43104793499612,11.11081354091693,8.783601662742548,9.549262106535952,9.223808132714623,9.994666750707953
697,8.667357692038447,6.490689846776638,7.828074689324962,9.60643466535756,11.72282462630293,9.946168913010878,8.54716719518649,10.572742410933785,8.673862649971664,8.949929623326488,9.011651230381132,9.755364607827595
698,8.397156455531775,6.908388903236406,7.880760943728809,9.529196626396796,12.319250323765377,9.770578482815491,8.394885716303122,11.012317841076275,10.217495980360642,9.439679413405724,9.34416575499488,10.353199406597728
699,8.934413944978743,7.166374183754142,8.299705933527804,9.684672050081172,12.313455514968023,10.33685566579366,8.913006971881837,11.895258257784743,8.678770061456607,9.090239929599877,9.400532992624724,10.905952939924205
700,8.282734987084055,6.564681923945821,7.557471529100008,9.77476004973022,12.074640385158581,9.823909359216355,8.068260637306457,11.20822365942107,8.528300415732225,9.126836866946526,9.042342132730969,10.04537777693329
701,8.250406724601039,6.2051301943651165,7.788646093542804,9.906420624667241,12.076208241737717,9.925616882080263,7.880779868593139,11.026005573471384,8.427762695711028,9.372133116847795,8.754252339600693,10.205561592292977
702,8.639707647957934,6.178873391691114,7.9169890740371995,9.313577950324849,11.479648677400416,9.639536028116893,8.438152210801851,10.53563692482563,8.665611595453493,8.544111914407559,9.067302935223307,9.723603438630462
703,9.065159803404836,6.662468982666651,7.868110738762976,9.230062610047097,11.229602317607219,9.791207118108359,8.559021517079076,10.824660287607578,8.392266036919578,8.55225635937339,9.122575998178169,9.463897539086343
704,8.627615799763458,6.5279476138849875,8.094344496016191,9.880278233354888,11.98087434603821,10.165508318473542,8.61172403335219,11.297923984912252,8.531327066614137,9.216054613553158,9.260597171044338,9.613208678541705
705,8.38015460447142,6.537088635983324,8.092486695631859,10.235739492652568,12.646207931233771,10.419702422215721,7.936169475612647,11.19591043342718,8.909217881156989,9.86174707737785,8.663672984986325,9.780353310905333
706,8.538206365974194,6.4982605950802705,8.25990702408835,10.11132527779056,12.390213674237094,10.335360303816127,8.318496375786125,11.496080326069427,9.069173950172221,9.30203148576845,8.596663839853658,9.889210154799327
707,10.696713179674784,7.484367089730069,8.802765677207361,9.36860668261536,11.145687982319195,9.729906634689367,9.50800305331159,9.974751356539551,8.392402507542652,8.442393697448814,10.506493975271585,9.727607666764994
708,9.02327885955703,6.435028357216089,8.484936115744233,9.560838855348834,12.514400554803983,10.426803583007956,8.570128108098519,10.537610138305636,9.105635880723257,8.38077454011764,9.021527307431896,9.837364484859467
709,9.324002924554872,6.44408159580235,8.846393185398828,9.073191175294124,11.666370943924285,10.358531955938798,9.058795640835353,10.322488336582527,8.72761399919078,8.289357820188462,9.555864559798483,9.32195455536474
710,11.841325986533208,9.087117327698387,9.54696032183736,9.01836874603319,11.46748305593174,11.339252913207794,12.461564798500415,13.013432015620591,10.186548756845472,9.16533154430309,11.042554014982478,12.455247298804334
711,10.786104580220892,8.741986863394775,8.95742502129279,10.168708739095534,11.31597436391613,10.940836768212586,10.476119526817676,12.722631789855418,9.45990743695096,9.364508133856088,10.094799591220504,11.085142936639595
712,10.484217811215302,7.779091568942379,9.205215121158398,9.543137845431547,11.453131404161827,10.68897046205635,9.967849658111769,11.167024198077241,9.045194427574085,9.058298606499427,10.29565584292377,10.53199478679517
713,10.544444173952984,7.454746727234889,9.777253301385555,9.642239425193747,11.494963623409049,10.180551530544683,9.853015200778037,10.948942216749376,8.867805826861003,9.187551034080174,10.217231405649569,10.685102019128994
714,10.018726007365352,6.985547993921742,10.47721380585039,9.69537714120884,11.633213904285304,10.358195757013021,9.41952621459896,11.052844627929867,8.953488842456359,9.37036662420104,10.05483754842751,10.590639363587329
715,10.749850488663846,6.995835437780387,8.749008327417487,8.537939297400136,11.128303548569871,10.327463169288578,10.89393563803451,9.941466748568825,8.591617677655556,8.182485139253142,10.383103167821872,9.896698059434843
716,9.367476235337255,6.864551345379161,8.570223384400478,9.983387367282335,12.022432967195204,10.640439492399452,8.897190282569124,11.645491117463408,9.04687953403648,9.212684164815315,9.228210429501285,10.052700072415597
717,9.567151164697691,6.948039851875022,8.776356010772721,9.294986147282462,11.97901335382399,10.262628876468076,9.970065261723864,10.23262958663075,8.447302102971552,8.321042851985542,10.010474833495286,9.39286998080645
718,9.834126924959318,7.280043538281674,8.65490802586638,9.611271154358922,11.48692353759557,10.749487923615607,9.101552195754952,10.937075947159867,9.04759424745717,8.908813042029546,9.630368191292213,10.048562789032502
719,8.55749666042167,6.342268613521883,7.935083140815848,9.197373810638188,12.070169911873021,10.154413398395702,8.491964953581377,10.515858459764477,8.493073360016643,8.688119534478485,8.818856008538578,9.818035742099905
720,8.87474011000477,6.7221901462634746,7.876162667239512,8.812541927237369,12.122360116421035,10.42522835976067,9.693723815810408,11.396976174198965,8.994599235352178,8.861066464727958,9.109536511093594,11.116238365808389
721,10.220269887195787,7.366550400483055,8.267705475791697,9.164506743143358,11.887904883156136,10.678748251614872,9.342875062905911,11.010864227453169,8.99866436742102,8.564816243410604,9.324611917031689,11.473857349341984
722,9.94929966639641,7.7900195185256855,8.355703243722099,9.22613530071092,12.191357436640818,10.69058931462785,9.925400277205583,12.119555498288566,9.392344585492644,8.98007527494919,9.14181378152167,11.446842680205982
723,10.25872861120965,7.265122827626373,8.6557855108116,9.535966276102839,11.140082452607341,10.149503950579174,9.254827121885716,10.802467851474674,8.845180031839018,9.578784356772308,10.270709484869101,10.456470477500936
724,10.146572116761948,7.830655390848805,9.060141785537493,9.738583530365213,11.507649997086336,10.735331847204936,9.70349301706683,11.53020201812048,8.980530801639913,9.37855424265144,10.233324486601354,10.626029434722765
725,10.230996605147649,7.899083731155487,8.933843195647494,9.825198638711434,11.466334314100504,10.616132219495018,10.166078811593529,11.256745983228628,8.99582771391506,9.369224052877076,10.25007537867069,10.462349261310337
726,9.579914113541887,6.941793314587096,9.236754114803745,9.790207740812257,11.861834843038459,10.399792227826396,8.9712022517167,11.260593993462297,9.321600222856373,9.037058815310647,9.119484900989406,10.299489165225147
727,11.882157004532415,9.351692998912554,10.01067942525502,9.868033734251476,11.87924314113878,11.641870455435956,11.931615317879647,12.275404013796088,9.846924789787966,9.488917001250748,11.671158192208738,12.274828965170137
728,9.45049785166443,6.872237020422988,8.748894900064261,9.610386261107191,12.290141489270926,10.495910098823757,9.56522596514224,11.09501813773256,9.424073471607594,9.418876044592428,9.630429874103633,10.239703800406462
729,9.156881570918364,6.835838139328615,8.56825631276963,9.36778453268578,11.486878646350068,10.277963312195231,8.916105542304614,10.92071613539962,8.871773015966884,9.205787432382142,9.346565311822356,9.894543320583224
730,8.681893975435203,6.410690798267243,7.86986670789869,9.540889369530946,13.14253560362718,10.6489514331952,8.296879486755817,11.335054980057734,8.723258602426963,9.134401879513728,9.14713237120026,10.134493534943221
731,8.180034110485298,6.418778976138151,7.768846146367153,9.463238294353078,12.2774997811674,10.178497192526994,8.062223252450448,11.224007251138929,8.643461368238377,9.065402704446297,8.98408143705785,10.269711150102879
732,8.267457195896197,6.500186760072115,7.65445349648431,9.260297558534889,13.698673268851202,10.281382489923597,8.227008991852163,11.36657531987362,8.786509516208264,9.069548741049614,8.957883652648723,10.784503765955826
733,8.632840025657616,6.512367376673749,8.052215411147145,9.31088203853638,12.098041474026616,10.414436202046945,8.796899740931739,10.60441463610817,8.742062108482315,9.01501469152181,9.00025868945223,10.140529217889942
734,9.396763909925465,6.913995943108841,8.066573136614295,9.379761462259602,12.90146341317829,10.49729736729401,9.416724938439097,11.590740069450025,8.915253749695289,9.147195878383673,9.631783582511815,10.629839395994027
735,11.056793858016892,7.826197152623704,9.328943459695022,9.251999503876343,11.700727236259574,10.40335883035375,11.085345235839021,10.673608102160426,8.691051457104235,8.514563493700338,10.52008936216761,10.02463114526879
736,8.182307665975166,6.512460773908278,7.772793285311073,10.17732058436076,12.151335600978655,10.387831578460311,8.241618216503682,11.483417999775869,8.84064594452795,9.529511110270121,8.89823983811997,9.829545654200569
737,10.68449881319603,7.867253046651619,8.982053729077698,9.51423010652611,11.258199984202843,10.47471955038661,10.019747829083933,11.280104660192258,9.141366432118332,9.582656578511921,10.417099260751229,10.484259888850035
738,10.650593659027635,7.692229082132183,8.552402167693034,9.52383374800502,11.170577900697683,10.22339316537673,9.661052012577588,11.377663151586189,9.078289493543553,9.94158558840866,10.441902638134337,11.196539287579151
739,9.01431830980833,6.516146557191623,8.635014044302704,9.48558898115707,11.651545026848241,10.06316418564618,8.580606034125736,10.30314363597401,8.787405339462152,9.49361246781351,9.34664480347653,9.735091473462507
740,9.47032275789432,6.5814993517479055,8.679943843433815,9.16869166417248,12.029134136188013,10.58790332873414,9.502858193297383,9.920778522825039,8.582761692498671,8.733249825088636,9.523200561170345,10.19692298907708
741,10.416555973050874,5.9241065288309365,8.805267026638383,8.646104079499391,10.926912315315127,10.061005612233611,9.632849489736776,9.090427213067432,8.5083263136788,7.702100524424017,10.398919941874203,9.189883628601065
742,9.176659180209963,6.688421555466311,8.355758468650304,9.416413307473182,11.9956617892821,10.789991932334887,8.884812615330176,10.707072819744875,8.80798196042262,8.756312252413046,9.385207249762193,9.610978782702178
743,8.53785350100745,6.421962161003545,7.869901668182882,9.645836525164672,12.148872202676088,10.366869500087601,8.617765950172949,10.6685829248867,8.604267051929904,8.891609454771755,9.230585296546245,10.023892470633058
744,8.898461226747102,6.805682978028703,7.932916662953833,9.309544865492235,12.19130608076961,10.43442464641456,9.482397489403189,10.875198836307849,8.83596234622484,8.710278750907026,9.270407574934694,10.530097190401445
745,8.55684716181532,6.464659391545323,7.928881785603822,9.590045412074296,11.99616812398787,10.429273843233638,8.454617097279385,10.780523505274964,8.899790220391761,8.90198939412091,9.248913594115095,9.755087470832454
746,9.35597393926863,7.252657867331999,8.032569296509081,9.520903640638519,12.007219792949726,10.75659481022581,9.74167612560462,11.936120967289833,8.930280854162827,8.960563084481711,9.306767368801918,10.981319847584885
747,9.318868187560495,6.796578727742293,8.384965399535375,9.129218055531155,11.832572194791231,10.073449665408226,9.503743804143948,10.641455573385073,8.574446804544888,8.52622867109694,9.516850889435156,10.122925753458485
748,8.544994035170221,6.339268541143369,7.835006617680734,9.286168186617719,12.256914932855677,10.205598396344845,8.525629335250775,10.558609131108872,8.58013199498537,8.74811026490435,9.199437373977434,9.892130671635652
749,8.277181559558109,6.474996577861267,7.637356692140749,9.27090939388151,13.570935175927634,10.088533535987711,8.398253244465058,11.662773524238894,8.97652632959758,9.313573221096805,8.866125776674473,11.34244871927804
750,9.161719952098194,6.820436011853759,7.897783695405177,9.111256238037495,11.951988162971833,10.267828733041432,9.226768761922537,11.339172074837833,8.963772816286536,8.725255753835398,9.075797062818861,10.7828279142412
751,8.335804903935081,6.126924152309352,7.791700878734375,9.587600089748278,12.154379926124971,10.154598234276222,8.018654451480277,10.626839613036772,8.457529864179445,8.741713679418794,8.84927070676017,9.770684842998918
752,8.522801254146684,6.554686648812687,7.809608529496661,9.072398675124177,13.647856715232239,10.190388995141639,8.635082366127108,11.62023762209926,8.877053891371585,9.180350057832918,8.90222601324096,11.043158692087797
753,9.753527120118168,8.393278866194557,8.826930131082733,9.444812554986694,12.723496203830996,11.233598919686127,10.853181609376758,12.369428215067686,8.98878523611215,9.295474306714503,9.777124169297894,11.45790168606017
754,8.097853890062988,6.329051533960646,7.874589849851415,9.634296019488339,12.201319334162205,10.299473972244838,8.272987325904968,10.879858662133898,8.619911346990724,9.121474940070769,8.565544272532959,10.073619441352388
755,10.045089003001078,7.965782152415599,8.61726708354358,8.887763410919238,12.995392103638071,10.634002360728424,11.202692502651526,11.967968574739574,9.06367946197937,8.683402289752813,9.434097668062847,11.632564137759054
756,8.799959804271833,6.481332447319752,7.878208086906801,9.081375885720998,12.161127821971656,10.046954646964629,8.437418094102012,10.71330765950351,8.673425361033646,9.007696189430154,9.078140541065991,10.14294772699007
757,11.571834370449967,9.008718900157715,9.34469714457533,9.385626605538056,13.095833928038719,11.251626205308053,12.651892231829333,12.615862283383088,9.47925215424351,9.08625654036936,10.527190268992037,12.081038068392772
758,10.837173493517959,8.852768917025653,8.606597985764116,8.75163615343417,11.55345347282643,11.168587839186452,11.311553415043658,12.674130889042534,9.743074567259535,8.492622472109867,9.527839731838633,12.52808399648276
759,10.224641708296,6.622336090013183,8.580144916048617,8.957167966359183,10.927847515535206,9.789508732124713,8.870253805444898,9.776766438958859,8.644273343206333,8.080342853263073,9.879814635542663,9.469257610465254
760,9.162269411407074,7.0591996036726075,8.350963630145815,9.835834507659111,11.540228330967206,10.226563144300236,8.901946027700681,11.495531416550937,9.080048366395836,9.551107986647231,9.233918607903492,10.099587287958565
761,10.822220988157355,7.7091771762900825,9.288373509077022,9.470713764319138,11.229160480760594,10.29146298381281,10.06044224763637,11.309115633833432,8.998329569875896,9.159478803495276,10.3423170107727,10.879274848260003
762,10.163169896106835,7.256599533811204,8.459085897422138,9.374490974793751,11.117195633396522,9.963125993728157,9.68057305405711,10.770876790579651,8.817742175364438,9.434233698812285,9.78376265135137,10.401885401021929
763,10.295117451538722,7.3852993077528515,8.584040167908288,9.12585433731757,11.02819734888078,10.065421848039678,9.878125385734155,10.932766497102236,8.94532495689209,9.206734010806555,9.803091717006602,10.62098878352271
764,11.267032718615976,7.430194555136517,10.136315635583514,9.490179917158548,11.937166262186768,11.04174390232329,11.432646904254065,10.72706486086443,9.721893516681426,9.457563463750658,10.840743160858972,10.4280277019272
765,10.651072718189846,7.974930320292924,8.743847033604526,8.970628320515782,11.413570630579947,10.635666819124971,10.799619286370872,11.940022904767673,9.753978032993032,9.03711446032875,9.5826189298383,11.597716539885221
766,11.607871282623627,7.659134299319474,9.877577584140495,9.323845598295573,11.359947892717575,10.830228516273165,11.506712694103225,11.600801050773654,9.908271960838462,8.924729411303485,11.068178245048419,10.67544783157085
767,10.843286208337576,8.117873701958523,9.08686080209245,9.774954517444357,11.824843401254423,10.93491265649774,10.610147724622145,12.197689731995876,9.626281992316173,9.347619603764246,9.885772516165058,10.876958903100652
768,10.407792246753967,7.426125527611722,8.78227106329022,9.483537469197252,11.462908535800512,10.403885648781118,10.102578925419593,11.567934778950043,9.054998082831464,9.477335521827165,9.771784869214066,10.80057872697408
769,9.985991015425297,7.428572115706821,9.04808255303046,9.60489542493795,11.701703913538996,10.419752914843482,9.739254407011268,10.873179932464312,8.924229787890445,9.17402709388197,10.016546972085937,10.346070268289656
770,9.289547154999081,6.609705234385794,8.845059031465173,9.435305368432626,11.901992587352431,10.336131003257538,9.15552172968679,10.18160409189171,8.820705072884639,8.62458571601601,9.79804294125859,9.428132830299518
771,11.191744730581227,8.126994252049938,10.186305939536364,9.39117920259085,11.606737728375888,10.46545567662507,10.161246794924278,11.867690634380885,9.242764956467848,9.588723899894376,10.329037673078327,11.495631226900173
772,10.085634260504818,6.030073866041143,8.775349397923776,9.084353677663296,11.563910741587463,10.40189343118437,9.729048191737224,9.955865946575106,8.906437155696084,8.72900299426754,10.027486210052146,9.177313845362393
773,10.050723567336952,7.530083827522874,8.67917311322043,9.04633781978428,11.867862871952877,10.740151730932533,10.4792860063965,10.731011365586388,8.763281465292206,8.368177187179018,10.030846518645916,10.962442276324225
774,8.756887838934528,6.45730819292665,7.9977239131590725,9.445616137333193,12.151665596813697,10.67979898252496,8.504260228304744,10.83592950987156,8.698720983590283,8.767347676233303,9.086783079970175,10.015202850426837
775,9.10101077475313,6.885636861758341,7.8451866412435765,8.819116656591858,12.37589886830077,10.140169148522304,8.97825684826211,10.628640317982985,8.645207366707005,8.889895022188991,9.779403286745396,10.465553210134406
776,8.862007303543672,6.871413318409877,7.868320966823853,9.227728870630413,11.793374547656127,10.365120852130955,8.504527894806433,10.959230286675758,8.92396906231496,8.988594598392014,9.180592819359374,10.635708239920126
777,8.747449657477677,6.6518694524732815,7.844479287467828,9.187878797672996,11.94669021467157,10.315933765758734,8.762831823161559,11.642679896313062,8.828478276092527,8.877763678027218,8.96056659913986,10.845972617789508
778,8.459584058026728,6.391733282650003,7.862495030557134,9.178535852055994,12.552251763945286,10.136709671241453,8.08358367704756,10.86646051869392,8.510220144478287,8.887497073351792,8.760269272511538,10.505252995678966
779,8.64772167226062,6.278817103865471,7.84090416676489,9.383170575025629,12.185714327614507,10.181732854569006,8.725680164659682,10.485857509283699,8.535668318050188,8.774991341449491,8.92523833404454,10.011675532613236
780,8.787928341305221,6.612819826738742,7.8127402611748344,9.015617641754565,12.149568821291755,10.287260629440938,8.475775282698208,10.520026741598404,8.780969756761337,8.798061821675383,9.101796960250914,10.368635939598878
781,8.963965173679254,6.3499998996291325,8.048973337009633,9.169893896348405,11.979660168357883,10.058617435951746,9.071107627306844,10.323994732540715,8.696920215463326,8.523271188895574,9.337490908297397,9.752093387442343
782,10.401001097008402,7.517333875002569,8.240980377302588,8.901239157930405,11.793900345534515,10.487612320805788,9.857799637979586,11.350294290511915,8.651133330889767,8.740974669820678,9.477643295079897,10.85528176215849
783,9.567998155430239,6.026799598933501,9.136652458126509,8.386346500965612,11.878291493508915,10.94264111676333,9.67812451520183,8.256999296784775,8.313839899378518,7.401344687975799,10.059924427455416,9.72823256462311
784,10.188602599218097,7.663864011973791,8.73127019003972,9.029261680026625,12.10379775996834,10.807455396563357,9.672174876326428,11.834131164521445,9.147794890459817,8.833784400068721,9.088672857245578,10.962300274810179
785,8.981313731860645,6.66938839381681,8.294301953542075,9.838332664256534,12.27991316927774,10.48994585551213,8.744923089472797,10.968318213752141,8.987686366172534,8.686981150630285,8.949461907791871,9.719721791644613
786,11.480719906515667,8.31088366829537,8.953224586789961,8.661904385234635,11.489318770348738,10.6394010349058,11.235232862464247,11.9569939005716,9.793306634817977,9.056976757536237,10.168164442042709,12.264314538358736
787,8.302111389617588,6.647230775954357,8.293957753827257,10.163369497142517,11.596919858344847,9.946097106897327,8.321982359238156,10.944788323792046,9.088000955306482,9.403301198577841,8.932869008176201,9.878942926032149
788,9.68798730401398,7.013178319624994,10.19364885829065,10.00373357188186,12.124557323553656,10.854552586147626,9.820745353912361,11.72551984425645,9.117030526604369,9.22908583049936,9.87048074798814,10.371960145254505
789,8.365858444874538,6.5786645920483,8.302823858794344,10.09933535927218,11.606397510371238,10.136601716041294,8.465750359763799,11.28950729254532,9.141652698564204,9.40560948716672,9.12074828434191,9.695765801529655
790,8.077456203178798,6.57973203260369,8.034109785706157,9.955989370628213,11.656882085000127,9.903006774260458,8.03040352232154,10.794911627963472,9.129173076316,9.349959105296158,8.841610765090195,9.676711091008869
791,9.597512452147702,7.861408348297545,8.057235676514413,9.355073237151258,11.436635770102018,10.514435688145621,9.777577466360553,11.817971495431408,9.325154997619844,8.716604038774054,9.15630234820479,11.3712593822756
792,8.526502486001398,6.6418001675834795,8.135004156233236,10.197848040966242,11.408600703351153,10.154297889817549,8.826424413724792,11.469941768389898,9.189916143625672,9.465460404306745,8.822233438026831,9.885847759621658
793,10.25818593967045,7.652372173278182,10.227338258091983,10.334892552466023,12.145619548126316,11.012643392410425,10.411105768933098,12.585471058218609,9.374003588809163,9.427519855414758,10.155256832308533,10.722307269590598
794,11.908085246965657,9.263039745909197,9.9249513048475,10.693992791570054,11.855599978985552,11.244452018043342,12.436017981635425,12.661786925167824,9.747268690987905,10.07444500687175,11.233451250268498,11.931591434027572
795,9.630439602081942,6.932777894080776,8.632869789247232,9.459398213248644,11.445898487330869,10.252649564419693,9.342215293036592,10.823492776819169,9.034498674872273,9.158164756470917,9.59845738818993,10.042093450531796
796,8.451461230954873,6.3887519838637115,7.7103919918255865,9.173000692012547,12.395572938187506,10.305261522405242,8.209001738139449,11.004791892974904,8.597955227607967,8.796567777890814,8.988678833775946,10.02172254094917
797,8.627214004899963,6.449773336461956,7.799648261800687,9.22482251081083,12.073386355473422,10.264539082220619,8.377268841693201,10.755322323715962,8.665815466263265,8.961958087067522,9.077871706700586,10.30299208343613
798,10.585106248464236,8.398785196579446,7.913429581303053,8.959998054037316,11.83550787177602,10.903569461141974,11.290458845222727,11.867887216158532,9.25828982654173,8.786279006361504,9.542653540466965,11.789175912997448
799,8.949638871329563,7.04055312727972,8.037423970368826,9.291044170877786,12.823470937697662,10.29235275038167,8.776872421712875,11.353750507377512,8.544240306081129,9.047761148940069,9.165250176362925,10.291497813620184
800,8.443368888020837,6.0254010888413365,7.773946030315175,9.392783946363615,11.608126753270824,9.871022982041069,8.668702942251581,9.933304686573077,8.238295791616977,8.408276769100874,8.947054694186594,9.3492264946555
801,8.219091877112659,6.027041585798307,7.891000954131384,9.618417391914754,17.558641024087205,10.116302061660303,8.257739721827837,10.52447349120078,8.421355226809546,9.044393569893757,8.712165270213582,9.797052948356479
802,8.52375332966193,6.400630076648982,7.729599033219504,9.28734736117809,13.085634530195815,10.155859577048234,8.36441510995768,11.30722966698745,8.68922470522115,9.098335338983008,8.971321201532358,10.884785109214171
803,8.678635391657451,6.590323963462685,7.878629235397884,8.927872131324586,12.095157009730109,10.04078666333826,8.748151945164205,10.888715934779341,8.746730166776915,8.91531482677116,9.126017017994132,10.242771428642456
804,9.085264111629813,6.663372276358846,8.354448659089632,8.981070398998996,11.692716732307687,10.036211641113331,9.622601873666685,10.834397611494898,8.364531740458824,8.255337529977334,9.094132622021181,10.09058437916616
805,8.694447038685583,6.384507119936556,7.859657393991347,9.246202659907418,12.077154954238752,10.085908147962614,8.960307349546678,11.169776479141296,8.860432495563757,8.974483888773948,8.994720240319241,10.626286525161216
806,10.771900418301984,9.168230220011253,9.710877078309405,9.389352079727344,24.979654468057817,11.61522460133968,12.598906432936953,12.546824559883467,9.444506166343755,9.295158306876315,10.068260867768451,12.152279008107545
807,11.099728720674968,7.986213367330007,8.745355981967695,9.210163044640687,14.10224285907593,11.054423070733112,12.99789111910902,11.496144724511108,9.828954140661489,8.723919981580021,10.662369117502681,11.383508842160976
808,9.078491633006035,6.637826151094512,7.888446843011012,9.228447236869627,11.79256900877401,10.520676979942728,9.75695499795712,11.306229127645826,8.704391087258127,8.94825019748143,9.49236269229031,10.194750020430849
809,12.8041824344131,9.340934884705769,9.37650002215789,8.72089761425495,11.451257103177896,10.952949734104664,11.947004817378811,12.662932765922708,9.683022000917784,8.786358115353192,10.77664297769592,12.49483040445644
810,10.217228472588891,7.524434921089965,10.504366879008076,9.729255515181643,11.668027794838137,10.910064077624401,10.503301673748465,11.366663783756021,9.216334211613278,9.160002236203475,10.148990636250259,10.271626875565515
811,11.49134240265584,7.778955211889858,9.704133435794052,8.88757417893455,11.188765720901202,10.745301283548997,12.957336270903571,11.121373932142685,9.940021492586272,8.436179760026604,10.645904468683378,10.613099858634143
812,9.092490517146683,6.652056699685886,9.450929962859416,9.863476271709754,12.312449311227372,10.424981694822318,8.421109791605478,10.97726792449116,8.858553164255147,8.924323475044691,9.184519916371064,9.43324635337739
813,12.82400883879978,9.331937794903252,8.918208654058269,8.775560311153413,10.505792539077962,10.551405533349984,12.83742765410084,12.225038648069273,9.882291517036201,8.815967995658749,11.02446031363794,12.915546871541842
814,10.07196417182846,7.9271398328300355,9.013584132329175,9.946879260498386,12.637892339721805,11.465321552192357,10.051804457343662,12.181914867243695,9.411093777557573,9.860095907460176,9.918070065573307,11.120745150367208
815,11.340127290281366,8.743042530931557,8.552455427740345,8.961847361713131,11.444500123990839,10.913996826121561,11.355814445395279,12.544794110173733,9.398198387696109,8.295484284926319,9.93565491310926,11.731952476044746
816,10.795918756669892,9.18680332638625,10.018760090248078,10.342285342784916,12.243469414823604,12.232118986773731,11.755202605174002,12.611709989115923,10.284793642980516,9.84744798965983,10.83027703679461,12.012615777180342
817,11.204488904743734,8.222919010888846,9.056840277093501,9.277380126185905,11.034851531175681,10.882866290941045,11.234020236666154,11.980424522749473,9.434673092592991,8.29752305659993,10.007722271550957,11.13724281009651
818,10.437016148226812,7.044432142217299,8.894699546024729,8.981091392378191,10.933860224948667,9.947186068154085,10.333145485826794,10.04519987086649,8.64958171884884,8.361074764485751,9.844189960352086,9.370403474304842
819,9.556239909388049,6.718390979071298,8.317166985625803,9.544287803872672,12.09502822023445,10.38350325562417,8.779029412433204,11.245357981797778,8.913538234074036,8.700969458835903,9.2306335838875,10.352031563714736
820,13.095890090661314,9.65295777647642,8.675937047321568,7.513982249766283,11.257641856477802,10.782100571732723,13.2001811196244,13.07029159060253,10.292295148123145,8.042314356402727,9.632219815888954,13.965972403849968
821,9.635993114418635,7.249274288090053,8.813826198624081,9.10321716477488,11.65481342578721,10.708052870992802,9.59964701836676,11.12128126519461,9.079950120830377,8.285321538860405,9.29023485382055,10.87484995591532
822,9.994928328494186,7.202525492912438,8.340221955936926,9.279246147573975,12.169208854586852,10.718452435546762,10.99024769397326,12.085946958535995,9.179752218454642,8.799424228564384,9.939817870421553,11.022699633385944
823,8.942826679484174,7.153942616882874,7.796309340150351,10.010384278770932,12.551173801114597,10.71979612788396,8.707019336724043,11.926884045873052,8.758715447249108,9.321170357437397,8.987972384714698,10.239705475780578
824,9.49662413044268,8.071263413291415,8.625782259635557,10.091577840505376,12.399897871784999,10.930304562177735,10.093045576494575,12.30945911602976,8.929367348667029,9.378954302018498,9.57485653321256,10.413463608139896
825,9.860586394788747,7.13574625365687,8.53633658260634,9.06920592394139,12.046823489962318,10.510006964983152,10.563442949701441,10.694655441827088,8.738825990941503,8.535903860313086,9.699087495546149,10.391413213170718
826,8.88652855632299,6.408006325232005,7.8231942245283435,9.531429666174107,12.174475462842011,10.286607375677843,8.666493996801911,10.686156826953482,8.650757473868904,8.833048239147987,9.143020268322335,10.069999058561306
827,9.185104897974444,7.06707002511882,8.079230795087616,9.02340000353617,12.003081557211429,10.336515422449061,10.201970974808715,11.926014056369969,8.957676982695139,8.669952000636226,9.255593396257357,10.805233941931427
828,9.077989271847022,6.29450651555147,7.944793616002849,9.04498219346682,11.933900419215716,9.88626204007494,9.503990010036777,10.796044863620548,8.441851830830723,8.462118142380081,9.392280328940306,9.95417915775875
829,9.57674521425061,7.083556731847095,7.9372276528940215,8.793526515882085,11.532287583619386,10.260052945151259,9.12223929676494,10.933411227565712,8.96235359505055,8.55468497227334,9.243123413470279,10.864977764861642
830,8.88402213658944,6.430340039892998,7.87442034654984,8.764121668770494,13.369266409450885,10.28580219413045,8.9138455570296,10.600270654829984,8.491622549216661,8.73971312298766,9.11101870343959,10.008120054222863
831,8.391998395643672,6.498988211208591,7.634526587667367,9.366159135506846,13.088856425014706,10.16694606884892,8.126985873461468,11.220919225258188,8.63945016663862,9.119930751275087,8.781601972542154,10.53245450714623
832,10.816798786815657,8.557538282007235,9.01520771174204,9.378924296206225,12.11481776860099,11.274390376613255,11.428311558253466,12.333096978210383,9.088511728409099,8.98916748815132,9.757020119985427,11.791096590902784
833,9.131379964424704,6.8494637022116684,7.877912541290776,8.995717594551902,11.731764364007521,10.380951039961662,8.896979748563574,11.322276164814184,9.047996090026718,8.756697370068862,9.179912444778775,10.947184406693482
834,8.173260502327313,6.524593638303196,7.746652501245004,9.410175115364583,12.515369504540471,10.265182775530533,7.989388488441637,11.124478180686319,8.772227538073317,9.528911389313269,8.825784421997634,10.501061444990857
835,10.264316829166177,7.804802206696634,8.279339136508147,8.665104374624697,11.550996873198825,10.553735344733557,10.760515724160069,11.963375698548974,9.490278198244212,8.359257185756253,9.435487689185237,11.79757206275881
836,9.55673167810279,6.77088249232369,8.569732991517457,9.300458652373187,11.914232564089602,10.446001572130378,9.217181519054908,11.079681546235438,9.123984922405247,8.599539229861396,9.083507963827042,9.48388639257497
837,10.11762025614086,8.287812472227118,9.200127349072845,9.61417171223887,11.6723367984963,11.19874466603908,10.307815701225124,11.83707016952565,9.628695280146644,9.571841462243558,10.540109194387819,11.179425077358175
838,12.106476010984222,8.84296373327616,10.56495804863366,9.668292113261922,11.574301073180138,11.223607404465753,10.82580047824119,12.704670672088138,10.161339027470056,9.49042665659124,12.514774307217737,11.88275668441856
839,10.31598391457948,8.01167561552367,9.37190843491855,9.997559870828994,11.974119240385324,11.298388973442943,10.503056078791559,12.011507108366821,9.215902529352034,9.062192583940714,10.030304191923507,10.878621535025747
840,11.889558710198266,8.10394984355959,9.963364249269551,9.000605538560698,11.301561911480041,11.147817817779512,12.928107847247414,11.810949313322315,9.93151315678185,8.554403784963021,10.835648832428163,10.960827843313705
841,11.526648821707957,7.494584350251947,9.874127924150432,9.40277139647981,11.338375790482294,10.591994274192086,11.2139244628298,10.89774292962952,9.780719469217651,8.750646134387786,11.089384455067886,10.132432140139073
842,9.61455523020703,6.653389455915281,8.796319357978742,9.3610454128273,11.469865298814709,10.262595884562224,9.398945373075886,10.725390094455147,8.782724067173856,8.449476803109544,9.586082756316484,9.487660430626796
843,10.66025765101439,5.8236843894533585,9.06156554302473,8.7660960542484,10.9645092494833,10.094904048619053,9.859239802064486,8.869336225698548,8.73736281812601,7.8811269081749025,10.110247233781188,8.69427702463886
844,9.481661812171442,6.484462324147652,8.642585027759779,9.476012869063721,11.680687953726563,9.915044316227494,9.172368891780513,10.28171880850985,8.705619297199556,8.661080631035343,9.325515342247622,9.474832144625136
845,11.760986966947069,7.920171513841391,9.272395238095207,9.161920159658678,11.255526285342436,10.341630089475313,11.06732232834437,11.008105296739554,9.549546302040032,9.118481007317571,11.04173175472889,11.173297643773072
846,9.40003447897949,6.626515227780223,8.882453196321393,9.193147347714746,11.602985720924005,10.238922464987315,9.15390754191805,10.03228727813112,9.0685035476033,8.509482185403613,9.190454461064098,9.298555498195972
847,10.582230384591025,8.200977766677447,9.972872833997863,9.72047928915272,11.394576814258219,10.48714576793826,10.573986919779184,10.903624412344527,9.78682715503835,9.23035938500605,11.49116880884038,10.276874496140907
848,9.41265197025695,6.4001370806720494,8.714717676270379,9.021001269171206,11.35172673902999,9.831867356751825,8.943683650263313,9.76589807900326,8.814525272680838,8.63938159477085,9.465155985652482,9.318386809226027
849,12.52274797359502,9.229250994707014,10.885074055976482,9.388679421210451,11.811114815468462,11.43854995118101,11.836023984229403,12.984060272367081,10.547922390036254,9.62992140765687,11.712312960182576,12.288231659302017
850,10.203473166930134,7.745035013625367,8.371640150697292,9.01048210521106,11.135164162901267,10.020321071875507,9.676599682384353,11.076422114890345,8.890544538957762,9.935565635987354,10.287009023595804,10.92323521304122
851,10.639196317890274,8.914941279475162,9.92390956699788,10.776236879646046,12.433094447142778,11.447183471235324,11.173407380674428,13.138629244881118,9.72161858604645,9.958895035570094,10.745345047679882,11.092663545613025
852,10.252864586694269,7.510274152697329,8.641615543124821,9.878098422029861,11.681440053973692,10.687997756359872,9.640593766754238,11.798159939972717,9.132405420785041,10.230573077998034,10.172017178008446,10.737924952184375
853,11.502894339161582,8.91938895102157,10.253051352202995,10.771487498113217,12.276859580114317,11.485702490192207,12.093417424873603,12.689198606969361,9.426228698963882,9.309203533879382,10.455364493865115,10.916628291372934
854,10.638476636532133,7.756806148161289,9.623641775315532,10.17212982038546,12.205343207016146,11.060158690325643,10.720645936810444,12.372493153665294,9.40887648215668,10.149959401342791,10.427325603640702,10.764384165508677
855,9.850167559447724,7.407660292740953,8.572655817532421,9.669139514660237,11.843521097351418,10.712145973156463,9.935517205566908,11.674578535618142,9.077864789970484,9.130539627507094,9.539699397959938,10.965687840865698
856,11.228329067854508,8.700188285014626,9.789582332161535,11.035833947727049,12.560288592985984,11.523023720226742,11.287618421348927,12.407438418623622,9.553978308117593,9.541959016183911,10.704747103260408,10.832970945841215
857,11.663760592005094,8.494094686003042,8.786720773365094,8.419525319915415,11.455721013600026,11.12896198065519,11.79630293291256,12.74472829453124,9.456109930643025,8.686415765533619,10.18792650826638,12.455349910305287
858,10.216726717476377,7.298507040724824,8.694863750655443,9.133750657612726,11.443872706566708,10.225599578289085,9.798323782715466,11.080969623443943,9.218968056041662,8.993908629189947,9.431581075033778,10.218832856854204
859,10.609086296706227,7.332019719343103,8.609953034162189,9.343791836413313,11.07463805084215,9.857238043105424,9.09805846371179,10.338627115325348,8.619325721760035,9.309371372323994,10.253208300875608,9.762083012706867
860,9.785078717862097,7.433699050398389,8.938208768700253,9.685121531013932,11.840682251190977,10.57901153097551,9.608241488620255,11.672495563662412,9.202773620908541,9.187081041204655,9.520710480726258,10.212973576542716
861,12.035930052395706,9.070588005636443,8.579105683588686,8.138400386595219,11.78703072487274,10.862763389810768,11.803168669362389,13.029794623049554,10.064931116051671,8.346980893597229,9.5100085496729,13.58916173040754
862,9.907189934700671,6.768647774509472,8.73256773534036,9.681865187011255,12.1178613475984,10.32800295610048,9.776677253850133,10.503036601331825,8.794061135289448,8.596247953070367,10.19043819457029,9.42274244604942
863,12.041577036765947,8.35482403518235,9.535934397167608,9.018482653569373,10.158541947720177,9.997392072556671,10.403849751462092,10.392751136938346,9.360642177762797,9.876290019233133,11.816333211564718,11.108172328315078
864,11.321749849437253,7.735913303362,10.209635154985527,9.250031006423239,10.822721192918289,9.99618643472957,10.331933948368736,10.86224563186677,9.327341001671865,9.46753904873631,11.363394340690157,11.168265725187368
865,11.830918523636246,8.46402754174062,9.350093381809641,9.136932326799561,14.88073006035954,10.47122759545264,10.754696294972304,11.902499688623335,9.347537190574442,9.520990361138608,10.977877038741578,11.580771238329437
866,10.416587984714509,6.042932088980756,9.172325476835395,8.953496624953884,10.939780176790435,10.276659467808493,9.838197049633571,9.079853091446566,8.776867644066728,7.995821266858452,10.307113209109133,9.16183741920978
867,10.160822878265499,7.644807048373946,8.426016020636443,9.104963302387759,11.871755396521849,10.844436090263802,10.00686705607373,11.705923078552587,9.148957620882912,8.668516793519032,9.2225987853027,11.031940990455416
868,9.653871766873845,6.900228484032121,8.75137040498164,10.110630929140807,12.186479084771582,10.429571060793279,9.453307144050733,11.378636660903762,8.735319051319653,9.221899987173629,9.8258596241962,10.17086151016814
869,11.783998292974218,8.976088019622185,10.257507885468588,9.753079537516673,11.431752103829051,10.710656536238076,10.89608810043547,10.97988332904533,10.026516540877495,9.640449433387039,12.15628856832488,11.074347786780065
870,11.040821510767666,6.126515590716581,9.522312195707674,8.671844999100404,10.669456787190555,9.820084282189775,9.973927167009471,9.057505753846247,9.086036919999046,8.059782348124111,10.888843540709718,9.203247918818036
871,10.454556632479392,7.252206297052061,8.921455888536364,9.336341887583556,11.452145407600362,10.312899581529878,9.565627787035643,11.084152507302687,8.864199030237488,8.837664599082764,9.736636019129474,10.51262317337379
872,10.835277828554574,6.712870497220086,9.196398202972677,9.102093907192572,10.647056106937935,9.772987741309592,9.688177710381863,9.463953660245693,8.699144417808093,8.186767929364999,10.878747720754617,9.615278993429854
873,10.054778195591917,6.546521808218893,8.916017003660372,9.325999906407134,11.298442611723836,10.501414014922226,10.158949818318533,10.163335416447179,8.860745126710217,8.447741101565,10.171861198926814,9.57683856043343
874,9.680384734808165,6.449758839381108,9.27847354744187,9.236721272825447,11.767607924140304,10.569992293791191,9.61861235194797,10.283782513887568,8.854011359779685,8.796737646932328,10.019329401447894,9.477437215188381
875,11.377983162637591,8.02312826578611,9.793308021397976,9.287784087491087,11.092944650271924,10.772419866636987,12.066823135288407,11.452903464609378,9.487233643753498,8.809341270877033,10.675417717634671,10.194347943527857
876,10.43729088943793,7.156652024811166,9.382850425495015,10.377703302444619,12.20138791119819,10.714478021948036,10.542458316076685,11.638554940182111,8.897916771750815,9.019447836770667,10.241872721102308,10.409113151416895
877,9.459219443789861,6.929024472953838,8.89645208181421,9.575385577733163,11.67027959443741,10.3334239751377,9.102420279959803,10.9730303533117,9.091079314019833,9.032339288843849,9.34822034610182,10.031157047644058
878,11.002255676215997,6.287161204201784,9.307497293665257,8.369616760145401,10.557834787792046,9.742128131601536,10.558544639854114,9.34794203679604,8.994520780522155,7.592729259011042,10.415898794411088,8.905906003880556
879,9.327086336946255,6.846149352002616,8.34184095173749,9.349267876059201,12.202739562557223,10.477647943882394,9.005042951923038,11.47357958719121,9.002341982546914,8.89529825680884,8.955774163063852,9.77282864984423
880,9.74146079472286,7.307277275143396,8.911299735745242,9.672342171628985,11.605236966497333,10.588212677430793,9.271081073742177,11.417017161338435,8.97276562350719,9.512920904170752,9.874109519388767,10.282949828129539
881,9.539341077374523,7.160088382977902,8.513672733093568,9.66047533226656,11.575748465733781,10.675186885795382,9.109974279202163,11.041752201350928,9.067343496338317,8.968324776371206,9.578111837101325,10.21434240210208
882,9.695183318926233,6.978793178263233,8.862054805642718,9.301594525218386,11.804117516934507,10.739332438361984,9.533933245177959,11.10180149041295,9.297084661466567,8.335696090427112,9.328720833402706,10.680413306267656
883,9.989019624806486,7.377247562650616,10.433868089327667,9.814096693574237,12.12888456288902,11.044236993372042,10.414858418977932,11.658347819229643,9.255892119993401,9.305313738090376,9.978813893677582,10.051013144824326
884,9.541051690639407,6.796630711987147,8.639824399528152,9.271216891350758,11.315778709644942,10.34778711318841,8.990536117095782,10.377201651295241,8.915047820896053,8.733739982249254,9.615548191712685,9.443144703817826
885,10.346851924824989,6.98977459492702,8.756941653003807,8.707686625902918,11.13012577790603,10.148815521564552,9.631022658715452,10.485831988046657,8.902956365900804,8.112433539189437,9.794957604092017,9.75715684538367
886,10.532917861203444,8.80511833697802,9.68167464014127,10.190565080682198,11.766415623850715,11.924662874798383,11.804599754951566,12.293771442646307,10.038598581985777,9.919483167701527,10.530735932696945,11.320027959409654
887,10.7250855281825,8.061178448142112,9.084438686865964,9.571775269502456,11.946342472041959,11.008711164545167,10.427139612868588,12.014452415689206,9.162753375811075,9.888590855397664,10.792296539390843,11.57318777026877
888,10.042619625199112,7.854176977339268,8.921204157852753,10.094371763957339,11.907116094859834,11.493592832300218,10.307255766592181,11.870807891820405,9.515466763609354,9.095929119193507,9.84994155633141,10.48897087414644
889,12.119336217355247,9.044715555287306,9.055975156368616,8.766199556337343,11.444806678564674,11.461497741963115,12.490240886152073,13.496798564829735,10.09509467547776,8.329903537098168,9.921771868920949,13.02806715178823
890,11.134267663046819,7.451769008860599,8.683704682722304,8.695457795918538,11.193518398622594,10.011762541634443,10.236901651680235,10.658651721274708,8.894622380572816,8.734996227496353,10.295776078002245,10.300283773759416
891,10.760877182658499,6.978073524525289,9.357822017206754,8.9261718901979,11.463698297764713,9.915880259351821,10.278924624994143,10.105355523982297,8.589031627877853,8.145874777839701,10.266139005476544,9.503859916415678
892,10.481312253441711,7.042535031891314,8.48712648844573,9.291168340431392,11.187985553496237,10.082693020132764,9.93224965137049,10.078365161505442,8.674821581645862,8.712365362885237,10.180833612345067,10.196965952447165
893,10.94242711574828,7.6212863158419,9.269364336836915,9.282306266500559,11.626562087265611,10.109331731312466,10.580256095671563,10.94325809903729,9.022203637871815,8.700574643829462,10.221566512106342,9.646984374443537
894,10.387756575162923,7.67835039137355,9.196070162948454,9.614066341981534,11.806835641365605,11.23741585175092,10.486914124533971,11.980579455048328,9.57379476709675,8.715799780056027,9.487423061350361,10.973829091679915
895,10.27302910293714,6.080199592727319,8.865305225977403,8.713487098319696,11.196195413414358,10.384542499644212,10.191785436680433,9.175850377391845,8.728893204677236,7.748300120777476,10.142208565340706,8.806780746659873
896,9.560229000985178,7.029957699857252,8.657572939454345,9.495190577436427,11.83278455148656,10.359790630759178,9.414805228809955,10.879504606239223,8.901437784655911,8.907801627427286,9.469980862317541,10.028009031835708
897,11.110971461201682,6.717923062458702,9.597370800658712,9.076778965025156,11.293214566162966,10.508390457019352,10.401151253738016,9.75352134865089,9.12204404216979,8.279021269250254,10.472716506671162,9.588400816239481
898,10.979977139720653,9.523324050180321,10.02804460228748,10.357669084918316,12.276094596727937,12.404731901387747,13.007153083769568,13.407914431187375,10.759961333585586,9.823758936288785,11.11192592304667,11.888582454395067
899,10.283661260184768,8.974533736152502,10.171673524069895,10.891027144718777,12.594080010429629,11.843750808802767,11.105895929869574,13.253433210161354,9.811567188392104,10.818914718923399,10.57060262841035,11.079083664670742
900,12.757198384889655,10.484357722487822,10.23283106413913,10.219828598242838,11.865140595310024,12.519763674809203,13.228321688831457,13.709521428635885,10.950919622526264,9.916061615627722,11.276338527804068,13.62096679404257
901,12.186031129943746,9.422877543506448,9.528236092986731,8.946273000793088,11.28778484578222,11.64322861324762,12.589170223726697,13.736010453799661,10.082448128656582,9.341181584288583,11.299832908400866,13.238516598361855
902,11.504527164090916,9.393619304803387,10.649301800314781,9.900468438580685,12.315568023245335,12.360620274108346,16.46612580080985,13.309097040855999,13.659249953024677,10.798954210494625,12.209729937062052,11.804099219844485
903,11.4729407736406,8.36585992907191,9.734054946338148,9.525349964075167,11.871900039329816,11.49532219424059,15.356482664941913,12.147767320505347,12.061909114434616,10.188499473878931,11.685617014608273,11.614036830857476
904,11.473772123971152,9.8422650808269,11.060876599892627,10.710722175495368,12.496467697137525,12.64570792793982,14.181637812393014,14.020094405500927,11.913821796282999,11.107055690603222,12.146898974571384,12.68940494065834
905,9.67944227245089,7.364156613762075,8.132081794819117,9.30522874252144,12.103562774107097,10.40530173074879,10.107850107999889,11.021434395081538,8.684133480270534,8.86632204325997,9.42996792504934,10.435706833305513
906,10.007656965678084,7.750533693918748,8.060817215449946,9.040941404100577,11.777585813795607,10.660222243315271,10.023852200829694,11.62268127363601,9.099919810253965,8.44834592804622,9.224684716721022,11.140073192863
907,10.336585373271832,7.67337936261606,9.187515913561931,9.688025958091156,11.885068362117245,11.042915889947553,9.933303893122925,11.662959825611013,9.169706379722898,9.305246593610494,10.10088337496391,10.788391341281695
908,10.118852956846865,7.719383184887325,9.126342208520086,8.742023228826003,11.84620173199906,10.785951130352917,10.904285604264995,10.989086002564074,9.332661990926377,8.35138339998211,9.975343230826022,11.685287857384314
909,10.559271004386256,8.847911830889155,9.12877996623208,10.095859719238767,11.507137740124797,11.840436873503926,10.602350257997642,12.420532461543258,9.46083686664377,8.849753455874868,9.700826476669823,11.249789695929193
910,9.862638729864825,6.107749206713148,8.275681741668517,9.30218215121558,11.441005306662507,9.750711538963822,9.228081209418594,10.268468220508073,8.483618816040284,8.916758573221436,9.567801443371597,9.336487010986868
911,9.701581199611477,6.557271762557544,8.896063872079527,9.20591408666059,11.410151581986042,9.978244479032103,9.188676139502595,9.938732807538734,8.906715089732153,8.523376317715732,9.745572995652026,9.706198102983233
912,11.172115873268579,7.092591760398798,9.434426359279641,8.971444328676123,11.153666407834653,10.3005275558975,11.726312898325993,10.016399839226587,9.648430985874485,9.076936077547433,10.750048628552749,9.6805389732638
913,11.412878430702456,9.361019283212178,9.367845655936446,9.747407832543296,11.604324965674415,11.815161668167608,11.169230941638993,12.547502115289507,9.743028273109257,8.503537781150897,10.328578646057677,11.815141431148746
914,8.971639230772286,6.531159642225741,8.441929276833445,9.730846400838418,11.826725542196746,10.239550502630635,8.710351723184559,11.16713535181961,8.898762390358693,9.33574120667463,8.998158080837685,9.653158798709537
915,9.24787586979145,6.21696354007694,9.96492658278554,9.323181239944521,12.426860405570212,11.025165933413351,9.32293384937493,9.73380274694891,8.526492481640107,8.464690169489517,9.565475125604829,9.793474727899723
916,11.300694066419572,7.380278941287881,10.602891540307638,9.631931848141686,11.492500162597677,10.676783187019094,11.478915400587,10.104564808493192,8.661578360420664,8.156452028426548,10.523247397404852,9.765855007098214
917,10.16346645086847,7.879779665367723,8.629673319557707,8.75583439324856,11.753890855748004,10.677891241509354,10.63334977270895,11.961503764598753,9.340143213090098,8.418059713239408,9.383001392636004,11.87010930978871
918,9.054107042749724,6.805891134667694,7.928961253761404,8.541483705354509,13.527586139992334,10.305523179001806,9.579795885233217,11.598068799137021,8.909903593093775,8.84070605036674,9.12788333110727,11.141729417189293
919,9.298082658138508,6.760972870041893,8.538596860791888,9.535310778665483,12.906923108914768,10.852609829478975,10.625875709201885,12.066575260339974,8.817024018726888,8.99734142396332,9.862796732304037,11.250236935159126
920,9.414773684464386,6.674645984463895,8.767631113989149,9.674904214541733,12.09791128045873,10.59796418642917,8.92502264525733,11.39081405720421,9.08449879023689,8.995455482481965,8.926443652589391,9.684278455228029
921,12.353874223589084,8.664104811462643,8.619354472147958,8.519772037742603,10.523575522869024,10.045007006975883,10.811128985416364,11.256676352068734,9.185269552023893,9.462638558141853,10.703698640730785,11.883115478545921
922,10.532028178026177,6.608899020939243,8.753911947686891,9.17795735453825,11.207657360704653,9.91300281339388,10.154365014476102,9.927708467736888,8.271040606968695,7.65965895083507,10.334519973644234,9.326891674152932
923,9.691333373689748,6.925495170817772,8.571900227835288,9.026169822384125,11.72832608862375,10.798670289572428,9.64236351891528,10.561004726873922,8.867114507079389,8.465619766188038,9.629979570220755,10.074825678334353
924,8.47529487108447,6.2370413408774645,7.782231675891817,9.29795387404538,11.570170625596704,10.257973101557628,8.21287718115864,10.675415434016754,8.724509727951453,8.906112874112443,9.13601911145414,9.966486842888287
925,8.535428112733362,6.342813817960332,7.828504527517632,9.535853033512291,12.292893764243361,10.307473430157728,8.961347517689557,10.581191088041772,8.651431357259826,8.867862221147284,8.9119574655967,9.982912232049141
926,8.426546970541569,6.2290759034428,7.709905887539863,9.128358200115757,12.080643012755008,10.041127950090992,8.261872372611428,10.877349479679992,8.291046332604276,8.510459599386298,8.85228371485383,9.731558460547902
927,10.817351230317513,8.667828287944598,8.735414443990239,8.823883354866249,13.771410803929045,10.826458862441747,11.738643156331076,12.376937321114315,8.913199057710802,8.65278095950899,9.800777315272706,11.917045941887483
928,9.25348656204483,6.984423879061611,7.842959563777228,9.0335877345623,12.12961053509769,10.20692967642573,9.303207431361567,11.681566371108877,9.197430271530942,8.784226053827357,9.231083290966458,11.433237253516747
929,12.922116938710936,10.373715379528694,9.35413414388858,8.899148038836842,11.399876259339992,12.111305335816791,14.07605588965438,14.371741529809734,10.444256284019747,8.167112717699101,10.258243026352837,14.129820685511223
930,9.212505878586475,6.455797951375883,8.62554276357507,9.438397590683987,12.10702107843823,10.746022196364954,9.094776422533506,10.981066714492083,8.837710126617633,8.411283998026274,9.406495374188736,9.877130806785956
931,11.176140301793527,9.446389164430794,9.825360532926071,10.293166370961076,12.017197211490014,12.422436558837026,12.952907581646652,13.716924840115375,10.550624405459995,10.029439464356773,10.94293487517802,12.043207166019723
932,13.419072503106081,9.602898777191928,8.733889762926184,7.695682701741912,11.485911566313394,10.714048898927082,13.077895723119802,13.126464239957865,10.421068525245353,8.362165570650214,9.42130510595736,14.402471060843109
933,11.444456568735754,8.447642192293308,8.424889919231312,8.764776674270905,11.133388886545383,10.30936204242288,11.312168766717281,11.752928183433287,12.175495147397122,8.953294403032247,9.647364781012692,12.193201300548743
934,8.603355523840158,6.777355824865269,7.7394493290773525,10.148884663173504,12.375822043893908,10.511703217481775,8.439209917429245,11.536325520636767,8.593014288383195,9.399221155630025,8.763002875957476,10.4351680181199
935,8.349621568366612,6.408614769070812,7.72749122558591,9.353346541432305,12.380112763799314,10.194464220898798,8.155165769980291,10.929915995442064,8.546877157681894,8.733591314471756,8.998805330854646,10.052685993876741
936,10.21186761926283,7.752543373361871,8.160107154645102,8.782729594593459,12.266847237747,10.846006356965518,10.98844465080606,12.175527992138404,9.05701725425621,8.801326483236933,9.770196261117121,11.98410783175207
937,10.824950717854499,5.980241947983524,9.400348563853786,8.877928626315848,11.108973864676468,9.944326963454749,10.061907222115948,9.061814037124003,9.420336708340455,7.774571698793542,10.588200862917464,8.686901258031808
938,11.8646496128878,8.217414509157344,9.641664117407267,9.133912419165359,10.99145957035794,10.28765308659327,11.309943362529074,11.34718636633325,9.394564885633221,9.27464777439013,10.936176340307536,11.182996308614829
939,14.083452894096135,10.525983085149434,9.122077848644413,7.383756617241449,10.965886149568501,11.189363753705642,14.35751324294272,13.781546028262378,10.838033018155755,8.074622458347989,10.064151289688919,15.151631172307873
940,10.222180748262769,8.106079930587336,9.343295954840354,9.808885352274139,11.333172552832425,11.10265906188324,10.065092760446966,11.564041571246928,9.168409084745264,9.223578969522993,10.042951973249915,10.673984852602786
941,10.675430047330707,8.017824255483456,9.14094575109339,9.816526484672814,11.560407554089105,10.918968156143714,10.017286626781198,11.500480025579868,9.221214393104887,9.786851037861407,10.449836027053431,11.298513944752063
942,10.786553824681794,8.642787853373457,8.939085935986443,9.34302357204891,11.502579702146939,11.191777667611522,10.150267060825826,12.209615929730358,9.717110272686302,8.804021541469858,9.505675248504865,11.170351297160003
943,10.598531847510747,7.53003368461552,8.798281253896839,9.218503192863434,11.377900884108886,10.692398369909546,10.274055310855053,11.60917412724853,9.255308411936728,8.62974867759877,9.842234172466267,10.646584551340908
944,9.339769788193497,6.808838765558981,8.620008375826279,9.550360690372216,11.840136448249782,10.430724452903142,8.955042151610993,11.054441434378328,8.948402404054153,8.962244705549068,9.227517185718785,9.70331818091747
945,9.476738758547185,6.641705998435241,8.528935319564983,9.274404699244716,11.49308675780866,10.424300202252308,9.07342507133315,10.823515375971159,9.02057663217782,8.499278990343678,9.013589299342879,9.293553378400283
946,10.561440291944802,9.22672290380969,9.243369780593111,9.72355453912443,12.157172930176106,11.516919728398621,12.060772939174841,12.21222888366437,9.861877611831499,8.938823726602646,10.433390544689718,11.56392516229142
947,10.586511643951082,6.708298295049655,9.80328171867763,9.668812256792965,11.858988317529825,10.802882968429467,10.373604814239986,10.7527131858248,8.906313738961247,8.874680117102537,10.425260271014679,10.280987149961554
948,8.904441497723212,6.552425330427346,8.13406634377979,9.848038798906888,11.9234612124042,10.401271352379208,8.634008618804039,11.072270393149545,8.832667284382111,8.428261054453698,8.992506062246186,9.772327491447234
949,8.87724798584773,6.523269874544454,7.765050360228241,9.828733400068097,11.968132536698956,10.31368863588249,8.999960316457347,11.118172870499436,9.131595146826793,9.121282580648266,9.17218423929489,10.179761234694293
950,10.82550249557286,8.232859524853458,8.345725154561629,8.664546926755614,11.629678122222506,10.65172546929498,10.375987107067232,11.789566663421795,9.34932615998645,8.336495486929392,9.360775398569706,12.077278620688602
951,8.332887564900881,6.244434975587506,7.591007340233025,9.30643298960695,12.384157382049482,10.335658562122239,7.989137196523613,11.0717923684004,8.597855046969277,8.94545780745663,8.84572644974151,10.306304982675748
952,8.306590007229007,6.379216624417077,7.81455843145736,9.510461794504813,12.39082839148607,10.165350926425592,8.105923053469756,11.050065989109578,8.700310611142552,8.941416755533941,9.027135000415445,10.065467237275772
953,12.758745641819237,9.914156233798032,10.681021404497866,10.203158780640734,17.83633915653354,13.618404728376376,13.845041396473402,14.536506829016819,10.203535955401392,8.749755442311697,10.972693813942293,13.98985413960908
954,9.520127482815248,6.824506157152734,8.606434342911623,9.004329034331455,11.558307894789106,10.251863713629692,9.402045909298904,10.61688407264177,8.948545268745066,8.612911583515361,9.345157396018541,9.94976789826433
955,11.906070019816433,8.674701109946115,8.869096108319727,9.382381081704057,10.547128618033472,10.689292188320877,10.416274418932348,11.515801814894036,9.307716467680578,9.562229478128526,10.705781163905304,11.530831181691514
956,8.748778666175383,6.2967237169882,8.542543559975126,9.404334571102344,12.388337505936786,10.710474891280338,8.904663240642687,10.17727527984004,8.52180909679962,8.46415577110518,9.140514361925199,9.729452125961991
957,11.057180592799202,8.412813215808189,9.835652997553845,9.717934031984395,11.584309094384537,11.425955136096386,10.882941677573129,11.978796905270748,9.121832106039527,9.236017329285541,11.229797851546092,11.328521339161904
958,11.064889696074946,9.591664728961693,10.777294683264113,10.350573188959968,12.708928415012707,12.30164053494067,12.080349541866394,12.697208663792056,10.144000614102346,9.411247197346214,11.648630508572076,11.244963654436305
959,9.310557458421155,6.486807974663254,8.841942771383032,9.353571121253836,11.719309681529806,10.339455932046322,8.921357971797125,10.29173865982659,8.610207330876163,8.70652463373467,9.476891331757834,10.293669505955984
960,10.045818605478289,6.9122590338077465,8.81917796857096,8.808392876257095,11.424625370991738,10.23326117764589,9.598317050288259,10.450069093966611,8.78037135527205,7.838917747138249,9.913363899269601,9.749097536378951
961,11.636403956268003,9.911309738204839,10.826169657294123,10.437560169926156,12.666302989936025,12.589287711189657,13.43982691539657,13.62807398914035,9.878436578542244,9.531970314239619,11.43630324355794,12.041956927619555
962,9.037692697480272,6.297283010077484,8.635336879472991,9.188526290101882,12.333933409675938,10.815793394115417,9.16511938175777,10.53000694166938,8.86995477540328,8.26375905049027,9.342360783724029,9.600284677909922
963,10.788372545755958,8.457844448807087,8.173618351939904,8.423640184396747,11.567001588645347,10.6426033567781,10.977884695324118,12.075821119116853,9.705380994237927,8.304460728618746,9.307263319043855,12.972483669878539
964,8.980160227510996,6.646532544215628,8.421693575979296,10.074131947018948,12.57834487379515,10.537478871460054,8.398135599730386,11.652711284700615,9.028882360361315,9.201165604282755,8.80351505228855,9.541708221806989
965,9.191613148234108,6.210485903165823,8.94198141564714,8.812025258502144,12.14585210207002,10.669718269404235,9.162484336412273,9.199050834028222,8.568893588831418,8.27857275534351,9.396263252659066,9.357431885207395
966,8.945919428007565,6.395356265771911,8.454941482881877,9.591486945263087,12.02188727654097,10.391406922430399,8.883177101576536,10.46043593429319,8.698281750105668,8.700653901132753,9.331845445767618,9.999518027674748
967,9.059212223200348,6.955351744075964,8.693762232506359,9.681835642031194,12.255023966189489,10.85479954140936,8.939283982624803,10.787569608667187,8.802754139562307,8.391257205321162,9.282871721207357,9.753449910887364
968,10.762631398322855,8.603867114994454,8.299387488702603,8.4537754744278,11.243632643375843,10.769400280204971,11.057220571439007,12.00611444304695,9.522541317536879,8.085897701419949,9.560931262106848,12.905468507775145
969,10.943042020580926,8.621555358478496,8.324655132644883,9.17496872169939,11.275503603946778,10.547624226797007,10.741708481538414,11.92285953490397,9.18655563471167,9.19228868841462,10.303645482200611,11.600851479014898
970,9.23249964626391,6.791194433883324,8.40170335934248,9.443147534928773,12.277605551118466,10.690680231490742,10.128666957241851,11.284417252453053,8.733988462086788,8.649455983654288,9.584307877137244,10.344600859769574
971,10.451661071848854,8.506490177203816,8.145341621790966,8.689373982528892,11.484765155731909,10.514815326846648,10.161616326953745,11.753600951382134,9.281132783368168,8.593785039946942,9.477878484392392,11.861402756256606
972,9.062066969491497,7.016434221697002,7.820954189792443,9.430631956851624,11.804338816464183,10.23965023124713,8.831077097367498,11.165780248763014,9.057774538624145,9.013092001433492,9.251143515059104,10.770484272990833
973,9.897764305884165,7.738587558005572,8.137468453506681,9.25103300929537,11.555763534373657,10.306455715723086,9.553611291523252,10.884516589865518,8.782765763881361,8.651774688581565,9.639887809944664,10.639837294261635
974,9.229426527651647,7.528514800563679,7.946809851176668,9.426106291512387,11.830723631450294,10.496341125256478,9.379636147293875,11.143995166053655,8.910049925728348,8.966299974999384,9.349642223731028,10.272763971620545
975,8.53638769819641,6.476197980074734,7.726540907701784,9.52517111417676,12.378629885012968,10.482398672818103,8.057954585172856,11.084971822418105,8.668594301645063,9.082339212614075,8.953361800321357,10.296330865938266
976,8.914702744279671,6.72896532470082,7.703938447555225,9.203098444576597,11.776402672387862,10.477211164652106,8.99512772418705,11.53191403070387,8.985811091512357,8.909297371794736,9.110481420606284,10.80172257907754
977,9.637506520774352,7.1444957531647955,8.054749053705876,9.084197499726095,11.294858729091837,10.114335134764634,9.045375948772952,10.207599370478736,8.346395426983147,8.53742183544619,9.63586895916575,10.078539868776065
978,8.655032006246271,6.64549527472552,7.7719313271285895,9.302510600403268,11.981532353424779,10.375751367441351,8.803110336414775,11.198928953562667,8.809338062156082,8.881388791696347,9.111553338668118,10.866396664708448
979,11.844268827707921,8.506270310002193,10.043093060194456,9.617044181455473,11.350187364903444,10.97713143153744,13.022153003239179,11.552293573224269,10.058811950477086,8.984918111343962,11.241863594644055,10.74028809803664
980,11.887302776480874,9.423951450762315,8.91331782676981,7.858660555621951,11.142144698522483,10.503773250886601,12.234317342914164,12.589461670554751,9.738848366671887,8.293083880692746,9.792025399159058,13.028109403911852
981,9.203615530599302,6.389502414381066,8.843163985499382,9.157927262663087,11.807441950706716,10.246404883319446,8.972501791817166,10.110126131292034,8.812306688823597,8.261420479933463,9.385759557449138,9.487730744545047
982,8.868312436963283,6.625572406116419,8.269832579381521,10.128835249683426,11.772640973702664,10.351515866140097,8.792130286171485,11.474542600382335,9.112680149633892,9.321490177930187,9.230013051371168,9.979908509751105
983,11.307742615075751,8.098447349067218,9.081410724221222,9.907351696013796,11.39784654711525,10.523684371704942,10.206282665966313,11.705963672395214,9.11509668870023,9.656539576555325,10.354227937253466,10.91824205088188
984,10.718887061206939,6.84384587178749,8.981072215457123,8.92554393014116,11.199980597622,10.515998776775344,10.609630710793795,10.601660046437573,8.878190403202892,8.254790465194247,10.038863333717472,10.048246342638837
985,8.8640463340093,6.694937172322375,8.057454160036398,9.578649992491691,12.036553361469362,10.0579033384765,8.544464182325111,11.091590565237802,8.777022167628715,9.136895104688671,9.164766519924587,10.106926983837415
986,10.03116909535376,7.167670216374897,8.062889266535631,8.751945443509182,13.434565906812532,10.513914284935023,10.670921271044236,11.747954473778915,9.140010811413692,8.820028692346416,9.524564381278132,11.746684950103184
987,7.961764853734447,6.370000640500983,8.329347773534186,10.229340332902996,11.918984820717867,10.012436593536306,8.041604615114313,11.033663804002185,9.298338972364544,9.407662353694356,8.686998282468808,9.61834846591845
988,9.603262681993776,7.714278015490283,9.068370077891291,10.459253547059113,12.240513083962,11.292808401115703,10.268473205735432,12.700665468644743,9.412433257156698,9.639181410471084,10.143607210469566,10.71196692571241
989,8.464180648507034,6.550105375211701,8.032966606829621,10.298182959091957,11.65655745875849,10.278040958291097,8.406873482183745,11.342572361410848,9.120505060551631,9.455901726939627,8.938151325145387,9.794033987299812
990,7.908899811207274,6.437548617906488,8.205942650500662,10.206941897906889,11.913273897403965,10.002224234516742,7.9963679709736954,11.056637624765408,9.132983569171914,9.499560796342461,8.76430224576332,9.71468272984972
991,11.25751852900467,8.224323071703605,9.401404385422987,10.373425311042512,11.937748614548191,10.792362471528008,10.692837178740467,11.945832546777607,9.765713812596658,9.594470257382952,11.0619164445812,11.693320416965365
992,10.671855647041484,7.731660156618331,9.04691985472555,9.425170864899485,10.796917374064757,9.937740092497933,9.769343375794293,10.698592062911654,8.669733543120454,9.170264858601008,10.668282653686248,10.531518615291494
993,9.305838580532289,6.57511152690064,8.563461730861418,9.365046086951143,11.806227208972073,10.248193919098014,8.6594938092259,10.813467012469008,8.685229968239124,9.08860840581016,9.803313874093298,10.162428997790606
994,9.611331309686662,7.11730466294985,8.678572001651771,9.569551040492472,11.401039054751031,9.992340176954825,9.147065363122218,10.509462947456681,8.927447372440573,9.126829526338947,9.617922125711257,10.04022506576695
995,10.570156765157762,7.531190136398117,8.66160762916309,9.443890197058384,10.944970065782194,9.84300742914238,9.795776299708177,10.98086744172933,8.846815990044405,10.16334624935012,10.906209240805296,10.498488680549876
996,11.230176240192188,7.109350577163282,8.972416525193555,9.024253163837505,10.326329566264342,9.950873655089726,10.134131393569078,9.980340109335701,9.026616134853946,8.451449184328581,10.627653182270016,10.053153914525549
997,10.26486700319306,6.431243307606302,9.279575851276848,9.198348071742798,11.253197874571338,9.936205461775511,10.112726289087025,10.176315842714331,8.602264746476974,8.596715182541836,10.390379534158463,9.725110633992907
998,8.74930180332347,6.611683014769793,8.177317755045161,10.123905969296922,12.288892503332562,10.554944460325348,8.317095644098394,11.513991884922305,8.88614815386517,9.243069477608856,9.229566718604895,9.987352898725286
999,11.305002743508284,8.502219987257865,10.278200893451734,10.404567244234117,12.483806820061265,11.808495573625557,11.710564233687148,12.60550504140124,9.250360247901561,9.69143770756351,11.193606368854354,11.247698201834464
1000,11.528632616856374,8.75173202542555,10.471261403859158,10.320616089126467,11.92869172313981,11.243124630758551,11.340327407533305,11.187346048086336,9.999352116251943,9.18959346792763,12.418678394305083,11.319747320496553
1001,9.422062270595978,6.849074414556382,8.978385495959474,9.39357902631024,11.956068551100243,11.014686696242478,10.126813463172162,9.811882559133595,8.67794148570795,8.002679019858554,10.366831712440602,9.646500256306933
1002,10.159164893799039,7.21171299463605,9.253609412267048,9.191359061386542,11.68004411743819,10.772974946459541,10.314662802167273,10.30193947923446,8.556504313656028,8.748768502491517,10.53381787005363,10.541898196160234
1003,9.073781923661414,6.730538206144931,8.82223340634723,9.992808444207778,12.17718515376352,10.466534591247832,8.88560165568155,11.165708835102834,9.006165915030728,9.251132075743836,10.016883778759508,10.023328444057292
1004,11.905809792633342,9.157397267629497,9.251613495273142,9.254666649038892,10.877557864348452,10.299720761814356,12.31565664245481,10.805828831535715,10.27407740385922,10.787196665837486,12.633151165524573,12.027352180751482
1005,11.260796679666829,9.477409028206502,10.142158416162964,9.851675916570212,11.97070186703979,11.338589978437923,11.979786413393024,12.576643396648382,10.046241962890917,11.318515307991001,12.41108715601878,12.691942320959136
1006,11.013317582112157,9.640945246833725,11.415558191210419,11.105114020261416,13.324774339039553,13.263200701936963,13.128386229280373,13.726553777037584,10.320422328675354,10.618309293606513,12.18465505677621,12.159895214091296
1007,9.704013716640397,7.491081871919316,8.830070521897868,9.780873614025339,11.525121956017268,10.432701227797018,9.920188588398098,10.8711136825723,8.934922458721577,8.992944049593397,10.090368001381279,10.42777465896394
1008,10.269534554308507,7.792034101011867,8.956698213883746,10.03104775039953,11.836374268720153,10.641088202275437,10.13249928326211,11.681364886942799,9.16894298407773,9.676025628400993,10.518360949414504,11.38851421827988
1009,10.383507554180506,7.988128522421383,8.37111928889803,9.023376036405802,9.766580408357825,10.321286196112169,10.137797439762316,11.142109433200034,8.937971942967234,8.796244219758071,9.844787922343663,10.900067887099977
1010,9.021275601927234,6.546828835733279,7.858762235677933,9.41065734423511,11.7282045371573,10.14982873589161,8.731376444641292,10.612506791217445,8.44479198082437,8.65107303865438,9.044411248369542,10.295366610993417
1011,10.646716596035603,8.95815240587453,8.691217668648402,9.083572217303704,13.041477968949222,11.7985767664677,11.844663135478417,12.81082320264494,9.30138547923398,9.058894941401793,9.939153759853287,12.207439447951046
1012,8.441975310477822,6.4333351907109035,7.887077795288822,8.876999367182803,11.596968265021701,9.711868622986021,8.421015684558288,10.329782880410187,8.539929783636516,8.85807230868471,8.985742512856973,9.627349418357294
1013,8.953026653961931,6.758883455680703,7.882659504557557,8.974213638061524,12.58860345923664,9.748954452180072,8.880967944798758,10.831121504315112,8.71068267503506,8.664110880779152,9.09038565656552,10.854438144000188
1014,8.722676253359293,6.401608121865381,7.847649716422875,8.987315126320684,16.0998170939189,9.922822693809966,8.621927788878768,10.623164143021562,8.405452239960825,8.442591814640775,8.871380875502274,9.745500611992505
1015,8.691646777620504,6.400274150523166,8.32352224399098,9.635280413281514,12.630549688741283,10.478340432444934,8.492267505560147,10.450776325265636,8.548048077273222,8.686930114811993,9.24643868750329,9.420193317602669
1016,10.621124115083799,8.900568232091596,9.910977321722928,10.523544241304004,12.43981060990166,11.695304188769077,11.053183323133698,12.347737691020605,9.740366603157563,10.424039329935681,11.045112247321256,12.084101685278517
1017,9.873029210731875,7.198786279300522,8.361745603718651,9.461729428371939,10.959573826029189,9.887823157083545,9.587815235486849,10.670014410155728,8.76653629383988,9.535083257956,10.505315609740958,10.391666574892238
1018,9.90100934198768,7.234039885352919,9.00501943999853,9.628432287366028,12.184855587733194,10.585237152964364,9.858520363148811,10.89031860072019,8.706849827434853,8.25707571653684,9.788735047921119,10.049057109708468
1019,11.67184184544768,8.751293801972176,10.35094006829133,10.516473703542719,13.142669634310366,11.906096975296848,12.22037717857596,13.032453764707274,10.270470392313857,9.431003955723115,10.91181210239122,11.372834656385796
1020,9.232853622132783,7.5858839217929575,8.865455717578735,9.480790949277317,12.43228387011461,10.735110212373296,10.36950716805242,11.216563401528369,9.139939719330107,8.875732951261384,10.17355256620717,10.27785119469155
1021,12.952669318894143,9.727872032140679,9.488552330898834,8.923027609875106,11.03137140782294,11.509695142579442,13.35278082989983,13.95270828523171,10.35078634624469,8.746121275722881,10.759407145636821,12.810736907669039
1022,9.784542359395532,6.871436180914511,8.775619507193529,9.206091745826653,11.666244430228058,10.360031746677274,9.080631302863193,10.715815035756396,8.917021375762713,8.362079608388616,9.431433967131143,10.842562612958488
1023,10.754300216211329,7.937698196993198,8.251252410823078,8.969552796674709,11.399760064231913,10.360410414659308,10.01050388891321,11.240247209140666,9.51476743841663,8.780270879338223,9.472081572725347,11.70213258068415
1024,12.124303459696517,8.95231704213961,9.949147465935926,9.219241772625306,10.759815278062408,11.06904779772198,11.428941963063874,12.392125540531406,10.325001995206879,9.644235666799513,12.316746289081923,11.997858344129842
1025,9.90727868868806,7.781763901459193,7.7666882856872075,8.8750183455465,10.939731923229214,9.988300588518948,9.408546872493556,10.68218106662477,8.72091370839392,9.077475176915634,9.949288710179026,10.80309325068632
1026,8.85020215674395,6.740394854419327,7.776907206499622,9.29325689951871,11.641465897686892,10.376671012310398,8.473030420463658,10.974670241674005,8.98769775336262,8.901829080290124,9.112205454552988,10.109434818208848
1027,8.704771209877064,6.470550162385359,7.783240004839252,9.275423720900289,12.197006427879538,10.389882483508886,8.861594802555652,11.068055723211305,8.594656938708283,8.738295212465816,9.222186262939942,10.024356591236035
1028,11.617672076966041,9.080780095894115,8.478635378883478,8.170472922350195,11.515616875640408,10.900973025980656,11.789468841018287,12.669068104494514,9.929538813479134,8.174654804087911,9.470685263076817,13.093178833876197
1029,9.494708297533801,7.2590112315943225,8.419955511189684,8.995147949673047,12.14230512048114,10.525911682570737,10.04233997664655,10.472434622132583,8.784133781422096,8.642904356551805,9.331435759259588,10.322500680490487
1030,10.564872254750663,7.713707006061,8.566526267684896,9.105234970539831,11.483865054841058,10.505853869182499,9.862497021412466,11.636029310841604,9.169276403186503,8.881475697091517,9.358932282903965,10.608015724804911
1031,11.941624980460109,9.184999667383948,10.16859432662987,9.893184433279245,11.55608051655431,10.960824418127261,11.115963023284955,11.61319487010114,9.68587475315619,9.334800263237163,11.866971739855563,11.08598555383131
1032,10.710326164866128,7.985957257183927,8.833977804580073,9.602133803084136,11.723331826753213,11.373150174635086,10.651690351099965,12.403897083014773,9.671424794304503,8.845450105533455,9.324381410977406,10.948864941007725
1033,8.693602314036955,6.3290490639643,7.796227365118421,8.989276711685577,13.326786444446508,10.238457755595332,8.643988048961331,10.26547868172221,8.395546485267904,8.675901091758345,9.008931740325881,9.976190091983089
1034,9.312653341685964,6.707118220741166,7.87655052156151,9.294444142198113,12.144560169162837,10.110718206314516,9.802541231690979,11.22450210493233,8.501769122562028,8.573701374288234,9.14342157808315,9.996089236589045
1035,9.284915135347562,7.217641530455909,7.939805079985135,8.540742854724067,12.47714680547017,10.494888004555659,10.021686721839625,11.74053094006489,9.113365709229743,8.90400103854248,9.383249318078034,11.22608826718401
1036,8.443432036841878,6.604700817344018,7.7371905809743815,9.191800475015702,13.459365333203959,10.070645406927447,8.200034521907067,11.034559644203306,8.785244473256737,9.045586114555103,8.859978219100965,11.068092126568555
1037,10.66337957403875,8.11587549036604,8.302967115931953,8.904914767386344,11.824534338976019,10.704142510596874,10.923676147819833,12.311645223570993,9.715526754623024,8.510893185796373,9.293044355280834,12.234817456454522
1038,11.418676912334627,8.570064219501532,10.009006664229803,9.707237805216923,11.840912808242717,11.557145972766591,15.820167501737846,11.954523956229199,12.792540117799891,10.073664932358763,11.48909252525414,11.561985204214995
1039,9.68072902596142,6.6605243027030605,10.081930909287784,9.263381908587258,11.735964425444298,10.165970428451331,9.518059112293551,10.121287160922815,8.756789387395129,8.381069323054433,9.9131111308474,9.654125562415782
1040,13.409669819756736,9.860700385509304,8.919086937237926,7.784696229479547,11.111097686410375,10.987135696099916,13.450450123058573,13.390251368150583,10.228970325625305,8.074619083543823,10.03005497201045,14.211310498799527
1041,11.308140772125999,7.597136457361877,9.980752413749153,9.524751671581763,11.750261248962044,11.23709321368704,11.722352038784827,11.674099492352084,9.560082758841936,8.95284910759478,10.904108531041597,10.384480716183326
1042,9.250865439482368,6.904518339098406,8.045302312796332,9.401665746383937,11.1398201663159,10.103584888568813,8.433044190735824,10.54869175606845,7.745234243965548,8.612115747730304,9.592365893464583,10.048000208896092
1043,9.093173880462853,6.352624176066589,8.277159585815141,9.219515636693789,11.782441057838035,10.185083589038642,8.618709279027524,10.185939715674184,8.533497409798262,8.415332977430536,9.765069421128448,9.774468323701207
1044,9.927189456676686,7.157578762892577,7.964328792815119,9.634490361056965,11.533684275803179,10.107124762137175,8.870090144512009,10.391986877453835,8.580275560317354,9.146393257614129,10.140267891619931,9.937386887568397
1045,8.518149170720063,6.631630099685344,7.663822535064819,9.498204308834252,11.595998622165485,9.99174262037134,8.419240630423538,11.203002816911397,8.833574091123811,9.033823897767602,9.1884239651266,10.15099212579101
1046,11.28020689583309,8.090672981692208,10.47199243014061,9.729447796480818,11.38181782198366,10.443324957151518,10.79037909632656,10.359576864253174,9.341641704553833,8.910425675364573,12.079276417033096,10.551482697084687
1047,8.373536570382694,6.171937913740429,7.879951820467856,9.602218055961906,11.987726111219617,10.273803974057763,8.518085924109547,10.368966442921172,8.558284120172715,9.115757113949215,9.122564726692604,10.028375223669642
1048,8.398240544963613,6.313731801363748,7.8114414760133055,9.635407461479458,12.503549511440006,10.470110735444806,8.547706748000557,11.02407216200367,8.613743385698456,9.30135918796823,8.84817861988062,10.171244978942205
1049,8.542438097358337,6.439457964009917,7.934123117737835,9.264399547411278,12.236650615079618,10.094272427371404,8.915979007569357,10.618203982372048,8.733076542340953,8.76790508481375,9.209862676087305,10.136719658665502
1050,8.518386384449443,6.3201848979060955,7.928328856112676,9.747513452703757,12.142533499649891,10.166394707717913,8.281438645507311,10.604301817525307,8.3790407542436,8.702734050660144,8.834631998095487,9.611326458833075
1051,9.269797065490993,6.1664143527241935,7.9645598223700915,8.96201754686459,11.467646059857238,9.704817424129466,8.970972546688657,9.488080791716747,8.403830822002295,8.593187351518674,10.18087166417672,10.154112034043667
1052,8.718813856992556,6.595680292433142,7.6696164382554715,9.45913496647858,13.654449400771838,10.678931918389729,9.079301599654695,11.358776656104848,8.615473783077839,9.151477852402806,8.892194277132623,11.089258486647559
1053,9.489883920294155,6.626914185978624,8.221800150531449,9.287496057907978,12.096758339334283,10.5653302936265,9.214857384359137,10.555783562689442,8.540151934547723,8.478820445220899,9.49868248237841,9.96143293515061
1054,8.256058568659157,6.310116085603934,7.753710958268172,9.842861780441076,12.287102647648677,10.124125934882064,8.010339682035422,11.03936732523264,8.730289313232385,9.378604910324963,8.798326832159502,10.07415016117599
1055,11.475079620740953,7.948725823488858,9.649317969426754,9.142163837538249,11.2198271576185,10.421547238903486,11.04481121136247,11.01165368290238,8.86168809952934,8.65877404725521,10.627094605079554,10.417434625114367
1056,11.715830021346452,8.922168637848438,10.44935617331809,10.00286782756048,11.462758981455138,11.308341885582017,12.558972282854715,11.64145102214672,9.51413783859941,9.831865989319219,11.681566604044999,10.999627351147439
1057,10.828571613343957,7.966363817424739,9.115331567294463,9.745473309996726,11.143476886042635,10.654135330095206,10.09316380511014,10.962487503398812,8.922907540275318,9.026602243589547,10.60762182364931,10.629856759857956
1058,11.685948360626401,8.785628463124485,10.941313221972557,10.09750849213112,11.781741106099371,11.581721310381628,12.217433838538277,12.977730166503807,9.877493451148979,10.917299248922369,12.186668423778935,12.039812292056958
1059,9.287569364563343,6.90396739937818,8.010331074817708,8.907178754375119,11.380116811844859,10.065585654203408,9.537595343897994,10.41404903249639,8.677613505207376,9.085184489405005,9.723208942996907,10.344596880266018
1060,9.677547735126915,6.677337654781379,9.602339115175873,9.627201521211294,11.784210694621036,10.005580509874587,9.130686980967338,10.576535989029153,8.941017190029804,9.49196391030403,9.544986524390763,10.168297245966276
1061,10.973177384086876,7.735192130258033,9.8706516810004,9.705652590114628,11.483077099275015,10.376767705289435,10.423734269779978,10.529632088815932,8.825165320518039,9.213559583076137,11.360721541191605,10.273569242547214
1062,11.726468450927538,8.078444461252117,9.705415090138223,9.038332081610697,11.502903626666686,10.764926863223092,12.194339832861008,11.32208295991536,9.647246887724593,8.368164108021524,10.358571732037605,11.041004511727863
1063,10.032979386429822,7.259273441741074,8.88183024425148,9.338194745675835,11.269791807202079,10.081037581373407,9.002198489335868,10.452419411633635,8.946119724731528,8.675466023064985,9.587679684335576,9.774453318575095
1064,10.529908320473316,7.8183742535854055,8.617661643014095,9.26786364124306,11.607068281727784,10.602034706051143,10.3370776529935,11.712124464958489,9.45969871686802,8.900202893292422,9.365852287126444,10.590527131910639
1065,8.736770587536824,6.057508817300963,8.24089884061319,9.436099523918779,12.327079424789002,10.667870183998911,9.088741864515514,10.257608413600598,8.23521747517722,8.175922399690958,9.430361744967731,9.520940802231362
1066,9.587198456639193,6.343375949377986,8.881927449248948,8.984543837750596,11.44145480280754,10.136906079557818,9.083145623826717,9.709900819877507,8.716034965592357,8.071439341325451,9.735523689189396,9.291941214871986
1067,10.280817848221893,7.834334532027244,7.843632465883881,9.463877269286863,11.451419810601514,10.428614755521819,8.945632177203564,11.330869144106085,9.02607329886424,8.82499637446731,9.311050523607697,10.766326184730122
1068,8.592068991285043,6.720018254347967,7.800210198226781,9.213511061102142,12.233753088987552,10.262480796040933,8.775341995135978,11.095163418063143,8.735468950035882,9.026324692102525,9.1034240278304,10.843830271226029
1069,8.516913925827264,6.334911722000652,7.762760015933997,9.30177861869846,12.271963782947502,10.300242416753948,8.348202948396713,11.028321576235998,8.595381269646865,8.794057800135747,9.140106563674228,10.274304258159038
1070,8.522839284751175,6.101484774141334,7.760268725881786,9.238046355644851,12.239256381117269,10.2521979430708,8.647810168408162,10.922212435276887,8.301537083463947,8.418136487007114,8.94098384511361,9.634850055765972
1071,10.307434346312,7.304720091026531,8.860916603537762,9.635743576043675,11.420115394202941,10.148531145991708,9.590333658222132,10.85402713479992,8.866731434233039,9.331703158566473,10.172326912738036,10.086869535160409
1072,10.787531149181483,7.942812961481143,8.78429117451191,9.849761549476689,11.328428146474526,10.174107492488048,9.676495761004135,11.84232768795695,8.993761760071422,10.040283824672569,10.556073574802241,10.873004564586383
1073,11.249152765492306,7.625598834130054,9.866440757764106,9.479716968054081,10.693236947428641,9.730767417006238,9.440291115049726,10.670375619199667,9.224649550292966,9.824758326125856,11.092309043945308,11.296423308334827
1074,10.569982618757141,7.217037581465007,8.295561138158519,9.12336589630541,10.797830766093998,9.70681073892197,8.89491345972481,10.314723598645411,8.795967985926916,9.432194643838043,9.947045136179735,10.232650028020222
1075,9.183711862968357,6.717694045646844,8.44977091121668,9.39405268865915,11.781465386647975,10.684348358015505,9.043983232062345,10.617265415270985,9.065117014983683,8.624240675463962,9.279039846857248,9.902121152902403
1076,8.391972075069404,6.505663316769135,7.878734833408384,9.315495038791619,12.823412474353276,10.034163795533297,8.220832068986079,10.725681894813397,8.69843465990972,8.970162131125976,9.229967524544257,10.180044820487591
1077,8.53237572231031,6.417292598197459,8.101367350936677,9.447804609193453,12.333696641742481,10.10267620671112,9.175869970611403,10.413799984067538,8.741779917974783,8.47080921332852,9.213641881220386,9.83826436404173
1078,10.085303498852547,7.62243722165603,9.1962351523042,9.70553697571936,11.252947269982263,10.905128946067329,9.838621838705732,11.455232554984324,8.9970675545572,8.992847648661748,9.810113938214833,10.469979419528926
1079,10.36583266105792,7.023342681717443,8.34766229784112,8.38503337061687,10.604442438688153,10.038188840881501,11.27564343050777,11.900517333112608,8.9813184709607,8.219138167339521,9.517798966103829,10.525604487456988
1080,10.94212438782683,9.031628773913765,8.705751326990136,9.433328273847884,11.372629711792907,11.42806927707756,11.183784423852504,12.4435987468784,9.844202547760585,8.834658075654984,9.979796469839307,12.355003477326473
1081,10.103152445489494,7.502867360534781,9.821827520638845,9.589977286693145,12.315918229395972,11.037512491943094,10.626667685831444,11.329269759843951,8.956531371969659,8.68166400424257,10.585470459004107,9.945697436792523
1082,8.634093103095488,6.646673452366866,8.144597609531257,10.120373389369945,12.437618952534406,10.260176345209402,8.736507294483525,10.863513684142376,8.680191418381515,9.02329764619321,9.776445756775185,9.841523947404045
1083,9.06221643692627,6.609067108169246,8.827370958714445,9.918907095666142,12.196739800636122,10.628612419363614,8.780668661140409,10.669570581248792,8.777545381638983,8.92768898417585,9.844322264492291,10.155402722945702
1084,8.983648463541593,6.377810619979029,9.07796062475829,9.50319605863708,12.340566143063075,10.997203145670504,9.196321410470478,10.130255807743547,8.618242705247251,8.69992305841408,9.887629271055808,9.816543210975997
1085,10.724112711388692,9.104349734496935,10.045107685199048,10.59299364058109,12.29824717412711,12.255511107852023,13.589879188568032,13.370390596377897,10.5100740730241,10.552127810263759,11.426328328674442,12.155613179376285
1086,10.1820895081284,8.46146061816717,9.318761452203484,10.277572354172406,12.369109897047302,11.33056010203988,10.957675096687634,11.958046573758581,9.758641669419166,10.714145135185467,10.871376624810082,11.772604846918787
1087,10.827094170446777,7.778929678073247,8.864018282060728,9.78177446060209,10.90542417644511,10.152029774637619,9.799969823669453,10.63731983484547,9.02970535076269,9.763851718439131,10.98299932933723,10.575684174402546
1088,9.580239679328422,7.013125351727185,8.610888868313484,8.501756046976027,10.650450755290635,9.635909567865768,9.990470660110642,10.472601962672943,8.843757110662805,7.901876044147201,10.168885558607201,9.634969015264087
1089,8.407288518283096,6.24018862411592,7.947332589021233,9.126581346354985,11.392975209148634,9.813573136039523,8.304636943128003,10.503880547094784,8.533207645882811,8.865528124184005,9.04722818814499,9.571245065278205
1090,10.0075708042581,8.25172488200969,8.088261864631349,9.000690230833342,11.477895482125376,10.27942552970212,10.30428384685251,11.6891167472499,8.843984997585197,8.74389947353907,9.207718870172034,11.28265196408244
1091,8.358093899654904,6.2548077443007895,7.818507083452838,9.377317318182524,12.166132636662608,9.706032889559065,7.856372338701327,10.315624937119875,8.497842014124572,8.510198767627713,8.684009388845775,9.580893770213088
1092,11.394791114401,7.932765022033967,9.750595442127576,9.422420597791287,10.912471041480327,10.277869066821328,10.214288087080432,10.239193562645362,9.094678144121662,9.628679220853261,11.523669074060615,10.838918592686532
1093,11.351142930049384,7.956888671369018,9.601729555714456,9.56104192099766,10.898926001024467,10.291635417078695,10.283978793554393,10.714393149414269,9.78610261848672,9.602472076743094,12.162270344543685,11.52151694489952
1094,11.660773178860063,8.063740231362075,10.377750839082207,9.283302312559163,11.724353617580142,10.979075552767517,11.31622164218605,11.346267498847869,9.339126415624818,8.853258963133426,11.70952788544513,10.787060232663652
1095,12.005559834598866,8.7758874320715,9.557801395966337,9.935758258207809,13.076744796013323,11.733238405647462,12.354804505674396,13.450892342027569,9.792456584597218,9.524263015561445,11.358301912678261,11.815096921435948
1096,9.021520199612329,6.462723432010417,8.006097319018108,9.154726579106166,11.962920785508791,9.905880522483178,8.92561319919857,10.850145126890187,8.351202757528533,8.40403860841711,9.259679589730865,9.861676671049505
1097,9.980800408676885,7.2652337684789225,8.0915863180752,8.607995528068429,12.33843292223479,10.25068565258595,10.42330777351535,11.92709103019355,9.079544954678276,8.559998142550723,9.118511436097831,11.180995234576496
1098,9.69554965844491,6.709310302064736,8.043320981540212,7.862351004621621,9.992637886774528,9.068675708237876,8.896539137476504,8.577159741191974,7.945271002781803,7.835297673124172,10.216390568191118,8.53403073637576
1099,8.743417166840267,6.426282936556049,8.228743991343212,9.727792596808802,12.391386302286016,10.262910771312296,8.493464255875693,10.67005566489956,8.85435268880913,8.715052576708164,8.917897434659977,9.028767668259299
1100,8.554153465039953,6.489185188734929,7.741874156566635,9.150019481093462,12.302771007189959,10.379706075945226,8.37522106696257,10.904624155658535,8.529821744692814,8.738382842731912,9.015125050521135,10.223429127035978
1101,10.405362309987089,8.496708770216966,8.55984223586106,8.685866510646742,12.92427195927635,10.413569007031663,11.241918827141358,12.135268533210942,8.93816624345452,8.498747925663743,9.588777341896565,11.663227873373621
1102,9.479628887852666,7.852525597394761,8.51398087250832,9.884132542639954,11.544743300848676,10.477912086278156,9.355437513150141,10.862360632787912,9.103037786025183,9.956623473551694,10.242424142365124,10.566524693360691
1103,10.668572053352325,8.493999133764015,10.476228445262873,10.458838125809926,12.279168214845267,11.360530088728453,11.251981548962005,11.636531158601308,9.229054320986256,9.991289565412274,11.235670796375242,11.280181536878805
1104,10.392531903232957,7.437159885602346,8.85421317165512,8.942660580210767,12.48365931004247,10.877127065758396,11.249946438601192,11.983887575605198,9.121595096020178,8.209506489369694,9.709320401222186,11.77748545841131
1105,9.675181497865587,7.984114695212835,8.204105508286425,8.833919717955498,13.004892676556516,10.694061817165037,9.946305701948116,12.047377629303652,8.965698217885674,8.894841673942064,9.312437117527026,11.147087061941203
1106,9.971486252814405,7.722106562994162,7.974435471115134,8.658205867219166,12.028587514875579,10.713474013682148,10.606335721404266,12.336779876258966,9.140631903829622,8.91556758282039,9.51667513878251,11.232860570266539
1107,11.066535166265822,9.631348652070326,10.046146314464286,9.517050190158347,14.215760660451622,12.648828498475748,12.731464005530276,14.481149113844545,9.527624210080237,9.312142225110723,10.660799510829198,13.314930195714737
1108,8.596190363755806,6.2846642838035365,7.813215527637871,9.373651273354916,11.803386106018397,10.059497335534122,8.213389904698321,10.314759972542387,8.48749127104054,8.798081497646049,8.84945224982158,9.76843977494875
1109,12.08209312669323,8.759142870069965,8.012600378439021,8.147228638592578,10.714335785985238,10.410885945959832,11.86137459456678,12.593283175018207,9.425314251961723,8.550909983403521,9.578097340335361,13.33916245691135
1110,9.960609198326754,8.044466129880725,8.052973255835504,8.662694881766013,14.369763171352982,10.531745638477652,10.616172213034975,11.858524251884829,8.772686779451764,8.722186103890953,9.49657646305625,11.8585789751134
1111,11.648042569217946,8.826232020426419,7.930193843445817,8.103183515440767,9.911820122877401,9.992571502462473,11.639853217892139,11.90256823429964,9.308576783792113,8.284071346085325,9.619016495426559,11.912928877339631
1112,12.4247553764121,9.167960660716991,8.274000181034266,8.321767755059476,9.968327767238684,10.47184430649042,12.287650735268734,12.419457328588624,9.477856170161655,8.62394671284654,10.078748144264225,13.034837893993295
1113,10.93488683038811,9.125978418636008,9.773899044455376,9.200167820922879,12.622018270381126,11.683049528700426,10.95622077984073,12.462289418811583,9.88256451189093,9.276449143443234,11.235544432491665,11.840515901753074
1114,11.299903695958642,8.683774850798752,8.8951122277227,9.502861892439341,12.918290529372623,12.26086896875069,12.462061594558591,14.035962388314571,9.343653596073985,8.932886023478236,9.977396273609786,13.022529960871362
1115,8.940777151854695,7.548687605565574,8.11900678164551,9.558475177789903,11.998265806442964,10.412879547514267,9.094601635563546,12.068912009121709,9.090574957714479,9.064475357116015,8.931208055207854,10.460197524892703
1116,9.367637091738324,7.135028826166629,8.629440137242428,9.697982003726567,11.938889556943652,10.335774767514192,9.41830071479453,11.961508429214962,8.908734225709308,9.150975566161101,9.321577281879234,10.380752110385984
1117,11.174283783180247,9.348223955927935,9.464314076975803,9.340126350734119,12.676117175461702,12.011703919162551,12.592110011983706,13.828104903891884,9.73740518004152,9.512923912754712,10.765165291536153,12.354757548259126
1118,11.437341747972997,8.82834120566137,8.603623865582229,8.501505274986572,11.998148413367568,10.391468564115588,11.671789577186551,12.446344225826515,9.354565148265724,8.38087890466997,10.185628606035891,12.176666770390977
1119,11.106064416288895,8.458614355398842,8.637517764356037,8.930481108474634,11.77598607860713,10.943474008963268,11.092316026338796,12.308685536405104,9.444224060228269,8.667407826114218,9.751004634721989,11.760230324175854
1120,9.163559173314171,6.974380210617304,7.767807986739426,8.898881689376516,12.203327941674313,10.19822405356253,8.877697218286599,11.214095762271935,8.672784589477057,8.800751070854687,9.254501926725293,11.0654320536121
1121,10.839751104514182,7.228574392245596,9.304817920412749,9.324694163669593,11.670468337126106,10.502257309587055,11.834497513763445,10.962261764626563,9.412362786739214,8.257285952632191,10.247449208566444,10.087764872391988
1122,12.18260794907945,9.292775012703583,10.222956764157711,9.517218775803842,11.723338920530207,11.805173910171755,13.423431482212525,13.746841701912377,10.181351105045323,8.815986662926012,11.255173982475494,13.128910590700855
1123,11.75574900276644,8.575594119660494,9.093577858525453,8.814504441798174,12.184208515408478,10.947715110912045,12.405605224079604,12.65028560285973,9.462155939526692,9.025997986461682,10.167371581072482,11.491742680434065
1124,9.031931768799275,6.282892015455715,8.721853499296767,8.695416176387804,11.979866078147698,9.639325563240197,9.087416301878495,9.572694291673537,8.217076425418888,8.289591679691759,10.106632658506712,10.088710397544606
1125,9.468586502227176,6.914428826782652,8.127113278199795,9.193672305137332,11.412425184246192,10.147730350249187,9.05474506167322,10.322760153108572,8.354132242993618,8.827127929199289,9.63455497919376,10.196699238958729
1126,10.359828536055183,8.228786371781332,8.614290792306162,9.11800501157824,11.802024504123994,10.702641064814298,10.819407730153877,12.235312259099555,9.202985556399922,8.838679902406042,9.41079596197994,11.488547429240146
1127,8.900236219438991,6.927517808638485,7.674802406834582,9.328798772461775,11.976084004651016,10.304275595794198,8.760960614529044,10.929199717202753,8.579672463991658,8.870051149703642,9.124678326374521,10.317118748062175
1128,10.931766197314367,8.122536870885884,8.09253604805707,9.003473772603611,11.01039882467488,10.841189028658249,11.236237364942781,12.414394592211067,9.200770026412606,8.562941029168002,9.730186747737518,12.12998221226746
1129,9.905885639470366,7.424099242407674,9.02369184948998,9.349969666947812,11.943000119777222,10.5802653370217,10.247517070903537,11.109927638817346,9.41682764328959,8.90093319915145,9.549209584426574,10.6049049396652
1130,11.093286626683682,8.90684378755482,8.64900583710933,9.938120806891243,11.9416657271054,12.081088164846294,11.196423409165147,13.084433966598269,9.108003240676986,9.006090824876452,10.100990854985355,11.965851533966662
1131,11.042868690513572,8.324392568903498,8.724788974396645,9.02339522005656,11.852281413307143,10.577945920530388,10.618482739083124,11.267951551090036,8.92197678213972,8.592354806162454,10.476317393786454,11.353536642477241
1132,11.274081770813599,9.842181321144515,10.92310412025967,11.190289774337845,12.866866686879327,13.033318203749197,13.484942050008488,13.54501257447742,9.832152028902977,9.93814752586446,11.654564638460041,11.978283345352047
1133,10.774255603142157,7.949552862570606,8.042487553331558,9.260116999027822,10.979724705388904,10.129374217991765,9.812144033120092,10.771321814393836,9.025564080346198,9.087661254496934,10.377563442591681,10.706862402802976
1134,11.00221173237526,8.46576308366323,8.141182745392033,8.279957332102688,10.988675224490684,10.362169420002983,10.670907472859032,11.146753328146279,9.560954927254357,8.278566393558815,9.573673246621931,11.744076418388694
1135,10.417245282633665,7.456028679729284,8.154526209093262,8.407608607064036,10.307007667301122,9.230741672322976,9.66253111450122,9.729733637523832,8.809347636196229,9.091204080673299,9.972039466204723,9.782739665331054
1136,11.05353344180358,7.98172422330157,8.0074013402591,8.74681126309005,10.556401874457062,9.86608904991607,10.32320329008472,11.256008408891084,8.887321280266342,9.00715479090585,9.876080852079152,11.123288838387907
1137,8.867193791673408,6.327753928367333,7.856317438251226,9.20566834387196,11.646048784929786,10.139098726439027,8.91586195836704,10.541915955174982,8.39425942941426,8.530851920633705,9.462750582272228,9.94314218123038
1138,12.200238065857821,10.100520189147925,10.737365212003727,9.995397512763383,11.538654191148808,12.664164319061797,12.982054827539805,13.722908597403517,10.153713691070607,9.084754393548872,11.68622246216631,12.57394932126839
1139,11.723626086393534,8.394808044379271,8.252768478143382,8.618525732745177,10.216653954085398,9.85700521182381,9.766127749826516,11.072483323733461,8.842002033207045,9.171702439737029,10.561680468999604,11.241594957168115
1140,11.003528164353405,7.822048576593022,7.922426987085769,9.10211956856508,10.470418871497621,9.842767103153399,9.445494011880232,10.574904475946976,8.672222268073213,9.186821544146671,10.026102690208829,10.633110319389669
1141,12.853607921300643,9.440087138915619,8.405826660682214,8.028596622152843,10.995287138038655,10.612530431048864,12.322312028991176,12.53354859078189,9.84629488625919,8.402531805815084,10.252216858070222,13.397630074472797
1142,8.922368120835609,6.294770848419402,8.039333893799503,9.29589244664626,11.964714730026184,9.971184027184368,8.903279508160054,10.494921741088532,8.45250580345857,8.453469271091276,9.397937000099635,9.51567778178617
1143,10.083873131487273,6.943011654001248,8.115943684535587,9.916758820447566,11.602831932472018,10.341148023761615,8.798996071637639,11.092725748796514,8.796062445986227,9.399362195256215,9.826820935627772,10.18650696707161
1144,11.136789023606877,7.659683395670963,8.104074828612587,9.097720819101651,10.216186770472227,9.524689545995512,9.207624351184709,10.195312308441224,8.606130457247298,9.586195870167126,10.870499543580689,10.180147443221617
1145,11.833165990542186,8.412974578090846,8.252127150396033,8.632005138515876,10.062914346095784,9.552740868539015,9.76780112130777,10.627579307935754,8.84433921182293,9.545925060772388,11.142434706970715,11.096765281106443
1146,11.39344538042722,8.39451099853962,8.03283967877882,8.218348598971794,11.230952087031945,10.258478033741792,11.511907886084494,12.07353228414863,9.270904935235531,8.303342516518109,9.458104184440145,11.910849076489473
1147,12.278745013314797,9.74644076067332,9.735323377085233,9.281296316487971,11.598908936062859,12.476040559022376,13.530695519761764,14.1087250717765,9.506973407708227,9.384876751093586,10.773376495571533,13.765558770687733
1148,10.68610620605157,7.74371229421718,8.014842843381194,8.241002889511693,10.622401974969007,9.956499978385882,10.415580562022214,11.639467411179428,9.132702929051312,8.293596871217915,9.452054830259378,11.87525842823575
1149,9.555308745801574,6.5494259116865425,8.197901790873344,8.648138849693368,11.655032630862216,9.74985770566157,10.395934946344944,8.877016389951994,10.389397296110584,8.256582679243506,10.028173295057542,9.729189442129043
1150,12.873856153999373,10.716019229512922,10.455489158439033,9.798626012412967,12.545644455158797,13.162659103248988,14.179731415081557,13.808916265039315,10.23742050786614,8.830646267400159,11.154083182030476,13.135462673761491
1151,12.231076957707547,9.712719905854273,10.012103451155818,8.78370329251327,11.45525637045414,11.801329899299997,12.716536782642834,13.033330737040345,10.168072524677587,8.845925074652278,11.543212889936346,13.140542548256834
1152,11.765801467096292,9.152329274892036,8.592967365866805,8.518904816238669,11.011776522638286,10.873106542421255,12.012699213975019,12.860247598684186,9.48671048553357,8.165146279822853,9.8266728822204,12.064195645029905
1153,10.613327893125447,8.101165627210515,8.731807715418494,9.464915429937754,11.68586384387913,10.773151385808218,10.320715396239056,12.326959405955407,9.463573772325798,8.935998151172917,10.196674326182713,10.995060194837215
1154,10.056938020479077,7.096146294585022,8.153450182948404,8.685878076356296,10.914333413814113,9.891411864147146,9.989432856724768,10.158320290030309,8.383161011935218,8.492634464596943,9.861760498384463,10.313139140970602
1155,9.166661258159467,7.259834748961563,7.931081602672105,8.837048688086218,11.000920604803373,9.993711040100589,9.459170613818824,11.293897256610062,8.624396561438806,8.83779898174839,9.101631863083705,10.758852052168088
1156,9.936602763210608,8.041005287438805,7.90895571564597,9.148967491211952,11.237692634843635,10.743976030150495,10.238644351510075,12.299139141315031,9.057369115068875,8.867099921955903,9.221306310783543,11.165343835517337
1157,11.074707806331931,8.272490725122818,7.995220755553054,8.693878790280287,10.419731023082004,10.125939193289444,10.774498843198915,11.83765389302978,9.216328099827964,8.653133642904974,9.908302224475063,11.225786837265161
1158,11.632589518338422,9.391507174652354,9.741414931874797,9.778710621009171,11.146076922003253,11.249306257788016,12.201267974837545,12.834297902518074,9.654823906981944,10.667132027572844,12.102349222076876,12.21454300530469
1159,9.364823407198763,6.721923349638237,7.686008031695855,9.091095039023049,11.619611765640805,10.405690947119334,9.171472731683663,10.75115923813458,8.411927308764465,8.548750775951795,9.03261109239693,10.652685991717995
1160,9.884265303068634,7.057469099985455,7.824251986972952,8.69641173550167,11.122008769331622,10.125832005082069,9.90910730028741,11.5937139090729,8.951511485494152,8.50835090419934,9.125414768112579,11.475635345534997
1161,11.546270340599229,9.017559643522203,8.070827214001007,8.689750253830045,10.09700616289912,10.523770459664991,11.561719801575519,12.512310107387673,9.172739109571499,8.481074957543406,9.553487099995419,12.073836089987005
1162,10.139920413121114,7.418604437559625,8.027127128305008,8.539433747980443,11.227349328115881,9.922605566565906,10.199305438705313,11.290920152685782,9.173583160065734,8.32700647684255,9.346146257402452,11.176308529301624
1163,11.62001702640039,9.719305794452442,9.347049519902919,9.16381046426961,13.042202192947283,11.228487926189178,12.639704838177133,12.945895314756033,9.720601576128995,8.709908287177171,9.975066665660737,12.468066724400767
1164,11.840070249535117,9.063564285441055,8.481535226410234,8.395362086091556,15.329331510719463,11.166705750245487,12.572263666756585,12.78020977082969,9.402592912939753,8.589011299266808,9.870929720835262,13.055163769467631
1165,8.638234754182758,6.650763164280267,8.512625501931549,9.90935819024239,12.22392652660583,10.70397898145401,8.638174634141556,11.314013822444588,8.644148938103825,8.82546953928435,9.327807836125949,10.074410148839426
1166,12.499271405724418,9.438555303497063,8.444042923893296,8.889903465211589,10.59612556663394,10.994904535458879,11.54346997789021,12.684891709119476,9.373135955032415,8.932233901854502,10.538136528933373,12.191183684321857
1167,10.460499257325871,8.916981518699725,8.734645296392953,9.780997234959292,12.322227447285474,11.673843532357113,11.633603697989956,12.710732802164255,9.393799158949747,9.085250384316925,9.998865372102975,11.637430159677537
1168,9.084247796263632,6.657949714572222,7.8307579675694425,9.155479333263816,11.51415590593261,10.0742220558217,8.639267193724105,10.21379454656967,8.45012910215997,8.657723316808429,9.276840255002964,9.873445129533785
1169,9.947861184773135,6.8266887908378,8.221399054663973,9.108530039167535,12.176975473774917,10.248594449040034,9.79952179437015,10.289928882681808,9.09787339648738,8.737063925164815,9.926109564456874,10.087137919960151
1170,9.54319896554828,7.765165082947932,7.761409436381921,9.170398454749982,12.658679519535688,10.640369549502468,9.065655391603876,11.425215922121737,8.871802103451891,8.958619416480843,9.392100559703692,11.375689763183672
1171,10.840725051600117,8.201955494827716,8.022078754054782,8.532795683302602,11.213178469134464,10.991037631493883,10.758472642774723,12.162968582048734,9.47593495883869,8.51789129793664,9.601570008939845,12.262015024597732
1172,9.526987407501544,7.075323178590147,7.980485773941691,8.857520207656854,11.108507043837086,9.944268165095371,9.022282960965416,10.762109413601026,8.574816827103199,8.618832146843413,9.308286516735809,10.021652216380764
1173,11.438326853184945,8.797331032095247,8.353469914872115,8.948520378055179,10.623249390539154,11.033329406743842,11.329024554593513,12.609337293553278,9.371001267627326,8.56792880904541,9.770831422037894,11.939050745140515
1174,10.00975963423881,7.705284515509524,7.8138501707843595,8.830245938156848,10.94483253073402,9.94575000260115,9.927193859894984,11.49270575029037,8.958124997058633,8.55353802025076,9.157813751919818,10.898316618148069
1175,10.97990060671057,8.229944766584003,8.010025689925161,9.2104729102515,10.12563196984503,10.737035498914684,9.985248892187574,12.150091660773874,8.885556608863933,8.423789233683234,9.575879225490016,10.285434435080191
1176,10.00156061852859,7.012365347174159,7.958215592226851,8.66374807368178,10.370385468451536,9.838454250670521,9.141657774106026,10.1757959854095,8.410291057338588,8.522901929293969,9.486898018072313,9.738638320479504
1177,10.816330049421161,8.087354384750679,7.884996543075773,8.340002477501871,10.426876096815054,10.076153558371146,10.361418735800083,11.623552031941918,8.9506183891147,8.049677415128558,9.361690865713665,11.33046465157423
1178,11.024655434980172,8.274277506835869,7.942564457265547,8.324218822625276,10.450656302883068,10.00920727656812,10.025538644741216,11.532885214147862,8.826857336972253,8.813805979645906,9.655524893067598,10.723181259233442
1179,11.125891769222518,8.333601545697206,7.973781420481538,8.258982234884076,10.234182611323412,10.582306585805346,10.78284374559596,12.333039182959197,9.293987824316385,8.392588760730035,9.400531955914966,11.015336811931943
1180,10.952644251729367,8.218960044961518,8.113536400282694,8.673741255763725,10.636070082304704,10.192627739407772,10.495714682354375,11.65183856880391,9.033922702275628,8.81740255921869,9.902792025185422,11.123753326498514
1181,9.209710058948117,7.303459955113572,8.161943850662563,9.137546217478045,11.94076603163117,10.386534627270809,9.31738583934396,11.84101296027719,9.091184778336283,9.223106066787773,9.315396001300122,11.155846948934109
1182,10.928402869259752,8.427175472597238,7.9098989297946565,8.721330955517548,10.645996565157343,10.925235748407488,10.673127239527327,12.260448571986814,9.28127760188501,8.430676197740752,9.404762463978564,11.14516337724628
1183,11.339756950547347,8.719806806015047,8.129550335242344,8.330513577713424,11.010884624561665,11.123782433229746,11.409703651737166,12.186540202613479,9.67263575681989,8.478178880142664,9.521812733030186,12.244894662684434
1184,10.685490447215221,8.148584309049975,8.028714173511913,8.77652741913212,10.448297370278013,10.270969239865803,9.255429066025124,10.756248627852163,8.660418270147103,8.965282080249672,10.0738255908743,10.600828260619144
1185,11.171853338250003,8.411439554047746,7.946280667984235,8.976732011337013,10.554024125853477,10.8119628310539,10.56558321977113,12.080786289752577,9.111616465966236,8.83183479044282,9.71263006621713,11.511367394367795
1186,11.838329221456313,9.111267370983189,8.059861742822676,8.707273225022407,10.673339715865435,11.111344771460445,12.046395569543106,12.986819599740755,9.772269954151195,8.671540316068146,9.480574654810999,12.617659602871068
1187,10.448190714431668,8.034049709954525,7.908301822019591,8.679125174608263,11.138032504749907,10.53880444005059,10.466708498698594,11.845528390572237,9.445194195088465,8.547554583184992,9.334367489121831,11.940693177595772
1188,12.44962058052344,9.270152048582172,8.334214997392621,8.083495394833832,10.722056952632048,10.231759195654845,12.477265608418517,11.902538671603029,9.937346008521658,8.496506417516379,10.413162034042404,13.013086949434637
1189,11.493259969480487,8.43951092289662,8.86089665033646,9.113625753552048,10.688700895844992,10.352917585124569,10.424760854136128,10.791979101949984,8.539042544135183,10.083683668608879,11.601156528284264,11.09852039459162
1190,10.952242155386951,8.116916495030729,8.184791125047909,8.993994232295393,11.187503705969336,9.992200083128374,9.949068610460811,10.793677620658546,9.016684809780253,8.966903531008807,10.428994488118063,10.736754201366981
1191,9.415579363568309,7.34754756460872,7.790735916357113,9.15550359901401,11.515044255351622,10.409867079719591,9.206629153285427,11.354818799400544,8.68526656864159,8.950975108663304,9.337739394820991,10.765425060782935
1192,10.737102709857623,8.799787605567648,8.420507844275201,9.326299309044774,11.378511336490657,11.472554577780718,11.991136247255774,12.551910560309953,9.498543272386511,8.930758268921869,9.835460398357313,11.815728860143068
1193,11.477452902937284,9.170783114096185,8.545232474921033,8.80190048564383,11.00311696594348,11.173118767097069,11.844711494625962,12.619610391887537,9.648628432365971,8.761786155761879,10.039637125880999,12.189208004452544
1194,10.60275167449587,7.462612254372514,7.971542218444414,8.918062934201648,10.788750367842944,9.811951194510062,9.190835673730028,10.324119947740632,8.49407178561856,8.771203116716325,10.21431985173151,10.201467643461257
1195,10.675539039562196,7.877354398864317,7.910833777308474,8.828010598560843,11.14954679740146,9.898480204883986,9.849102063576668,11.293807275151345,8.895903587170622,8.759227704920775,9.533525539006451,10.930190427811532
1196,11.16028149162074,8.184615140194552,7.772693512562364,8.39778835056034,10.81886856310683,9.988068556014639,10.235798251132561,11.78472834442844,8.987238148567448,8.799395374188176,9.589326534891734,11.195683632704515
1197,12.023505801542111,8.844219860235764,8.030805373114394,8.944201728166515,9.983107843279548,10.749562982624266,11.458680233706186,12.660078181217937,9.446306790966046,8.687635429093685,9.97737191864489,11.759823344182779
1198,10.35407560863242,7.0068370533688356,8.1417955420891,8.817496519131979,11.075748709914588,9.778229697420258,10.88019573487541,10.174497972191473,8.819265929085374,8.78453073484946,9.939110436054712,10.124101447721367
1199,11.211743123798005,8.198809068222406,7.510513946163655,8.198749974327075,9.205974099996759,8.741242216088457,8.90000006679459,9.676865175579415,8.064193782673405,10.298991513563877,11.386248457928561,10.522676616761991
1200,11.588246209848347,8.860520989092585,9.666237464706017,10.258032859508623,12.056134169498387,11.482087005792849,11.70175396028633,12.476017283988131,9.41878186114078,9.257847130353372,10.676434325185266,11.445015921007288
1201,8.839270008301202,6.3122695123154955,7.6280999739864885,9.372490587800339,12.072363676001116,10.092585247217643,8.091710955302025,10.911545347643113,8.504666801942031,8.904480698359418,8.822150035736673,9.91672908685241
1202,12.840547841879154,9.692419777350626,8.636181496068613,8.443208321099783,10.78197206467219,11.212682018971067,12.766784577868588,13.577980386261002,10.314861615297417,8.620391500604931,10.428473261266882,12.575566465971892
1203,10.728765397490422,7.828556974010985,8.798384199048837,8.881513298052248,11.693045395204553,10.727402765496947,10.995219655417545,11.80643914058981,9.729544970886575,8.577730663538098,10.504086764229648,11.548514069290075
1204,11.682042128405609,8.322681992485247,8.994540689709643,9.285396963829573,11.254142678002388,10.141043848528977,11.091008782063899,10.603030955202156,8.472481934391945,9.995475971812628,11.46217483519931,10.998434030413645
1205,8.726867341515545,6.713261887490764,8.034611082858493,9.7787164841158,12.536485624488078,10.423014494427317,9.082318581772956,11.792134808912362,8.535033268401001,8.764705558279443,9.25097664760495,9.760048396982477
1206,11.552646639765868,8.7956085787488,7.957758736228778,8.649913710851784,10.091479852771588,10.162041402228336,10.398204388239154,11.597208465556367,9.003719234576467,8.971670530287934,9.786930603614856,10.803785182792883
1207,10.644471570107989,7.254170172105788,8.179389368335302,8.367333880765248,9.99692190366713,9.25128201294387,9.741867275411785,9.7509685155181,8.37337968117361,8.540617647007998,10.205526433848103,10.099838113314082
1208,10.796412178655334,7.625352923496642,8.28526885844188,8.79492939529041,11.067339362994247,10.266864838430868,10.64931970266306,11.44139129464801,8.911141377492402,8.445408162287755,9.581458104556178,10.622531522158523
1209,11.0820275194663,8.802353396183891,9.016435682224673,9.639138556090769,10.822880891048541,11.108564267494387,11.17707443642599,12.392007936656746,9.390845827384787,8.502365410512965,10.545487734059316,11.52943756778042
1210,11.221860726118372,8.573181787226808,7.908218425835695,8.432247593212798,10.932403033726878,10.578032208884963,10.510455057678442,12.141225999740655,8.936151271073594,8.780010284039982,9.721086636787522,11.211931650350959
1211,11.077560432938624,8.430980210605336,7.789648872333851,8.06760099783966,9.97397078833594,9.721269896309327,10.157575513439083,11.149946254690558,8.760745246004351,9.09963341338896,9.932267334985097,10.717153237109772
1212,9.812806325300558,7.590654069276433,7.836779876794218,8.464397209940566,11.673783725503228,10.038614516567081,9.043704984682329,11.095831286506748,8.777906915041271,8.822991962617603,9.331867386548174,10.93012973132224
1213,9.95424713693661,7.926780070711407,8.351734183710285,9.444295762586325,11.605564911735385,10.3039613763912,10.247421799963634,12.206288723839048,9.164088602475465,9.023554196664618,9.631442569261724,10.425841489487876
1214,12.664892626120235,9.158788393373273,8.054663037338631,7.678288070819317,10.180158822173741,10.158559594641245,12.231006297349111,11.98376759669349,9.42146374915733,8.79451135155319,9.961869677348819,13.040857158329722
1215,12.298834302327759,8.837048245685654,7.946797357564843,8.70142771203139,9.282240135608935,11.078752819038357,11.857682497317217,13.107651430045443,9.099650688224646,8.48144288624573,9.28320883931043,11.698137669649956
1216,11.133617863378209,8.118028699971306,8.044377525208015,8.632021349319407,10.912678985194951,10.118543644892453,11.11059535331366,11.478890144234743,9.500341561155679,8.71273063993475,10.16480727836069,11.420298507665757
1217,11.56834803440085,9.888237578800506,9.743893778771184,10.710963954141594,12.444777321283842,12.258003091379674,12.221949647492075,12.396232609576005,9.780292695450576,8.263987032945327,10.797322231665616,11.366228417302375
1218,10.966092236005885,8.105632185441243,8.062908616555186,8.621641558365642,10.719703494323563,10.434415472156893,10.788123287622481,11.64207695531578,9.282146298308998,8.342974185485668,9.758986707134909,11.40770577882462
1219,9.310144599655963,7.361827827482645,8.42891207602456,9.922162360610422,12.621754942847087,10.817195124958246,9.859215383686102,11.981894950733652,8.78018908223569,9.1762847632075,9.329214278410824,10.837495648828337
1220,10.496691438718011,7.938708564940776,7.904239959931775,8.942411892684174,10.640308572029086,10.08537932496769,9.37135987769923,10.668589667100594,8.791530692915432,8.77556341827509,9.746944224906771,10.567977679050339
1221,9.677562989047145,7.644945101116173,8.324621909806572,9.623329279127175,11.53041554422806,11.013425324897737,9.982101493638327,11.879775022227385,8.935048174460475,9.376676570452423,9.54940505559145,10.73944149750311
1222,11.406886707402307,9.018092640029382,9.477866877692712,9.595458403697023,12.008265378089316,11.516509094406558,11.254859179072778,12.19266075388257,9.32983569062794,9.236472232251089,10.92094692677758,11.520411371065283
1223,11.124044246091394,8.143754497253447,9.00542744561253,9.181441865176492,11.71010074840715,10.98882157120817,11.23496660745695,12.505485211499188,9.53660745001442,8.808085120524911,10.760396502278613,11.467100976110842
1224,10.039853805110038,6.9484971291845525,8.054395138288044,9.068622416652168,10.847800284562238,9.936609411568936,8.90394692045152,10.121858711661497,8.65515105221531,9.118409162589776,9.877790374226427,9.806342241098392
1225,12.150809696895756,10.047333663285997,10.420878792798991,11.023086641971414,12.542233511983998,12.482512440318903,12.06921412876632,12.259743282190493,9.840273852851588,8.37387188756395,11.24278638454097,11.406908654182168
1226,11.369675470326419,7.641289830065531,8.237352363189995,8.732579681960711,10.111177530654771,9.404694222476987,9.522032962122777,9.983035707437827,8.211516343862916,9.578702167498829,11.060943591425959,10.54795928143984
1227,13.084838720797851,9.734643079917316,8.61043816893934,8.28883732764603,10.554743328219715,10.825050014901276,12.611725480391172,12.970341757143128,10.127451795131586,8.938544579294739,10.65507683534037,13.314117892880649
1228,11.012825253518423,8.083385464660148,7.964295771952946,8.87618830254172,10.856814839832332,10.1182272367812,9.523387056176901,10.542398563189291,8.635363396448248,9.122282462348666,10.186643182795653,10.872192668219698
1229,12.780430448003866,10.282266433816266,10.816888306869917,9.70699386456768,11.299940240077035,12.35905601649176,12.629672091630065,13.62787304329769,10.530478306548542,9.327515162589346,11.292414025740335,13.284133075070843
1230,11.424252865097213,8.73593930591365,8.211166481301097,8.384978324880077,10.61889299070469,10.556981724084231,12.060085366847272,12.28967081042056,9.745870634063508,8.35272570301565,9.66111228680062,12.183941866973383
1231,12.29063490056653,9.217657546842467,8.368581662091422,7.763074585877877,10.773365790208848,10.56119875922654,12.988357951214715,12.674578343211834,10.042762355604157,8.106072376033033,9.927959957489186,13.258893537501201
1232,9.269626092637559,6.640149896932836,7.784256136407401,8.942800877214596,11.058411422291593,9.688047959890588,8.675276564621639,9.932534356929441,8.60061954172193,8.918416872481787,9.663451669025982,9.772086745661584
1233,9.858293948610033,6.9806776554910135,8.011851804083069,8.874373360731715,10.787972620867755,10.031666914136721,9.034398977069666,9.963743204826024,8.51194466023442,8.698620128115865,9.619470428172754,9.852543402461148
1234,11.825453115394236,9.904614223379099,10.175302216175373,10.087559582292997,11.760426680795923,11.855220167434236,12.464905511395125,13.391828945526559,10.15662538446151,9.29155471024231,11.13130474822505,12.036669054042935
1235,11.155933492586078,7.660567548259009,8.030466318264953,8.702776482007305,10.505958142400832,9.563055070245513,9.146992147187841,9.953000814818346,8.55515174105643,9.033641382799516,10.711914753319324,9.934000599435464
1236,11.583482635282845,8.656501664741752,8.460809062987032,9.0185763172179,10.705574530568441,10.217143955086659,10.924046230113152,11.30190092696484,9.406186026042317,8.787369421438711,10.54613037242618,11.468672490343916
1237,11.665217938120911,8.725453773401853,8.451847740395728,8.902146519627683,11.047700943069746,10.231676606429204,10.915946541086903,11.622562952246108,9.084703846949589,9.28371032822394,11.092285823234956,11.283904420619091
1238,11.91831876194954,8.366540866591912,8.207874712120548,8.778361698979873,11.02688099276161,10.218215304131487,10.339057895424663,11.310016094913099,9.433050187374363,8.675085902080166,10.168212333643062,11.430886231860544
1239,13.184579964264517,10.001271629907526,9.044746391299014,8.460462721055292,10.906240237202523,11.181860539610138,13.173175343133796,13.10875702496402,10.066888684048218,8.813234131680005,10.94268290379014,13.68539950157066
1240,9.41462874462782,7.2642810640820095,7.924728810903426,9.264430927167215,12.013792519085523,10.435866483935806,9.410936924954724,11.074179840865408,9.023613774016471,8.711822963529308,9.380004338536994,10.645157117798124
1241,12.46069160351747,9.727350036347598,9.155465678714958,9.46396419506874,10.7321329244284,11.394327608408247,11.416167030741555,13.598597502592998,9.922580676631924,9.365774348368808,10.878646437609866,11.60408216400873
1242,10.996294765652662,8.011045781787557,8.190820077304938,8.401217665691696,10.982865343486889,9.98568898900411,11.420257448795772,11.467172710611743,9.723073579580383,8.267874531111016,10.284566113551652,11.728264885816081
1243,9.34577269348277,7.122994332858782,8.228118784109366,9.467104551531783,12.26194092842098,10.396596682049186,9.30298543773398,11.106647343998734,8.62907726954214,8.467293406077118,9.606164766643698,10.176637951356565
1244,12.599172257048313,9.622776324136378,8.593558924754603,8.779026135370325,10.532600696436146,10.772590541625185,12.492609689431426,12.780586050427878,10.428608998307435,9.004931315108077,10.826311076619355,12.379222487624508
1245,12.78848343974281,9.56983443012154,8.33076117849153,8.138153348421888,10.535943388444975,10.794564763795812,12.376780828143517,12.735225770620804,9.700348782996251,8.443888183844276,9.878956651616587,13.23099720166086
1246,11.592169965781105,8.795256491338371,8.312828861480988,8.366668519937395,10.957474334128605,11.048029386095692,11.82608895281126,12.206437023669594,9.702764828066247,8.709444522781585,9.98365992659583,12.200818405545327
1247,8.88158459553382,6.454259275967677,7.7766367433066055,9.441548816705566,12.034065939189722,10.486812837638428,8.53013259898894,10.792118003878354,8.402143839627776,8.805819904247356,9.431673162459017,9.564371036603438
1248,9.726945266184488,7.5259411438358885,8.132418002860728,9.384201173405184,11.293271746415634,10.797053882607427,9.595747805096554,11.291658926546583,8.79272733509774,8.92054282901654,9.520309599568535,10.305546427576056
1249,10.10644699066427,6.517716298609916,8.310312031071877,8.671913519106795,10.919970996087752,9.283897639081218,8.6191128731239,9.431909631173783,8.339604263636936,8.349062277539666,10.160558326158732,9.209571290309519
1250,9.760580852764992,7.446526818318443,8.34548961812304,9.139254213750199,11.099760771292896,10.581773364570346,9.616585946863463,11.655664167486925,8.99096031864515,8.78381275861131,9.620488033712707,10.344175323077351
1251,12.371681211799318,9.376741944329583,8.518530667429136,8.687714187874537,10.808179491265454,10.600635877132541,12.184575167200567,12.354198935030455,9.721475999736317,8.936148883465048,10.602748451755623,12.872067335557006
1252,12.063993259897783,10.2298613959099,10.926434649750949,10.412514118794492,12.065417796657872,12.367971235258974,11.498689490405987,12.084883703135947,10.165420671678167,9.905144373774673,12.573382205367416,11.761364481358399
1253,8.90936762514232,6.8466777392015565,8.303456619958105,10.042190783752794,12.429498166114335,10.619089383553462,9.22682399829852,12.074083327240414,9.02416079797623,8.891470119111524,10.089228659798065,10.28733463092839
1254,11.398828319092495,9.353820697034813,9.953570949336473,10.259243432573605,12.348356780978667,11.793000642802497,11.28051781095517,12.0006962112825,9.67996267121717,8.736887260099142,11.298597915427548,11.255477479385565
1255,11.248506577408921,8.442168221131915,8.57528053286104,9.134700298069,11.693102744547843,11.24790963348471,11.921130274255365,12.808529193435081,9.854692060500923,8.615827576308044,9.821303202124566,12.343210243878389
1256,10.852920123108898,7.9212662287824935,8.287186750243423,9.061215589000632,10.909757379217561,10.19602844968325,9.611693966138423,10.709771543165829,8.60975557002314,9.152195551791522,10.701659113815612,10.585450040386787
1257,10.965781405599195,7.801073645759882,8.291595504851003,9.097250324469346,10.597243293451118,9.766727112674534,9.135363499679492,10.340852837953326,8.55295666333096,9.897030824427262,11.007795359800824,10.501397419855145
1258,10.857001713420468,8.293457916513155,9.669429617431806,9.890248071518789,12.35885515926632,10.993267179970111,11.068322569349554,11.878628682416135,9.055959538931171,8.943170426687203,10.718191116957062,10.686027592807129
1259,9.21083561315314,7.54808248049134,8.710842824385939,9.78958458735766,12.372123996323008,10.715937401637717,9.174005583965702,11.132181446751419,8.788130141168807,9.065601639277885,10.038654745376048,10.066556330596594
1260,11.468986715794916,7.988054043216371,7.966154171291473,8.721937281625962,9.609100143651759,8.89119410991899,8.64313300838316,9.695060904463105,7.994559509875948,10.577017752197772,11.23843860047081,10.564347692812415
1261,11.366497589900415,8.136830532474232,8.504864737552056,9.231340031867388,10.562299308382169,10.126578957607613,9.957107866804964,11.12246608101648,9.0130881152019,9.16326873058545,10.62938332619354,11.127261681341995
1262,10.680834429996933,8.350990105312626,7.993465178081356,8.862362260870784,11.8771870446523,10.429929459271882,10.277696331083373,11.824264366768753,9.055520612279384,8.870039129114566,9.745999162891664,11.584106524167371
1263,9.042005636275281,6.488597137966486,7.98636799873521,8.765779296822206,11.793981861716944,9.83820933395944,8.787861575632498,9.883965530087565,8.434351271665616,8.346021621005256,9.546869709912155,9.84387425655839
1264,11.978362144314207,9.101867341425548,8.061057915018852,8.747183417603962,10.47045483741233,10.703677299559674,11.539461178709661,12.463175526025084,9.43584054315415,8.847583526635852,10.069480429186836,12.46959523323776
1265,10.684420550789326,7.5454246727711105,7.8930226072349035,8.821901568964618,10.595866072869999,9.736141566663541,9.303954272791138,10.449420616906426,8.402446095831131,9.28686463303725,10.116885756068747,10.46676386129069
1266,11.419819865078562,8.84053994929862,8.122425152532822,9.91704429608237,10.540526658939868,11.565598994332172,10.528652887827722,12.878529091318637,8.967065037718562,9.335477071534694,10.501631405190174,10.61483471709208
1267,9.24429629629883,7.288941006593602,7.808405235284273,8.90893362899018,13.25857251049242,10.245629550381903,9.451073424677647,11.545056213944324,8.774535098881604,8.899148669296679,9.182491732844198,11.317137089953919
1268,10.676888353699209,7.8395706289702485,8.06585398787055,8.960094507074754,10.779330260542709,10.015800959157966,9.68156788407234,10.08105568236727,8.45297145970017,9.509470665936574,10.531292555152822,10.758346396044516
1269,8.992205910614846,6.402773512619597,7.8396819949669645,9.304142668921653,11.70642944331414,10.05737593173506,8.638087441426698,10.422779274699208,8.482829446209417,8.540257351739061,9.23188728657674,9.869654533242215
1270,11.935110846581011,9.325827898920007,8.68553414170623,9.338927366782766,10.872235777254748,11.75911683196901,12.58357475107083,13.36463779098467,10.330176429425961,8.900955957354942,10.416011915110847,12.962296645087605
1271,9.774726909254147,8.167508905627022,8.62420734731009,9.416060657267685,15.54825688039761,11.080598138562515,10.820669056277374,12.711960228150858,10.387109577008655,9.388263728571378,10.174184152135387,10.902631309958133
1272,12.25350934685343,9.295998331579302,8.26504407922436,8.220224939545577,10.59098636213194,10.774295858304498,12.608405978567646,12.865947890215963,10.009801058198601,8.54719369750889,9.915987686257523,12.593885282961878
1273,10.873106089570122,7.79001866523398,8.018184754267924,8.307360119362329,13.091829045761035,10.232016845129074,10.986082653532874,12.065152450148176,9.07217670705076,8.354904383100317,9.485334443788648,12.027725551724934
1274,10.03452192541397,7.169552648459781,8.347073333152474,8.204462894604985,11.768492281339618,10.011905268975864,10.608751453233808,11.603717704679866,8.740572484103463,7.978881921740189,9.316334741075867,11.456430900874533
1275,11.494587617386097,9.761229046415831,10.88293147658748,10.46563413970813,12.876367695750993,12.658415621201971,13.445239646948703,14.467501251210834,10.092971332846922,9.416566725856022,11.27731935667967,11.985591011753977
1276,11.626135096260061,8.826836403507851,8.74828512392673,8.932452442936658,10.779809755055776,10.174611521318171,10.9274140780267,11.229787155220585,8.918942491199047,9.585371436052714,11.254276718223444,11.272249262681349
1277,12.326276417870655,9.870515454138362,9.76925284840792,9.896019348527464,11.301793248352638,11.772128537814584,12.785437876430441,13.747625052380137,9.928849265316742,10.107657699036865,11.347760899756434,12.65117119259564
1278,11.41278783945757,9.429330286716796,9.63312038057418,10.709755178400794,12.276824682666248,12.207026072574156,11.76813792598234,12.847949197271301,9.722964064014317,8.782171907867829,10.432062647497364,11.483475770527196
1279,10.288138038774498,8.336433329215945,10.22787036472567,10.504036928167443,12.747178243453385,11.656634158390744,10.922984235200246,12.466317004320072,9.414741740134065,9.236256860898294,10.71598884195582,10.887256537227707
1280,9.657292006146374,6.9447670748922405,7.873839718414481,8.712636569998047,12.381256385259153,10.328935904081558,10.085585672606793,11.674141973267808,8.983134788350917,8.747298286360703,9.01496360611758,11.608274330472565
1281,9.87471621128156,8.146108729582007,9.607907512031133,9.910840066752117,12.715169985741454,11.27331508120156,10.413491791485992,11.88582483017192,9.243822072810381,8.90817503937133,10.627467793659942,11.410761560104717
1282,9.444715087188094,7.243200884113861,7.807862053037251,9.130923743789143,11.428667028457694,10.544214109522105,9.636621392171815,10.92567085152,8.660642725667078,8.600588134252591,9.409113358434306,10.373804980605339
1283,10.146079200219608,7.694574514047625,7.939232453057407,8.809275776488299,11.620278262301943,10.833123049486428,10.428783249459215,11.950884174381887,9.5803683314005,8.803842943417298,9.087837086459025,12.178191240689092
1284,11.741237977341113,10.200880058638461,10.198548675107784,10.10633335797701,12.798479562267012,12.418599693067515,13.267136212368445,13.535690136510656,9.732508836297157,9.482620156386444,11.149031372864737,12.69875789845884
1285,8.788042381078558,6.332178114937175,7.903718182200653,9.28095593695732,11.892196609643218,10.152175566195986,8.185312534249368,10.397903060431874,8.56635494005737,8.506886808939988,9.197111180053833,9.960750656279977
1286,10.728958849076196,8.01555991859724,8.1653797322485,8.613688426901394,10.877777038409995,10.052519228985723,10.762010671860127,10.669305320719912,8.718840480151297,8.796865748693552,10.156414408671493,11.196101043181105
1287,9.070223860862505,7.07498798285658,7.561285715655301,8.943683206677282,13.102759458204757,10.338377760642137,8.69745833420657,11.291068682417773,8.54352187297987,8.735820448126592,8.931547964992646,10.531117979194903
1288,11.786579586926145,8.74056590289797,7.941229707159829,8.229523139455063,9.697670304850678,9.826243079101417,10.33197897105563,11.673125958509932,8.809376796418697,8.95546350287347,9.670911938200948,11.376903961855776
1289,11.865388301866702,8.479383886099871,8.293120559429596,8.483742686280157,11.136311892404194,10.349812768126741,10.495918373424225,11.431067274545777,9.28286655572998,8.615000002856672,10.454087719651232,11.604658296101478
1290,12.248332418347438,10.839593981010882,11.443815754388737,10.539822314908243,12.916129002418165,13.087956054897559,15.102768756141321,15.164286792840707,10.684559110507477,9.884615302653064,11.97276019014274,13.941659033389138
1291,9.482204230361713,6.5689549363229816,8.173152205102014,9.032776371065609,11.689910034000246,9.815804493955332,8.93985386398861,10.076800138560017,8.332483132246981,8.406424054918302,9.891143406621557,9.66563457989859
1292,11.307379102119873,8.308523840273214,9.740000256300666,9.689480740958622,12.271045015165836,11.43579727754438,11.549471111517505,12.650903324141183,9.479100440363403,8.715048067626483,10.515044111803,11.57118881464363
1293,11.395645420235486,8.605604239923041,8.619400582452137,8.760710819577262,10.812510185143605,10.033131954789928,10.390084870989572,10.835294046915244,8.700598944935184,9.416901957491044,11.00969040255707,11.017501070416536
1294,11.836659252765013,9.141859609235919,10.368112188974695,10.023912559140548,12.342313229949177,12.331917590340336,12.026637814216555,13.112745512052868,10.008179067328957,8.834090769081518,11.514246777132996,12.225789488106198
1295,12.824812435636941,9.069248176853819,8.481275298062563,7.985510093636788,10.834960851727805,10.485872354657195,12.609757882097913,12.18886638604646,10.270495197738608,8.322507968194262,10.273743802142079,12.96338273032952
1296,12.737371292066943,9.409747486720084,8.366081273259741,7.965728988640715,10.411883478317252,10.218228128679964,12.294648781469768,12.403896584422075,9.705421713928025,8.56042860639396,10.517067572657272,12.771136556774643
1297,9.100369764596467,6.778419355927937,7.868086500210379,9.284719165843725,11.906765245305102,10.33630323862094,10.325743307763808,11.26457255771976,9.014479560169454,8.860692567194507,9.561339598852543,10.388298307021406
1298,9.767992112771466,7.184499810280336,8.237731949882976,8.840215629145913,12.02294025407867,9.700004743532523,10.017165143710374,11.442797534679736,9.638079963352777,9.167145998658512,9.998610691585863,11.389418169136853
1299,8.919401143746907,6.7218068969001665,7.807170263842084,9.471023742951955,11.756688857373064,10.560810162280891,9.324463855058568,11.47653296627507,8.761826044906904,9.152372075988628,9.633330217170915,10.522136094271561
1300,9.864193770081739,6.969700167477189,8.623364530487887,9.721666727106948,11.553770809167073,10.180253929012087,9.794475747224617,11.423754481319015,8.91065935639743,9.51637852618129,10.225248118147917,10.968259218969846
1301,11.533227712381107,8.370458233305033,8.653299411200644,9.221467029623277,10.661439802195385,10.208506017956616,9.750138425112823,10.656671624932017,8.973323185012012,9.445098889690644,11.828431842778027,11.071442452831167
1302,9.702150508167502,7.407318708953309,7.966896189126647,9.557810060175537,11.853396886327364,10.405957492744498,9.490800195160404,11.27068233067166,9.083065477515238,8.647862094357773,9.620225774471244,10.942312489304822
1303,11.13414538848776,7.966488183870612,8.320335592710178,9.388420721327542,10.840553679980129,9.983728916635599,10.327909840089507,10.949900320776393,8.918920650189994,9.538622773196256,10.930476158503444,10.934312196551339
1304,8.870945861748298,6.657274016484209,8.329813646058401,9.746298398545033,12.318526579886534,10.655380331304958,9.325807203645377,10.721444230973955,9.124427949385607,8.792361418497999,9.923057393185317,10.13284887958018
1305,8.942692367292182,7.152982964271725,8.539800442305182,9.826693418658927,12.233680930635774,10.515390482640315,8.827145876713487,11.598494306879783,8.60123454345763,9.273474713638747,9.55974554841447,9.959762665923291
1306,8.111074458937667,6.328673566933442,7.769350514950212,9.942475562493321,12.515638874780356,10.419377875125367,7.574321956424824,11.573213930341554,8.700288058141041,9.50414553879729,8.572553071934415,10.086981721628465
1307,8.217457313316867,6.374650583658836,7.819972753424356,9.559658806664658,12.176064431908188,10.201153740542757,7.637966832374506,10.96467727855013,8.55773681365741,9.244437232352498,8.804692867384134,10.143916048951347
1308,8.829837492489606,7.083421172804748,8.680709145399756,8.804438339461438,11.494818173444845,9.84999867576731,9.594192850161168,10.64945341955666,8.794553246752864,8.772448535001228,10.777982160829993,9.849559147839038
1309,9.217293123674485,6.604595510875945,8.142995149258255,9.14177275861211,11.36196234765178,10.131889945620937,8.807873197893993,10.387164313613573,8.552817777756847,8.818116561897927,9.379444910555456,9.862057581157277
1310,9.905954004330031,8.743189438853225,9.808660840913738,10.605147675306702,13.018534167227896,11.716386963570766,10.304750280223693,12.244888464505543,9.505548369572553,9.556454219050263,10.854946416658677,11.052636222565134
1311,8.185511447124625,6.36908388467358,7.676492119726514,9.869183680718557,12.551926071000748,10.788291979572904,7.688155496710906,11.413561753003053,8.563715137556112,9.337793875011993,8.725790171331159,10.263540265641364
1312,8.221291901442966,6.219518785159894,7.66976252489995,9.742242278568483,12.006354762097462,10.210865734353849,8.085852216368092,10.841935907946686,8.243403288378925,8.842046747951176,8.617998702327208,9.921456116097541
1313,9.069978965177953,6.538652420347589,8.205915345878978,9.322961332369433,11.32910618401177,10.208831723490242,9.002318703000268,10.50451063448751,8.54937635336028,8.824309230105642,9.578048768906871,9.758240608089254
1314,8.925571242382158,6.504156624566997,8.199085031478342,9.355433150559708,11.802098509692293,10.05585531778675,9.33633773367977,10.483421506495969,8.692279828481954,9.26484612512015,9.930913497776707,10.46442754682262
1315,8.604188150556825,6.187706390287289,8.014495464665128,9.477571388456887,11.793742956447783,10.17924465848705,8.072359190187266,10.54203197970327,8.565535309233319,9.186106727394135,9.038609703300933,10.070873796259402
1316,11.570368089592455,8.82736448780666,11.262878750292712,11.31866080212523,13.594419165640863,12.9198320500935,12.023352027203176,12.606953774814357,9.46421168794403,9.151660952235279,11.547455900854592,11.648011087406502
1317,10.026273988449907,8.04766214030722,9.262025101052137,9.694670323839622,13.983013573367344,11.162634710133752,11.182416278492807,11.613158927269309,9.374485455800897,9.426085197980086,10.90084315475493,11.453148150126243
1318,9.08363553575774,7.35183969101704,8.231879607529082,9.949243452659953,11.979587237716926,10.67953990868289,9.30911621331477,11.464495910684601,8.452648651607976,8.93769174730619,9.60721784843337,10.214792446786971
1319,8.024377587529743,6.467660371105101,7.933149174481624,9.696602380169521,12.320140935519238,10.202358551950265,7.910494483580031,11.359192930478153,8.676678332649601,9.127159531469655,8.589869086706681,10.127179704278937
1320,8.531476785750563,6.588862367098466,9.239879219937688,9.575975018623705,12.288226917362948,10.329270723255112,8.634995258927571,10.793797320232926,8.871827446449801,9.161121487165474,9.056389916699072,9.671263468747869
1321,8.303170445744184,6.343832479681174,7.680948415232928,9.854038648487608,12.109891276522035,10.397183806905154,7.822415131830906,11.123594093027648,8.392833498113486,9.261425804372427,8.775196811406435,10.233009726637654
1322,8.39756486688688,6.276136985001696,7.926150531227787,9.548819395922397,11.959186418706551,9.885460479662235,8.104547069069486,10.48947682195504,8.571722802968523,9.25729227227847,9.150856978915368,9.807832673528413
1323,8.66225507490434,6.932932381631974,7.694142711670567,9.818411113382387,12.406951386505884,10.577705605492309,8.626801841478974,11.243732714105946,8.969340545542025,9.241116514764919,9.623052184618452,10.043252500521236
1324,11.547176144423464,8.338519339318617,8.242540995410863,9.147517041465456,10.047880385864952,9.552534062586687,9.211570710282038,10.048653369261821,8.265342835049308,10.32988728017292,11.600296333146101,10.61874846098312
1325,8.745156606468466,6.576925018052989,7.957154712128135,9.972212409114285,11.521739814246626,9.869032687884443,8.603074215873098,10.886982468214558,8.556857249146896,9.443881270562208,9.018611939657506,9.816384557638365
1326,9.60993050960816,7.271897083601878,8.1612450261016,9.847056526021582,12.208334042418109,10.927999332153254,9.20940232931542,11.095843728920705,8.604459881271293,9.2651227724318,10.029184933319549,10.431119050880161
1327,8.728364937460967,6.134175946167949,8.071170827193429,9.240969663948931,11.292743942270443,9.736607406163145,9.188575702277742,10.164505883140531,8.381610110280194,8.76600438838575,9.634660007460294,9.722265606819873
1328,9.35477529783905,6.582593053539716,7.972779220851595,9.064420551855537,10.926039745165102,9.597423506181437,8.65551072192704,9.979338059839144,8.475618620104955,8.973900566161447,9.610607861437607,9.625478992826283
1329,8.087228358694906,6.290596942447188,7.715354937560221,9.601665093926409,12.015227942192539,10.04970163963683,7.994941439102282,10.64977206729042,8.709087874141039,9.188527656213166,9.054153978617308,9.888463635293153
1330,8.508087478620727,6.519557029743701,7.859306610211673,10.029548884601152,11.95934007867032,9.790537057937911,7.941811776802737,11.036620560444794,8.443467244664921,9.264896150445853,8.781085953374,10.293071783879466
1331,9.158514921191218,6.62557818420778,9.149943149796638,9.460473553953534,11.183101922789088,9.632549120342242,8.991373366427677,10.84910651350913,8.923961742972384,8.883402934113235,9.22053184623034,9.866662446782124
1332,9.440304217779794,6.3665908159683475,8.372271886528925,9.481835287256038,11.809208728822655,10.22563726696349,8.856268343749234,10.65014527606806,8.736237559568178,8.298135615010734,9.284887422650211,9.616539401363045
1333,9.42781393359958,7.005750306036635,8.404261300164116,9.551915127347083,11.601089240457739,10.332564300243723,8.623162695979401,10.909651765490995,8.676700410004436,8.658405614242549,9.376473045974102,10.353081770418534
1334,11.068058791794986,9.168576891323983,10.025268620996654,10.180301282026402,12.011621527933428,12.169228338582801,10.909211371922133,12.745793800518964,9.896609004135687,10.175801241561704,11.190236723866782,12.105422378516831
1335,11.96100178135735,9.97084028893327,11.103022747111392,10.384183337292047,12.778393275656544,12.93143519126092,16.273207792602808,14.421175473952047,12.536866706280122,11.566479316188069,12.644683660413012,13.160088089525079
1336,12.831513036425033,9.87973657508913,9.120788676825782,8.53453051593011,11.335491232534096,11.734423461675725,12.952960868972742,14.16087766674509,10.514888782355488,8.262402347065414,9.946341557105082,13.782329606281262
1337,10.67504845722415,8.404722362208958,9.599301053002632,10.049586628825278,12.183561484292397,11.789341477105456,11.311728546972688,12.686334799938933,10.098669805006395,10.307052699652537,10.792999452161382,11.836197976529888
1338,10.389814005605963,7.675495151344645,8.725954136963438,9.165364865227625,11.478492701278658,10.521890408436892,10.145650363181193,11.136551125912064,9.446811346764697,8.704282789180711,9.608361434936132,10.71856487806393
1339,9.990079885201231,6.130455750470437,8.840675189814192,9.309669046380023,11.336231223194158,10.651945811105817,9.71648561089592,9.642405870635928,8.671548815872775,8.554774787262787,9.97349726977154,9.390176694806842
1340,9.415585043357956,7.210194066602634,8.454406566255445,9.646347962272108,11.563998951155003,10.256354662899552,8.953890188462337,10.9165511939175,8.883929318493085,9.14006133255942,9.424251857457424,9.744712288882655
1341,10.627595139937412,7.989231860201178,8.586376502112248,8.867081477351423,11.541289213473203,10.77392250857734,10.24994060810094,11.827054557384868,9.44615250563793,8.549619976542303,9.238879211239238,11.003639899200476
1342,8.927312491220881,6.373176590539752,8.623938504405062,9.243078600861127,11.705484235453408,10.08918335478226,8.683711269832294,10.213551089701523,8.679326572406145,8.361784577664586,9.48596140782453,9.5112547526097
1343,9.90573414039672,7.350506939188222,8.5286073414469,9.156134483731073,11.462281015410511,10.621567659910443,9.755721450694583,11.716328569367555,9.473745477488295,8.88588844164724,9.025004137735738,10.375443652041913
1344,9.895742148853003,7.490762884506349,8.62294825986763,9.313437154411387,11.340561079285099,10.260261772377607,9.0281664621046,11.152371096865993,8.771804432429441,9.067132974563824,9.472839433229325,10.444542993850954
1345,10.006873714422305,6.9441152094734635,8.17913986065615,7.825786013082103,10.064445292131621,9.289243340995377,8.869001035025784,8.574413712871614,8.256116139162032,7.949371129413808,10.67548294858199,9.02658772118538
1346,11.239876444464546,8.608592491721534,8.028716460289536,8.598736241530972,10.314030866994624,10.22086783187492,11.312528573094909,12.451323995242175,9.541199813961518,8.675884992898487,9.608119919165539,11.940669082271523
1347,11.654043762978283,9.16708120785461,9.132739948895388,9.982406520587972,10.57456488445068,12.095020453584114,11.305213811661872,13.36367164401727,9.415657999486548,9.036174457565625,10.50913285719544,11.837200782779146
1348,11.784092200432887,8.844686490767842,8.1006957617438,8.728305852654522,10.495216211183884,10.523685584142552,10.991620015362365,12.125676834409546,9.35851256433772,8.669200607119626,9.658347527264022,11.75018411293782
1349,11.456320514070544,8.63885744056942,7.884511075584231,8.545248913324553,10.056961581187302,10.424942046071887,10.770614496110834,11.639980701301802,9.148954912420017,9.034266016624064,9.935363650108908,11.282834523449047
1350,10.374925997623334,7.585152582703479,7.979636930148906,8.542848492252258,10.989912542298274,10.445727388531045,10.033829695991574,11.649923573234588,9.32367374706371,8.703225085173504,9.623632114490805,11.333457503791424
1351,9.790501432087243,7.613128401777649,8.061114142600655,8.746324199445,11.551121623812056,10.174838160023203,9.49880076984689,11.49362795264115,8.646647644568029,8.648890923702156,9.181403530280255,10.716133968449178
1352,11.165618111813107,8.169137838767258,7.942145679271134,8.905596679121304,10.25036030547099,9.98130258250776,9.48329292468793,10.917553928360089,8.395113177213037,9.407268269411299,10.34064552144186,10.708434194247324
1353,12.004151337790901,9.295576568079543,8.679140804089284,9.029651283049954,10.627549876208136,11.733942430719686,11.816093289780426,13.05033153594786,9.414068496740946,8.809189043259103,10.393470134355919,12.738894304845015
1354,10.260281207926191,7.267881689313301,8.144553143385114,8.547222612750222,10.224733340388287,9.683650950777245,9.2603938137285,9.965456284497545,8.315420393761634,8.969840973060892,10.414052068115257,9.963759582060302
1355,9.104115289096862,6.9537875042654775,8.055392335458484,9.705812292770304,12.328330314262583,10.528817765970802,9.010919347868242,11.05797493077937,8.692851074488846,8.759167732018199,9.391808015279207,10.171881291827322
1356,9.568192067163407,7.2890952751979885,7.755114961294261,9.216177376938234,10.994392865077163,10.113117351616012,9.009300684122325,10.555000048076295,8.667371327430173,8.99751765145339,9.358277606669242,10.354965772441965
1357,12.55221806003361,9.304562812926815,8.065369028838045,7.645512194343714,10.665041759489464,10.15996878011391,12.799044750688305,12.428483916116397,9.591428200092063,8.306531032477462,9.898421915683453,13.890587638179097
1358,9.813752742435877,6.91942710726023,8.282237918295564,7.985334580685006,9.886590445105536,9.236201003351507,8.78836291462496,8.272303712426558,8.554438677463173,8.379318418332822,9.969487464257092,9.06878708158121
1359,11.084264113458985,8.263356497409323,8.018399243642675,8.866227375549357,10.590348502189102,10.117916588119213,9.815668203463485,10.823701572447042,8.594503006434483,9.31220962512559,10.130639174265912,10.862031107706203
1360,12.162806400363522,9.852234737474511,11.013348764565745,10.457186038367857,12.307969557876321,12.301814931354862,13.292060638901608,13.832468510746049,9.809670374769457,9.253680710503108,11.411140948279286,11.728546987867707
1361,11.60531984502654,8.132940505611332,8.318052884642295,8.584045928059624,10.05365596111977,9.513146964522996,9.56955133738979,10.329889994146257,9.0070820552878,9.543497260123008,10.470772134706655,10.63598445489586
1362,13.202029900420012,9.92979921829334,8.398061899401497,7.698888816399819,10.357931982069758,10.486973155058934,13.26538249831357,13.081793280613317,10.383894051873616,8.365239131287415,10.046886819720072,14.11043840286124
1363,8.733631344608797,6.894374275499373,8.209841280394496,9.091016708654907,12.111053143951864,10.059910887162467,8.367210205264051,10.807803780821601,8.612326881640818,8.865145881979812,9.185044220128638,9.788019426363391
1364,8.513593588521358,6.438348583971303,7.740626954783766,9.582411088982198,12.616657364659506,10.492730467117656,8.156543434477697,10.82501889739317,8.341690084787711,8.825921470495192,8.87132481715988,10.135407918449902
1365,10.820365138161387,8.438176970611723,7.809031106163939,8.667817748692979,10.825042303636213,10.678362966100371,10.795683725568214,12.1829403745051,9.303598231581331,8.385810727352492,9.516353008140054,12.193272161138331
1366,11.491043812817857,8.199206281504377,7.959527001296037,8.132365316101286,9.93047978763244,9.87334445098656,10.553025992767317,11.516319130415617,8.961579628830997,8.628435709011292,9.853419344727923,11.52758623002534
1367,11.090002245358857,8.360973110803732,7.780588425814196,8.378741279036642,9.893899828413975,10.376371728912325,10.244969108490757,12.0459588754854,9.05957406121431,8.467127227047076,9.304953607998334,10.742120532016049
1368,9.966325457990282,7.565967119038875,7.885828804703588,8.93380771681381,11.373096095717795,10.034793087532396,9.73065962004943,11.823697302292985,9.46729752228833,8.872483760695633,9.459829670659106,10.235175201884799
1369,9.58543631434339,7.272931907588603,7.727490676857232,9.45091285056556,11.81851658674484,10.119665738057073,8.650175866122877,11.139429109063954,8.647552054593254,8.96842632120899,9.234026046590161,10.635264397799268
1370,10.331462278437343,7.342519295053335,8.011982341817719,8.117697029794044,11.298264592184651,9.116275933071847,9.384557204885244,10.095623429857744,8.238680380590207,8.497549607818453,9.672698130957265,10.113820717093532
1371,11.881052487177737,8.914568245273257,7.907260929076041,8.068534192688604,10.626156093169305,9.50616123805894,11.125006876993616,10.766270800046172,8.967034053100011,9.21263022781652,10.466174226498929,11.3442387648638
1372,9.805325455438787,7.453661177646876,7.891529710177533,8.850383914138725,12.087346553126345,10.133905723513458,9.53607059960435,11.552604257312684,8.704122521046123,8.503821485202652,9.182242135202376,10.491246608179022
1373,10.991805100895137,8.675364371243262,8.243345578507299,8.386348191289528,14.103847955240044,10.920180530764672,11.67925056142786,12.68802268134256,9.385856424322053,8.60778511149677,9.70144466420344,12.240691685860202
1374,10.871560547313871,8.01112573033786,8.27652464781971,8.465413838357339,11.044645257519694,10.184187865663162,10.872841726450542,12.173606677837729,9.252138317659796,8.827841391095781,9.685945855449297,10.955063131821877
1375,10.810255479820256,8.146530186189343,8.162420392775486,8.206746969931768,10.146021480016913,9.902003908686394,11.0897323000169,11.631457803729818,9.266349520808609,9.145510582605851,10.324053653195165,10.868499546013279
1376,11.578720508805624,8.626830425735415,8.393001114065683,8.520267496103916,10.25749046903387,10.701250223248936,12.184100553414062,13.030160321578261,9.425596164091601,8.740054032348308,9.911318873155066,11.672865006677405
1377,11.124593561971452,8.251454693598337,8.860900505293202,8.867061249239248,10.855715675623912,9.85782555405582,9.32545616357528,10.671368629441448,9.160351194354671,10.370436285798084,11.851884325898151,10.83652214403826
1378,10.500674529447053,8.139663107016105,8.182524764124462,8.357546462745876,10.53286731616165,10.242273371572196,10.70229809568206,12.157709034987302,9.32824230151179,8.622940496594751,9.564452225177773,11.18657721093779
1379,10.774963982951341,7.9308889763754,7.950812254386506,8.309801426207004,11.117848440475218,9.694585085692335,10.627633435049775,11.517164602936816,9.125293813451115,9.091665663975343,9.971852981046542,10.598323213901036
1380,11.933525786349119,9.06490567854124,8.109261120971164,9.192357797448523,10.414485732577091,11.213386565772288,11.455139133237907,12.841506771235856,9.423418966061506,8.794005924491838,9.949712865864235,11.322674667886037
1381,10.848401619539871,8.54829717718528,9.318915697496006,9.71141899145894,11.628075835262274,10.89626833356535,10.45144953420238,11.893181324119501,9.19858455204098,8.753939018252819,10.432441614895625,11.061454871362411
1382,10.275045602071945,7.512572684658531,8.21684490329891,8.672354229595717,11.002527167826049,10.221954585628383,9.725145056201814,10.836344652494585,8.791166640505718,8.580013663267506,9.878265293867006,10.508178469558167
1383,11.481282365175154,8.595518166023194,8.793345822757784,9.466340175628467,11.834770786697772,10.876293805540726,11.140472831196243,11.76016850733696,9.119128349472344,8.774064293019656,10.64226571155918,11.492908613540394
1384,11.125330008178151,8.249091482091076,7.836116642837599,8.027071357430152,9.523248358851117,9.004276576141061,11.197658655053663,9.877881552530175,8.80034057000347,9.556937402649355,10.047607375855995,10.588755530088154
1385,11.660599886997614,9.19084503809453,8.909458205880732,9.454867034960792,10.508928184509061,12.024206798621764,11.834810962020903,13.74571711592686,9.516541840865484,8.57401226834851,10.370840179745368,12.29538627466312
1386,11.161817508118052,8.127366202060559,8.005344664878583,8.857034670744346,10.052755208089785,10.417241863139914,9.59550308659177,10.87481838726097,8.599277308256902,8.75943252796449,9.952961324667253,10.990885495134304
1387,9.07880148152256,6.917556686004727,7.834120618207021,9.056054729123886,11.908910075803336,9.785811286615193,8.784718011463008,10.841937998426486,8.650994510011605,8.689774225993215,8.81591529343483,10.59818854662268
1388,10.837236809503892,7.99377682162953,7.785208605032253,8.480380124262966,11.124223837361683,10.125397483108223,9.552802442258999,10.927007747271174,8.626789685682645,8.93082363192859,9.573424209566848,10.832965466724344
1389,12.247713099023997,8.987597708883426,7.778947273387192,8.07802227308139,9.923365370627758,9.925051067316037,11.383436812137665,12.091365550486193,9.307514431262216,8.521434764208648,9.608510882965739,12.00512774820755
1390,10.625366619699403,7.563230555541616,8.025429039466756,8.53705458311131,11.224048254961621,9.765130785443436,9.853304326023045,10.377861612717444,8.488039827832601,8.544008780682669,9.752678800180872,10.350868748197103
1391,10.544751522322079,7.659695590720415,7.917970907716576,7.865874908610142,10.55929835459174,9.170383564337627,9.546881469284067,10.047578456451038,8.474464330361435,8.896206201902224,9.957886779672727,10.08895352901612
1392,9.54366391838208,6.719045805404198,8.05737660153759,8.464860270418058,11.133448782992215,9.679482234980487,8.70816299113033,9.60255621927032,8.472828051717897,8.538633196065266,9.554496734102148,9.470619129086927
1393,11.237630032377693,8.339647818073708,7.916682971310082,8.31818750915384,11.555287098657052,10.48446025652142,10.537495698485898,12.043437260976969,9.15437766427756,8.708985605064532,9.560313436232526,11.265171352040218
1394,11.62310902002525,9.273758843528292,8.773682924220674,9.054601983440417,10.5710517048486,9.906124684078726,11.47380994338134,11.042356179333368,9.297044315862188,9.812305396122518,10.992960939536246,11.404485165238635
1395,11.489626791916349,8.57608598436875,8.226604960622941,8.076052861221573,9.560510935166736,9.234519569670113,9.61322394463517,9.693273919015443,8.763686003530285,10.11499325439396,11.014259245743958,10.853893080291138
1396,10.596201930206217,8.584662635223689,9.284634225177104,8.797547979075015,10.104126828383448,9.203909937951405,9.055308705960893,9.766850618905583,9.125130337124844,10.674001289372773,10.986753481967845,10.389613627456157
1397,12.05897507796493,8.644657991064364,8.129497242819888,7.953273452211354,10.3946886323279,10.09098297717835,11.441377133446636,11.756685540237285,9.394779297641836,8.610066158979553,9.95886705318949,12.154731766068249
1398,12.078080736551776,8.778937418485476,8.32771256335259,8.725339332215441,11.108783174323912,10.578853631383303,11.260955767583138,11.9788960083028,9.468844735605925,8.711661611010872,10.204479134011521,12.031699657034636
1399,12.32551725692776,9.31852317116478,8.547155054679365,8.6418712091604,10.753084198984773,10.627344404395394,11.592443404024753,12.028924601383812,9.641603264773945,8.830620157447235,10.632594545493824,12.375687536743206
1400,12.082544778282779,8.891860405346694,8.499535996077103,8.51437546126099,10.774939455308754,10.425889192283208,11.939617071987689,12.564218868193532,10.134831338184581,8.903763324097918,10.637058444440584,12.069004632428022
1401,8.572111089557868,6.401592373571562,7.733479911182761,9.500087595903612,11.820709607424469,10.175869818303681,8.326525995164307,10.47209047449198,8.700512255585764,9.093087622441342,8.888199018280108,9.699674365672832
1402,10.46437478786398,8.327370535498723,8.611736476373212,9.273768326892899,11.824057023260341,10.898090317372528,11.322697107935676,12.281425473809126,9.193071501077219,8.628544269152329,9.793824812576581,11.415066850675991
1403,11.5512549428774,8.741150558952052,8.106675988637269,9.067505136099268,10.417897991069143,10.484206166800298,10.553356789165967,11.908079891114465,9.15259361172218,9.08402720334048,10.411429065172694,11.006914241811648
1404,8.409120963183785,7.0452015394087875,7.693817983632348,9.754046640157634,11.980363913276015,10.319793334090654,8.584217378368663,10.978918189254092,8.915921559001518,8.988073613826382,9.366347588448551,10.218835859235107
1405,12.951326922044132,9.509924390282855,8.469555110274415,8.181958061626883,10.4930367533673,10.493516717807715,11.993395646939955,12.364483820893806,9.670617729136776,8.545402968389395,10.312356945450308,12.613291194399363
1406,12.910908258012817,9.395763166999185,8.353553075981127,7.8371406240936246,10.110533744906505,10.113949307458826,12.465381475734088,12.250729043378438,9.783933965203342,8.900187975940284,10.84154266993873,12.946913542906607
1407,10.188407394506605,6.799882875894931,8.162929153910287,8.907109777699596,10.95778043623101,9.550418823827693,9.31064093227382,9.692485391630651,8.421044057152802,9.154616642533103,10.170405718657694,9.498980042013853
1408,11.582717966912352,8.387054091438788,8.552424788419366,9.067423619395228,10.300326707970845,9.86930484661864,10.57692050681961,10.781144605729411,8.626621235994854,9.886765859580356,11.3274312132987,11.075635234606635
1409,12.472060479653438,9.542582458450346,8.686413558569992,7.6871723975447885,10.986429813100825,10.736277618166902,11.592582809811198,12.64399384843837,9.426986372664432,8.039301296732937,10.091513158348988,13.0389727087026
1410,12.476155263540724,9.197070060119863,8.409204626731032,8.07921173136637,10.346576110558699,10.069366987546546,11.78297400187753,12.058860917765877,9.494922816223758,8.940163590196445,10.555254326525649,12.367111769124875
1411,10.133158116699573,7.380733065097248,8.747898204927404,9.170848159499037,11.732369239713822,10.46577754031231,10.568480563578206,11.163221300134976,8.76834418344346,8.55177021324542,10.139295368809139,10.497060821523089
1412,11.938780109344211,9.046768185872596,7.96435751793852,7.810968720665071,10.777156403927883,10.208193504800143,11.918443689889589,12.02339366637065,9.694540525698208,8.217411394627902,9.643538602321415,12.800028497713747
1413,12.113863782396283,9.248035794268235,8.649455060576445,9.011412071483518,11.010066213297025,11.595769507151186,11.39134756450339,12.870026374060432,9.402772020000164,8.877800972443298,10.299080036688318,12.004164268706429
1414,12.376466855292495,10.186448275844937,9.622081404534253,10.234312685281646,11.187288744742855,12.245121378299121,12.64858538334719,12.868447309443807,9.907527244940024,9.506799985531545,11.471376949551686,12.299938758233132
1415,9.99813012771683,6.802235187416416,8.125911175741296,9.457694734004093,11.06310196571263,9.945551134958425,8.794872876065106,10.04575867032488,8.612506615580468,9.556501424589321,10.01508859824795,9.894840066111055
1416,12.248810624364104,9.217590578343358,8.084888820479122,8.407683184364855,10.031273405693396,10.080996222733358,11.42589290649379,12.021463794456452,9.350480964287986,9.046343619620275,10.397514524797932,12.045450561012931
1417,11.96222187996803,8.911619246842312,8.164440704885179,8.234647937861453,10.82532587386801,9.97765055586545,10.917888260851342,11.495781415751418,9.387535084563831,8.598403310541224,9.782608153631283,11.954405323873114
1418,11.528374123578716,8.46214997701904,8.06637108222964,8.795052986992916,10.472570899247977,10.542184029066004,9.990764226056926,11.454713190920772,9.131516612809817,8.979985683125724,10.043240541078768,11.23214704215642
1419,12.123291019479796,8.938441865861565,8.259932145425097,8.395604413786899,10.339796902214696,10.250286058476233,10.612601032665381,11.564714787268544,9.148169316712991,8.716494566142607,9.911440593669267,11.879357778339916
1420,10.324779599589952,7.480217330349072,7.827825814730161,8.615221186208563,10.57909683945055,9.718367707663003,8.997190262607255,10.349243393763535,8.542240851040797,8.816453649917587,9.920584365047274,10.271229049061454
1421,10.732716492061673,7.720228881211499,8.721860666462113,9.544007519941957,12.270493769239188,10.733438966555559,10.940857968113031,12.278088530054774,8.993177174928329,8.57415861649198,9.907993878987636,11.154883588395435
1422,11.91946917567114,8.817896676631346,8.245625943476668,8.321781925376763,10.581473766966386,10.280045490351295,10.694203345389965,11.27787035605617,9.092357152871633,8.741882322740075,10.275837882299719,11.827498563119914
1423,12.662544080726175,9.290097037850316,8.613684350286164,8.170681473178531,10.6593467870719,10.35261347642089,11.156356233272703,11.647889843522666,9.498098170364662,8.492819677688473,10.473678519652564,12.376085507638805
1424,12.578943496278722,9.405733256507798,8.79685526703775,8.949658815633754,10.78533246273715,11.474197717044465,12.279977773156167,13.079333554464613,9.933741858095608,8.774221196170945,10.376236645209554,12.59159336994909
1425,8.774342241082117,6.710491810650439,7.633766642774775,9.798385262511491,11.846686710614922,9.991939861018263,8.539426527609908,11.022055806558107,8.730882659655345,9.187994302911509,9.628161574808875,10.069768556637381
1426,12.173982772847447,9.044355253452906,8.926731981114864,8.301951558626065,11.891916602653295,10.417828142759204,12.820229076842782,12.238822081133874,10.408055086786199,8.76962847276408,10.803502320271328,13.046051257967529
1427,12.369964081553526,10.45171562411397,11.138377370989929,10.305518673377662,11.664092259047418,12.915212808264522,13.21906391424923,13.832053876937456,10.499795132689218,9.642338295636925,12.326450022687665,12.631707626718374
1428,11.523851222780923,9.261000568891165,10.623465768541756,10.493721485619274,12.824486256148687,12.52538423767566,12.492793667039031,13.760269471147442,9.684513812010088,9.589080473021111,11.500975211859663,11.604613442919455
1429,9.082148571088211,6.383682771345428,8.033882511574642,9.176049253081072,11.742766290023024,9.893751282397492,9.800324111768193,10.212084107557617,8.954443761369983,8.382615105758184,9.823846020555704,9.924871853650707
1430,12.116673262962145,9.172578902849729,8.965626001468861,8.956730267684932,11.287591246980874,11.016225785485318,12.339962824703896,12.643107770567958,10.038716008549796,9.13483819961036,10.777794746434004,12.755017985079242
1431,11.222776416037064,9.709405839198666,10.171778971274247,10.797464688638566,12.782360368616159,12.271315420785143,13.39250078966764,12.97480411075906,9.532046931516454,9.73790035887886,11.333679655855317,11.910526616411765
1432,11.062582313321345,8.79888955438554,9.914968012337283,10.09323575397012,12.56804161119674,11.677733078921772,12.394865846225747,12.697525956651889,9.464131749086565,9.056293485921314,10.822871865869326,11.567022844790072
1433,12.713951189622259,9.540977843619817,8.896124131810353,9.250459685839132,10.733752260719916,11.39148217098202,11.260009170800956,12.942747350640184,9.617956243670962,9.221478658036173,10.91072407782669,11.425761481133108
1434,11.456932679831372,7.9434407054985305,8.219761013597138,8.775715300969095,10.475828643591461,9.488744238189017,9.934726924636248,10.152381366490356,8.317777891575712,9.68508215298033,11.182874754865086,10.447317525786914
1435,10.247956510708104,6.761491109567456,8.631764677817047,8.92414352669126,11.185797370760078,9.92265866565247,9.108013081893402,9.915684445832007,8.649805463192063,8.58466482636242,9.78225834943534,10.05000331406865
1436,11.0008735567769,8.346564863320037,8.201740249342537,9.171684075063771,10.861200490484887,10.84265805746288,10.103963973165971,11.631510003931954,8.890675703122225,9.11826342632903,9.770248611569647,10.818442632807685
1437,11.242706024554385,8.019802497753894,7.989806070192724,8.751523495874348,10.709705936639192,10.134172538074536,9.855055461845955,10.78408073756465,8.976192884365675,8.64933628982667,9.723107101404345,10.940338230937904
1438,11.83230646024658,8.906260112654266,8.218623240815115,8.682933035355493,10.621873048081934,10.69106632820764,10.928285801837477,11.567975224528949,9.017601075856664,8.772705768520888,10.174303357847428,11.690836803300467
1439,9.216925716352788,7.300027191884715,7.989210309139283,9.748493624378881,11.133013085262512,10.158538021685775,9.094635138985574,11.594585168775343,8.892490061581531,9.17772018505135,9.034792617877091,10.241699740566123
1440,11.465866072580942,9.180382617909792,10.254127067216416,10.460507976224772,12.632955489360736,12.177203797293704,12.45321331421992,12.948895933077242,9.336896460938199,9.384978844035055,11.321677856075446,11.73137290121048
1441,12.550449003975135,9.617042466316306,8.682078627784186,9.388921034987405,10.359495945333348,11.458425980915205,11.430278217379454,13.364211537286337,9.932721891538492,9.294616455718023,10.660074013112183,11.386151328073742
1442,12.540048377234006,9.603258456167374,8.746805358412361,8.898275779781251,10.925077748002131,11.376315024859668,12.445967507615638,13.086995364633928,10.065553198572058,8.672646475797247,10.395928979974311,13.029835631812807
1443,13.301353895057964,9.590919148273208,8.412616064130916,7.444538156662098,10.328088073953502,10.247303707325443,13.040322951580952,12.151986497621785,11.072526371173751,8.362106516301733,10.323475700242353,13.608054825890353
1444,12.233492334422555,10.31518935457625,10.214339690615436,10.543305117190299,11.451501660358371,12.4874929662167,12.85474824068124,13.658664699257962,10.201285831665063,9.21909670321054,11.16839245851087,12.140542861854426
1445,11.080641523034041,7.958988388750382,8.037649357739257,8.410558443545327,10.015321714467511,9.420505458584357,9.33746354427282,10.041827233143383,8.299613313471594,9.311333215065815,10.64325337322514,10.487801053151461
1446,11.30773500353019,8.416142950000163,10.010095280407374,9.844301876581891,12.185404433495265,11.286301806071148,11.33205118957893,11.91287261308826,9.537663759504033,8.965742997972518,11.224489767427986,11.207521863436579
1447,12.323216196928751,10.516017206058283,11.56215683745552,10.53193327159478,12.647427107178782,12.688937388558493,11.971985727605452,12.947638735777932,11.081713616795227,9.538825126147293,13.3980816316646,12.370092386974157
1448,9.66873425287336,7.063786856455782,8.280436453195184,9.821638379373328,11.557881618519037,10.129540343712087,8.96066638179898,11.098684377865187,8.853362355547034,8.91123704483188,9.53664884874445,10.265395515532598
1449,11.436138139773554,9.841829150385545,10.703152516260221,10.916777810822909,12.662066773266007,12.860004029456682,12.619715285057858,12.555350476427535,10.050534018577096,9.695729101927403,11.666330155175345,11.527049249279639
1450,11.087119150916791,7.805516161760432,8.434462121543145,9.162397623980834,10.48761047800362,10.050353322851763,10.044715245195398,10.850888390374458,8.753998783942162,9.501228770801871,10.762665006761056,10.785261699723925
1451,11.412730817497867,8.506490891068065,8.47139155593329,8.948012616562817,10.765711320233198,10.282810377614362,10.907875748326113,10.992464690740922,9.457225291464582,8.527709886975,10.644907673925253,11.425464998587845
1452,11.526115665833952,8.40683868028388,8.40614959214558,9.130754743702388,10.458929259108022,10.024916034684047,9.855269695017494,10.611528741089183,8.635438240474869,9.240001962550163,10.700052933698254,10.718443180209237
1453,11.192612262229414,7.443212367814631,8.208909995649318,8.66981429515759,9.831316646241689,9.11810920697379,9.024698806602444,9.434960927673071,8.24169568635569,9.796605039441381,11.243158423040786,10.521475787926548
1454,13.28966410616539,9.78726998855738,8.845978640617796,7.624480330008246,10.690608046414745,10.754951344987406,13.654279647618605,13.416822381654365,10.359808273373883,8.153375861074123,10.210590738527141,14.055476081422386
1455,9.946695475843805,6.5483318031835935,8.240798930826784,8.593659240923298,10.90483211850869,9.598560555557151,9.099006270731698,9.553951562595751,8.42801104894345,8.648270030469542,10.229800018018407,9.564491766723453
1456,11.738291223817802,7.843347437790656,8.139604694027705,8.34610157071318,10.17599975606913,9.545215260679212,10.0698362719229,10.27959427808675,8.642567918280958,9.134334578773245,10.591480892426386,11.306321984833751
1457,12.456674836040897,9.354196561346008,8.367050280425865,8.007300768874309,10.801939745635913,10.607113004072136,12.345925779233308,12.276031930256774,10.225786795789077,8.403301404071348,10.232915571998053,12.866363467669348
1458,9.283482436962938,7.064458068478329,8.34452830923599,9.476980019427874,11.821136190226296,10.257493271752637,9.114257651249122,10.838366386306738,8.767197524386052,8.460607384917147,9.69650381001859,10.297581938362477
1459,9.055700496775561,6.838222137026783,8.619145895688812,9.921719634039768,12.862787983624207,10.867569237580481,9.363532988624478,12.020205322620521,8.823546328012428,9.102624328893182,9.88689410927115,10.158514857897742
1460,10.705472222402587,7.712390863943235,8.200613785667667,8.990641450271244,11.213698979586644,10.190399644369656,9.372823951113556,10.668581946790937,8.703585174711664,8.699400449779537,10.32562131564737,10.476308371774039
1461,8.495941619394218,6.195403777876951,7.804368178743582,9.310979642213205,12.097879323031862,10.164681288843123,8.845354146468784,10.619731821070143,8.445494173206315,8.512979160118311,9.447923580394892,9.616788297245611
1462,8.80052631468854,6.118635007587594,8.606323291784953,8.352280638884807,11.604615591318382,9.802791353974387,8.324623057514625,8.68672811629659,8.337239257631833,7.889763877719625,9.284910650778752,8.618964741659807
1463,9.537526846862544,7.4157946297220825,8.560049060716523,10.055479860807468,11.957228117453273,10.512428233706881,9.038203507531856,11.581049898607157,9.009557023173965,9.49326974122152,9.749285591680833,10.295148103170689
1464,10.39364124466855,7.642187255531198,9.792749202688409,9.848010648307348,12.321219091865599,11.474995872239502,11.278493818353908,12.088888415051972,9.703719494294326,8.68797351832918,10.74540015363031,10.897294492079352
1465,8.652157206730752,6.012491895295504,8.090188235326572,8.705585461893719,10.759156556330655,9.450217279323219,8.389045394569088,10.279805525383377,8.883199565717614,8.334173479016618,9.607476259471303,9.320021667039198
1466,9.611735081774524,7.0570083770237275,8.618115233224223,9.626427484313318,11.829589017578616,10.551677664420376,9.29459371400528,11.403559101392911,8.985682015470955,8.726446946089915,9.562589355385361,10.372900453831887
1467,11.448947408915807,9.116060210630536,9.175164009786112,9.21896477159626,12.955272830488013,11.74334331888473,12.642110064514576,13.400876503479848,9.928470437097033,8.94372628505051,10.249703548039426,12.81692991358093
1468,8.827164680208814,6.512097789579032,7.934099567329724,9.090383959148392,11.852786242161718,9.942866940843992,8.360905349777127,10.220338874489258,8.370370401935226,8.45603206148476,9.142480816186048,9.472431939992113
1469,10.898351984145116,7.607107706675016,7.823975945084981,7.4628985577309965,9.085311752449144,8.64821013804277,8.804096994563062,9.19357436272128,7.85458342892574,9.506416006609685,10.865622189717936,9.888238417908386
1470,11.716905732480761,9.090867829307058,8.590678182595562,9.023099461180808,10.671719716560741,11.30713565940953,11.381525601807287,12.528855323081784,9.592922278528182,8.970666737477552,10.494522336074885,11.86845383280508
1471,11.492912897709918,8.269406508552592,8.558266624831518,8.870003518666707,10.605981866714686,10.277987186686758,10.578936776072954,10.669582409424489,8.69034856883863,9.165477624879323,11.065369394521122,11.099300454648077
1472,12.274381332546763,11.250926133346699,12.886863888294538,11.263803129931468,13.44104597559254,14.011912740054605,14.539689493943328,14.873682934876099,10.950134948042557,10.698339992431777,12.635220964139709,13.682932817400463
1473,10.073256302043069,8.299774094494301,9.512559295779646,9.983588576569968,12.704108839587214,11.067214466519895,11.040732690386541,11.419160592042248,8.910991359073591,8.78299823881182,10.644347691981757,10.75968170946691
1474,10.807146644246819,7.99037974404099,8.928882543954431,9.79649840710511,11.837538591273766,11.233980791350042,10.828434893817754,11.845068968181387,9.526511840219786,8.880023662975297,10.309693792955649,11.18173323340489
1475,9.392845686778417,6.779575422978329,7.947188560092396,8.953934579760634,12.511492842849927,9.88213458555661,10.600947387773896,9.742648596316435,10.173382371497155,8.156906410091185,9.702509324765701,9.949375101124208
1476,8.921595351693599,6.461499462914187,7.772120714556868,9.316299927600697,11.452431736959607,10.223335106230007,8.596276518014012,10.793393789769237,8.606913530411319,8.845900345412671,9.176946813930574,9.927704678314264
1477,10.139647276109386,6.788152906151391,8.093155600411759,8.71470405670041,11.252886066352417,9.696722310646301,10.763758811058281,9.861120569945271,10.15716309018191,8.646790267156714,10.008877335821824,10.27309893911626
1478,12.844032387538725,9.609386284726714,8.549049337635537,8.205305891577721,10.48164432099544,10.307968305950887,12.099334140625771,12.090840958187814,9.77463424444879,8.966399685784733,10.826004820164481,12.893567836842294
1479,11.897848083974418,10.955781735787097,11.486760055964794,11.22478045470769,12.67889499257608,13.39164203976218,14.167268265529334,14.950710308710676,10.234291538905197,10.662555118747957,12.106643305485331,12.979453698973257
1480,12.242605143066445,9.297510191229895,9.703954719722088,9.389229680238557,11.356998711840319,11.497806593842336,12.311142824984248,13.052504650814507,10.31051726970172,8.936882929718234,10.842756907411264,12.989025706267197
1481,12.070144325222792,9.05789474137804,8.938935268933902,8.539803911777067,10.88426424760451,10.335500544408623,11.722705411402828,11.74104130766207,9.491497636625262,9.265479965462797,11.125319798014088,11.886419119176775
1482,12.733557103257736,9.569502071965886,8.764500628499063,8.277820715111828,10.695240647491048,10.861505398788967,13.043458067602646,12.648147670038188,10.147934181684374,8.57254147135195,10.391353297098664,12.874167008726594
1483,10.587241098675923,7.6297319028764345,8.144677045176238,9.228579134184889,11.61584368001229,10.116355962735415,9.483697996565986,10.781265135404063,9.082930530577997,8.83752809120055,10.022870769693132,10.424578562245205
1484,12.232812439880295,9.6376629970523,9.23466254153222,8.84305812826472,11.188794242614403,11.216814096067987,11.978290165075446,12.447133116790468,9.862373808815882,8.836893840562128,10.761463897048348,12.649832055506318
1485,13.782262497494457,10.14674922222753,8.765111725614819,7.440539312078004,10.650061778433669,10.516723918619231,13.456137018808391,12.878431157136253,10.14478085773784,8.394882662040901,10.422252187803533,14.553791443767041
1486,10.564573272042553,7.905702610970888,7.991587530535204,8.734140535741549,11.674668120074791,10.479761450032127,10.687685546757027,11.846754658149898,9.666901309817062,8.761827642319407,9.29411733494208,12.01339502411686
1487,12.643589227351132,9.539405391159589,9.599698752645416,9.408483424797616,11.023588670291062,11.058083472017664,12.05681200580836,13.182180567531965,9.766672229176134,9.99106117077664,11.445140025262333,12.217853096570465
1488,12.38886673542369,10.752066843685872,12.122047496155957,10.64156161833716,12.63085089082406,13.239433024100718,13.653060371887058,14.111840339407351,10.5981975027794,10.428715251442608,12.265614015799976,13.300842842762481
1489,11.22218468237253,8.152645583993518,8.082797465242313,9.145719465349302,10.420410445476204,9.656843011323325,9.36434264510834,10.330754610658314,8.400620019645448,9.356181443667067,10.587898969528108,10.659619049157257
1490,11.066013242713254,8.277816864156682,8.148220189732777,8.506254977897413,11.072308183557743,10.644548351782355,10.849279902458004,11.750965250813028,9.416835476574315,8.587632859034702,9.73901260455219,11.623659928734943
1491,11.095346887371885,8.39059797453901,8.41060192559058,9.266945520421274,11.146560959234698,10.373323456238253,10.471319897650043,11.583250520591616,9.222589521536069,9.144410994328469,10.665713442524236,11.267519937289723
1492,13.294211497621806,9.69314767916963,8.512536867045746,7.722671358208622,10.837356362770493,10.427194850926128,12.7572899548471,12.460156402085214,10.206617176377978,8.286582728963324,10.384361936259928,13.61391660190718
1493,9.260218003268468,6.8182628484470325,7.8546898665106495,9.351071292105729,11.833368823909705,10.195106227329141,8.208816573690283,10.590286482951313,8.700103745439211,9.20341427506551,9.912767390743042,9.868482179094167
1494,13.429366219178073,9.882352492078091,8.648949930520516,8.27081107238898,10.610907319296519,10.882800319119752,12.866309927487023,13.172531994611711,10.354184076199761,8.528479483461766,10.601760832356273,12.86587722755922
1495,12.740466006528752,9.700567706740081,9.06791521079153,9.117033706656686,11.002911954601856,11.177728423968375,12.229471038160298,13.284608222155672,9.85048279916561,9.270166969076971,11.247415043956224,12.712899883405559
1496,12.094401914189014,10.665555340951075,11.933440774231164,10.407581454396045,12.043350641785509,12.855295603793335,12.542120914642236,13.547181934640737,11.085589924922534,10.046460507339779,12.99471093081452,12.686254009411023
1497,8.299920626154325,6.360474472660989,7.672288092815723,9.383958673689225,12.939945661312823,10.060634560194417,8.034782065326322,11.030480274320055,8.435953433943393,8.903032591368374,9.014177631582974,10.082572166608562
1498,9.562628992422004,7.14743161248468,8.025987202888466,8.91965857623923,10.612539703481367,9.410003557381408,9.04486810633312,9.856547718998259,8.270227076524662,8.645517179928842,10.289777926501905,9.821666329631325
1499,9.615674115168371,6.9652038201792195,8.651128866951817,9.917937937464385,12.052992978868799,10.958088361813811,9.252936987002215,11.574498532386562,9.073117534464512,9.01139500601577,9.544995395426282,10.368204899457584
1500,9.820207662893392,7.672499089456352,7.847369580421578,8.936941519903444,11.66338904289567,10.488407792976258,9.865903938362614,12.032143348145464,9.223663233357785,8.968486914540449,9.204768152333724,11.662415473963932
1501,9.149057543876093,7.424983922906649,7.963116958055895,9.547466258362373,12.282379171849344,10.807545280317274,9.388784210056002,11.63112301185307,9.174299815957253,8.876855318676672,9.092818617764188,10.823596997364174
1502,10.200510294714611,7.70714113002019,8.06099986769931,8.82270697937949,11.704935823975447,10.586346388633075,9.898890536742787,11.649553779329956,9.408238791075854,8.691751642077485,9.251995514296906,11.41935336701977
1503,11.097076712435426,8.422051867034716,8.630094756608672,8.899725246878882,11.207366877616119,10.343654167586982,11.061450445058494,11.681825932634613,9.53567394081267,9.019763133319245,10.379452625244058,12.21441713193271
1504,9.857180760194375,7.619348573825933,8.567293945415443,9.403158870338412,11.345694205041326,10.32416674941884,10.149200909208556,11.56177819362231,9.19409536082989,8.745465363099626,9.495534638327452,10.914985426093871
1505,9.807119618257218,7.452916414010024,8.765157349122246,9.552858660606741,11.520126295805671,10.003660075026792,9.452773083222532,11.12676960731655,9.239047174020438,9.750264107625854,10.322121477635708,10.67655010816231
1506,10.0803681332571,7.468671337515563,9.00723052512209,9.736952941571285,11.761188338431758,10.53748598441441,9.805617659049737,11.585450640150118,9.496167535239334,9.843971845073686,10.45137218616896,10.911726225873425
1507,10.068963957535038,8.424572528454433,9.242270422155828,10.13296871234464,11.803704601911615,11.555569976307625,10.557912547965511,11.90151285740528,9.243928446032871,9.139068804243744,10.076908745011925,11.006641643326738
1508,8.940383099304217,7.031010657795909,7.857872468383901,9.7234047528375,13.05790217229023,10.371823670031281,8.298054296406445,12.062385316171277,8.655743820325888,9.284223034347045,9.143567471644925,10.7054384280056
1509,9.009983775865292,6.913162538186892,8.142304709425815,9.258236579880059,11.960451505164663,10.172239057977274,8.750567659345045,11.233592113466386,8.47915091331826,8.858144320368343,9.041426183835094,10.1158170192051
1510,8.40935876249752,6.632169462034689,7.5769225000121665,9.988370407801995,12.286232189980673,10.148781233359255,8.034503984105239,11.538313851331456,8.620845763368376,9.260415909192444,8.893303313703326,10.239271410946104
1511,8.449224023828517,6.517488869925916,7.68801473666667,9.920214445616,12.586195848210206,10.325168845728918,8.009615184218037,11.33030899260326,8.759672209903911,9.541168578994398,8.808393657267407,10.228766647987976
1512,8.573277145309834,6.459528146503123,7.794537110031657,9.700344094598739,12.387987521059923,10.503373208551023,8.43988683865252,11.01207479422758,8.839697385552936,8.970214956704972,8.997692323792858,10.154572506750501
1513,11.301970028124474,9.870362046972742,11.135119663908778,11.131866091915185,12.901726333004063,12.59624187900564,13.232650058866362,13.347200911297168,10.835167957463016,10.29925351575164,12.170036855628915,11.983169134739223
1514,12.237575922138575,9.639535478620234,11.177036159698062,9.867435791327214,12.337791890570394,11.831770212903034,13.033138340603895,13.514521447976108,10.287001682861586,10.013951979516552,11.70771383930206,12.7422663044546
1515,9.582373528004291,7.090015206022519,8.436371075514156,9.973918455343261,12.261933858647826,10.330606838308558,8.91740144047749,11.167923570609243,8.54523694679824,9.265170791501282,9.945453558441265,10.098676709909885
1516,11.606196913158156,8.8517470399155,8.9888991832323,9.54884043250983,11.122471106767154,10.759534554093062,10.856502071392484,11.546887115468067,9.534545905716422,9.657069229062776,11.166307129526146,11.737499463157462
1517,11.118496522899253,8.263508980863417,10.690505576519863,10.099014795384324,12.460545488235734,11.626690008695615,11.911878599565352,12.312626439813553,10.517152138114128,10.46223220617955,12.079357159550604,11.542494825852483
1518,10.30199338293492,7.86727946915078,8.458390173213585,9.791091302251381,11.219971693538241,10.205651206527076,9.78711707785251,10.821253799682246,8.943147944249414,9.497106364700235,10.581796804260977,10.7200937913751
1519,11.424179942268507,9.595879895750675,10.021082638725058,10.65186161103873,12.324305426357594,11.764420903635884,11.73581061965873,13.397129907386013,9.901348979189041,11.780450315803265,12.398439368035213,12.711416580630928
1520,9.092274106637934,6.766638648807006,8.18823795362998,9.809325834112109,11.32352538914473,9.863003248505382,8.57560523304512,10.81881531082547,8.762124942165812,9.38000476451652,9.402554686897954,9.464120050585032
1521,8.564529627828588,6.390343353679999,8.440430961933515,9.617379139902177,11.251835368153541,9.734265258887625,8.694434121279748,10.299015862235024,8.781330390087433,9.104446103001465,9.628001405644438,9.686771467054445
1522,8.81914658538847,6.2842001214852505,8.142777628158631,9.141678292313037,11.102427261743173,9.33500495765602,8.510293472398528,10.26425222706111,8.605482620301629,8.561129766913039,9.115842807231283,9.353476159393901
1523,10.347280859103183,8.22751364175899,8.898873999155951,9.390534827591651,11.869128031499425,10.717239452125842,9.935221765094866,11.545280748918742,9.127881756261687,8.996601326800851,10.384088759981775,10.365072964357669
1524,8.459492093072328,6.452978088972477,7.878822625133434,9.962336792850358,11.818404649766084,9.764869642807529,8.392433625604871,11.275388719966745,8.697626405580046,8.97254797982827,9.13497605482929,9.707335540675535
1525,8.952484593675143,7.257848588047299,8.39170035155402,9.264563618029309,11.394855990061465,9.743552836100116,8.705156103935533,9.97068819503758,8.760397049854603,8.465198056548804,9.428927599301655,9.399471950674037
1526,8.997869034210886,6.421955046137301,8.12275255067578,9.188327224746377,11.406919142420847,9.919523015002559,8.811205595616173,10.625234601406733,8.561386454546945,8.41696721369947,9.142042954258718,9.842767182325787
1527,9.322156879317943,6.681136372081534,9.096123853586082,8.772216718588007,10.626783835798223,9.43523597603918,8.66512110955791,9.950467639053056,8.545420807366604,8.687411450861575,9.469057184327358,9.915191294064549
1528,8.894669470157858,6.203600450590562,7.990509839686401,8.632929470167326,10.792776156747262,9.296855673839843,8.348827897041629,9.613841832291865,8.231654014040549,8.152457116258901,8.820717898153667,8.91203490236994
1529,8.372550617208674,6.3921784402197,8.113358726715747,9.467660889290663,11.91404095771638,9.676068291920128,7.906152212382733,10.713212457889842,8.683616174920646,9.07057105675337,8.77788069882202,9.907195565862073
1530,8.24302568031618,6.122388956605816,7.726099980381617,9.416779196813245,11.67239965657502,9.504458996755744,7.806654638129665,10.359230612055491,8.680353954074917,8.969155514808762,8.753643205829817,10.034390185329059
1531,8.331609898531703,6.3815102819507175,7.880351052684962,9.374205639485613,11.48324895150149,9.78202477155593,7.85418853442949,10.506281043402758,8.592715201998573,9.124191661810745,8.791926680778204,9.96420231300934
1532,10.218316855409945,7.414746595964585,7.952471210214096,8.638321672463501,10.9614413820147,9.592491627413324,8.59054552473349,10.687821851154307,8.758598269453316,9.542857575396498,10.518362708756836,10.049099276494761
1533,9.99813121928622,7.659068419841776,7.956048259416953,8.678592893497715,10.522014764657516,9.842313173063415,9.821362150938619,11.279377362260359,8.973728876033594,8.905604256713666,9.6371980080222,10.131851874413947
1534,10.50218961853242,6.439689123721166,9.249809037988541,8.397982033989223,9.885060648811328,9.381377836375062,9.810291721133297,9.932745550937014,8.697453878643595,8.370839024799741,10.163856153768762,9.134631190607214
1535,9.061693471508086,6.0993967976141885,8.367777825666778,8.245658023502973,10.532009964821256,9.017263561952422,8.947561414507396,8.486347339100401,8.192090152077382,7.396336484617182,9.377827875239914,8.59094050668937
1536,10.087102145004911,7.5240605514087395,8.12012203141774,8.377785915467257,11.724229077325678,9.704290637373772,9.019486129603028,10.295697127022974,8.686063944951194,8.694407332487366,9.79048568463967,10.150270885333166
1537,9.91704643963913,7.205052763041359,8.184846811660671,8.726880356993977,11.524897556783007,9.731135884048276,9.102379808252593,10.122735237383292,8.721616819602628,9.020323284583688,9.914352900236945,10.035786293276267
1538,9.746823299122386,6.778343860855921,8.077023051683597,8.718870900953325,10.399788604211544,9.004989886242019,9.318804101594576,9.705138221306145,8.169778167011316,9.31895963762502,10.867685390508406,9.727580827629975
1539,10.530080719159068,6.806650583186105,8.197275401378338,8.03218492938478,9.588585191801716,8.653137882836049,10.672580571501115,9.125212350084414,9.023878863712827,9.1611721153017,10.492435543332071,9.266494534423405
1540,9.230875055861034,6.266690112590792,8.01137499071222,8.268317048681926,9.944476419115023,9.37706513534943,8.811651946785343,9.295900953120025,8.741805899983579,8.199285442095816,9.438009276449662,8.953784973696886
1541,8.375605389874568,6.165363322321875,8.018109123244509,8.825986758281744,11.624155898431308,9.833292633178239,7.9258761299074525,9.94909104913756,8.794028051134227,9.015208073179354,8.63750806198152,9.555803526436527
1542,8.846193805781622,6.630245772270726,8.271349987196398,9.374063648003315,11.442491025973212,9.70266303318662,8.315210025547913,10.815314304232704,8.839802528494168,9.020022684914753,9.097130389391923,9.478776977065078
1543,8.613133751899536,6.350837857153152,8.53354315069956,8.870841653482866,11.466207960023759,9.61966994054055,8.855574664621328,10.08546940182951,8.637565631743922,8.598474366887398,9.308408758934632,9.478697872210153
1544,9.071486536010813,6.3234698098268405,10.24395390761352,8.88614811066948,11.452660953365356,9.581595283978707,9.830211513695083,8.122507343097919,9.050726213688678,7.789891405034272,10.859316769953258,9.225141133544314
1545,9.536255184690795,7.503036958372958,9.06523387849662,10.126395488809392,11.561158476217173,11.221256673100736,9.744422408307742,11.19918274540808,9.079463311243195,8.690644932088638,9.884271873833827,9.858124059857387
1546,9.969782889662376,6.395135248664429,9.0266149162066,8.35692227632097,10.817643777748987,9.465938027278998,9.335514493416786,8.485503868413474,8.323696354324046,7.018536929498339,10.163649019444435,8.379434353628053
1547,10.507812002571438,6.303090455784168,9.330538282147511,9.116744145953032,11.30711054558646,9.751934735685886,10.369722854746412,9.493219160985722,8.234264485395911,7.858477733737168,10.131182962151485,8.87777677863436
1548,10.088306099832835,6.700948280998995,8.229655999864885,8.109688057646709,9.683213438132682,8.741467059137378,9.035671725569454,8.974913683243365,8.115045664650632,8.970285781775328,10.296838175000051,9.339591201428194
1549,9.537969332391599,6.036889478504104,8.229761495227287,7.49189429315327,9.18606814019597,8.489827985053353,9.234056405345378,7.80743536132775,8.108236354665971,6.921088753536628,9.801788410969007,7.243348045329903
1550,9.027561802377166,6.020385486120331,8.11793059954326,8.51711406383616,10.505698840439141,8.853233669256031,8.806743154759468,9.19743371688623,8.118144972635033,7.750451108095123,9.16325180837554,8.574959893647739
1551,11.687025376562637,9.165800482735772,8.244801979922492,9.835449084886037,10.379915571259476,11.220476490968034,10.900167646713355,12.693200271841077,9.279595957555271,9.446665526058938,10.361330515362301,10.591749050274638
1552,11.826056836848405,9.092071350573235,8.287224823845717,9.1741837150017,10.489541166093638,11.093847243286998,10.681765106031559,12.551001971454406,8.89856683987059,9.205631184434438,10.584059749169938,10.951138137425215
1553,10.908730666497016,8.379272485382987,7.961739880181265,8.689577951994309,10.41813135190092,10.177755701104005,10.091605657269398,11.193345968237596,8.754938499480541,8.63545705137218,9.676705776445527,10.858867532031235
1554,10.913188767542081,8.345597298967723,8.698693170367227,9.414510442722829,11.530052608713092,10.768441525196161,11.051558650530426,12.131312975612822,9.054809341833426,8.745519980177225,10.39603414578982,10.996045765031822
1555,12.21526443571562,9.089992340352854,8.192411950612032,8.273761711895238,10.32223650268892,10.416128210356815,12.23965258880563,12.578747648691445,9.44876100095335,8.396314358359648,9.729152899169264,12.587709719141351
1556,10.790723794211184,7.916771630810189,8.004701043756528,8.217729274215252,11.21794189398731,9.49694351428479,10.09785609500651,10.027432766484552,8.553907716314542,9.587079309254705,10.47763431406089,10.950058323237378
1557,10.261419211983405,7.766961497225798,8.903893704381556,8.913969670724931,11.217285714931934,10.226439872942697,11.426720143231563,11.766658917310615,9.017426195279619,8.694941069803448,9.63988632289081,10.783380245256565
1558,10.629147283429988,7.925021666186195,7.938385390078318,8.38584744208856,12.265716303706268,9.939272197056022,10.56362052903144,11.333516563079275,10.21397296237926,8.730155924545752,9.433985573433377,11.712439953537011
1559,12.054387368079574,9.022684474330203,8.147752764250923,7.751143940519064,9.902620854223148,10.476870295052205,12.256681197709927,12.73654261995291,9.856129569233229,8.209630035296785,9.52620705092068,12.700497359961641
1560,9.639220766255937,6.868358283012611,8.1417587723625,8.623905487836847,10.469969806662558,9.381873699272495,9.497075488350792,9.805321066567625,8.33312430743613,8.514189259757096,10.280346677109915,9.593229476718781
1561,12.017618475853364,9.98747868307544,9.534525831839506,10.058390842763174,11.053285409414416,12.55013543962592,12.820888418749984,13.97688403389196,9.744030242076548,8.63753444966556,10.795576877729873,12.72938952855477
1562,9.059142583845423,7.4373299728909394,8.298707777768499,9.682710777650351,12.138127193116098,10.8082309555166,9.12218106163741,12.36812931730951,8.9586845657845,9.451805967405235,9.01664285880342,10.30908414638511
1563,11.724121306778958,8.504789100922743,8.167518100108845,8.026636416363138,10.111014417820742,9.90778170701448,11.21331432092201,11.90533526214691,9.454985309447437,8.411378256574263,10.042022889330486,11.893764012156833
1564,10.979543441030772,7.921432854035729,8.016838308281589,8.623165372161278,10.821640729518233,10.006295171425448,9.812659970026814,10.973098227346448,8.834840127516653,8.596733161392487,9.710260833993596,10.959237327774325
1565,11.916390645277339,8.57231435519305,7.851152435981949,8.864355983130896,9.418180800607217,11.101020127414612,11.933967767962812,13.959393119749539,9.34416091917074,8.300758128893865,9.184332460087754,11.256264053497809
1566,9.706453872480623,7.747048113713764,7.9472538240403425,8.728401718925303,12.564340537638905,10.070626366711611,10.076957309788025,11.015732164018498,8.54737164377396,8.438865774415536,9.402198130480148,11.323969537296145
1567,11.397719762448489,8.862001490882154,8.403654541978124,8.805492932933266,11.606851731809922,11.754832168790479,11.994004026213851,12.70991256235359,9.361614337320992,8.439376371502636,9.858268872573714,12.75655565833073
1568,11.127582175445301,8.153122745212723,8.564181427015964,8.684788817735516,11.088681195452322,10.647796772578694,11.4649355003416,11.900901188913702,9.846983964380414,8.623431393569845,10.286794150275934,11.897287828007691
1569,12.027668674391318,9.365625113965233,9.186772411971353,9.723772444358262,11.123998031324813,12.043479483814505,12.33210269072217,13.64180189600864,9.989899725940813,8.940680212021233,10.626555285711296,12.700544423762228
1570,12.12028932390804,10.233456747285334,10.459663680550054,11.33945520262148,13.323135822059287,13.296239855879055,12.487432325693977,12.722746261656244,9.868240114021065,8.524915463083737,11.137331673545972,11.909548246226533
1571,11.059105960796295,8.609044908160765,8.885887713699315,9.416258939541393,11.656182898644396,11.525829661277221,11.60685136669347,12.997030256428202,9.808962075973854,8.672814001589039,10.378753913307072,12.371748372766074
1572,11.107429231929366,8.182774335967682,8.114846752228827,8.785978972732755,10.926429240097194,10.557982447190403,10.340813511517478,11.567772818940327,9.040239869460859,8.514334706758195,9.689076051643811,11.418480562141756
1573,10.091742039565357,7.508276262715111,7.963410763700359,8.692291628209109,11.311273289541795,10.446172891824322,10.06922952477886,12.024544753369991,9.068374068754578,8.446744829175191,9.165593747894563,11.966526167893331
1574,10.94791373020723,8.080914363290278,8.024381155929134,8.435867818940952,11.06477852405818,10.260510299464501,10.589789312884067,11.48802966425085,9.105313413661662,8.347618189947633,9.637882846005223,11.5324644433178
1575,12.568671790173862,9.507837382572326,8.243179494623071,8.016903968031826,10.5592995420694,10.287773622638476,11.9293259621674,12.30590006736381,9.535439076274676,8.708971490264448,10.238325728296157,12.46314139012509
1576,11.491936543537877,8.718664887022179,8.051133997248282,9.03176026371289,10.249515030471496,10.195020556451983,10.414261491739946,11.030689476961797,8.80897982809871,9.090237309522253,10.271265828593943,10.860149410575549
1577,11.577981000638847,8.663690022755272,8.591335853478052,9.297437375932901,10.00132853614358,10.404859218507271,10.096806754892667,11.546502609517628,8.668291571469826,9.813779642765416,10.544035299265996,10.474422777946586
1578,9.963393067386649,6.988448006142788,8.412249431747059,8.437909600405689,10.898028101166169,9.785629445864672,9.338250500392778,9.868856743791998,8.510391929819706,8.59042115203267,9.967184287291118,9.95885761840004
1579,9.47169031853877,6.83850544412583,8.14811599166017,8.921102550579493,11.308035748197,9.959820782108913,8.860534826405598,10.088804526541583,8.304981182854698,8.513657155475128,9.819475319729229,9.773243316016833
1580,11.789165009948622,9.038455157524973,10.73361501923041,9.69438501159291,11.431115265867543,11.805129990600129,11.037582511578028,12.84476281522102,10.188515838329227,9.505184714178146,11.974924294837749,11.946545160212475
1581,9.638505205142947,7.424912002801192,7.9983375169789594,9.067530800300247,11.135658965034324,10.140359792459897,9.30348917491309,10.494575727325724,8.604292378688971,8.633091300911554,9.518767450719455,10.443508730840406
1582,11.778382209318487,8.785845816417043,8.436322890813786,8.55013990776295,10.512488681331517,10.794868847151893,11.102064539975327,12.392202952793008,9.48279249406309,8.568311240706704,9.852512778364034,11.881607066578361
1583,9.184710198944185,6.656425326938535,7.940409363725157,9.195170539825828,11.133576633618787,9.993223369029334,8.864981324883319,10.465555087740952,8.735471574487647,9.12206854749208,9.533080946641151,9.491352446987898
1584,12.017305570161955,9.367383709036508,9.939207455876275,9.759266991478171,11.18680265207627,11.786632638563237,11.073925856871384,13.446686973235693,10.098801800730728,9.269794454105648,10.892473981506726,11.870831010926537
1585,10.75335205742839,8.135453809369524,7.985216237921559,8.271133289163515,10.803895780094457,10.08253523160333,10.763370047660603,11.511689317150864,9.256729090448012,8.240719545402742,9.52347087740685,11.889019495641367
1586,12.202551479867813,9.040866879019124,7.976473852192208,8.090356266528104,10.32911938120742,10.278651399632729,11.50628894210206,11.947661518793657,9.379297295112693,8.506877250690444,9.812115032916417,12.16958340380371
1587,9.381100497093925,6.921582817960488,7.925041339032645,8.704187069022002,10.85046823560861,9.691634891480476,8.78924889741453,10.257153118760069,8.31225505219585,8.518462377432964,9.249895890085753,10.085605218327355
1588,11.77607458377306,8.692981917137574,8.10728226650685,8.090553069888008,10.252612996977232,9.811385665315035,11.989522842550034,11.641795221367481,10.008016400462104,8.591520322354366,10.203819055469195,11.931018919060724
1589,10.577955623185776,7.5904285425961096,8.034770740664808,8.3594328350041,9.857909529452254,9.258279393583734,9.051765777224436,9.655501203027924,8.18389655367126,9.040122030680726,10.073442233541087,10.001696525504357
1590,9.478797717323747,7.07315665442594,7.841735311576146,9.23559720495332,11.639398978471647,9.961124856395891,9.58511374570946,11.356672835764027,8.933615324681178,8.660533963009753,9.125399097159676,11.155493255368704
1591,10.173476770627506,7.374771798817905,8.207197522840618,7.900970540824356,9.84201238813561,8.96089878561245,10.045262753468188,9.421418608318303,8.338282355883196,8.437626427607826,10.118011656775295,10.040187662939402
1592,10.495205078681783,7.773239529490225,8.017718390186047,8.30507262019122,11.722134870950766,9.928730392608774,10.520115129663498,11.258472067510496,8.970213520538742,8.276551231827849,9.499596540283235,11.03536951860132
1593,10.807920369262835,8.533110521300841,7.973674857417848,8.822184316029269,11.03869691939331,10.764341066943736,10.746854004806794,12.475723891104922,9.208057320719108,8.50909932157341,9.398719168953065,11.836782006327898
1594,11.579071314745324,9.840720519576628,9.621758526738045,9.53537299871593,13.366836113722956,12.160942442118838,12.169285377672509,13.164798155836687,9.333068849629452,8.353953344949073,11.279731709172765,11.960641222225313
1595,11.540239191263279,8.973133718538712,8.442024043257074,8.969563434559678,11.143334457271832,11.09705971358736,11.245166775349823,12.922220721576851,9.166823479685112,8.670376746627966,9.889982917412908,11.599035683484367
1596,11.338677673419927,8.745095696641577,8.185036925183804,8.31609285263152,13.59876012899638,10.611352787747823,11.508810971507833,12.240156347118882,9.100974684735457,8.490535493805996,9.607386189242671,12.485623660618604
1597,11.28996017678141,8.56022812275038,8.623197017389677,9.411015093531063,10.491332003510706,11.241813444971772,10.70360622859707,12.079264392537128,8.57309979897466,9.327979418367917,10.532615006313936,11.236346872484834
1598,12.90032706697583,9.811471344857969,8.69026118333511,9.56056546690948,10.439726114540512,11.929554379147742,12.007987721223177,14.106395508768681,10.05822927811726,9.087437673235637,10.21077947671371,11.821783929410808
1599,12.192913206630138,10.401340157336655,10.09097532184645,9.704057121055106,12.335888371062941,12.60145961476917,13.494170180819687,14.084619884621448,9.850730212940752,9.18820409467348,11.191139790444733,13.170490159748375
1600,11.821061744088787,9.645088680342894,9.509555765693586,9.653640922659433,10.836789281835625,12.167141705150941,12.147576922416466,13.921792939085597,9.57674033297009,8.985210648947971,10.746703685647601,12.833945249235345
1601,12.384063421718299,8.969644196172435,8.088451147696574,7.687451208606966,9.593934978831713,10.243925248848313,11.25767296945396,12.754251205517846,9.04103924980855,8.402034545415882,9.457808074818866,12.488351446181522
1602,11.47824758827537,8.823045355633441,7.979635555743297,8.117252400499972,12.908458632024672,10.33194840831762,11.566920111422082,12.356170957199453,9.238124480784133,8.737564962976466,9.54385763927755,12.482534549938261
1603,11.628294934368032,8.71334690716408,8.085724454226948,7.785550143929347,11.397542218136287,10.588816265492273,11.932654392709793,12.47866428582125,9.453442088791519,8.517518460056774,9.34258447754339,12.368701494019533
1604,10.203083003754914,7.390994946703371,7.979023507100899,8.390819458142456,11.992189527172574,10.392403026004379,10.63154555339398,12.08126312021508,9.274241161372933,8.420054301098478,9.287297676193955,10.905460108015797
1605,11.418586758958403,8.663626507108276,7.696380585802628,8.37240840779969,9.530962020499752,9.30349937929051,9.789467967552534,10.451907351913082,8.545896500445306,10.083281605070036,11.062361485200812,10.333777797883206
1606,10.831562338606025,8.455250125006248,8.101140692716207,8.347409432686861,9.950219146037595,9.748498632879098,10.604972251888269,11.162281875824938,8.891220189913664,9.20455193766238,10.27209486916022,10.653882798398628
1607,8.558857364044886,6.790646383369137,8.062991345795954,9.59156146408149,12.191455342741953,10.545334117168494,8.800351907989997,12.123136648314452,8.822959428238184,9.054094483590443,8.789035243832986,10.679404800965493
1608,11.137182465983058,8.796421367167678,8.235506650570755,8.785317705255238,10.965652973961745,10.494519752355973,11.59261667631486,12.182402858295399,9.198291680534021,8.942596432633406,9.832094872282966,11.964960736691657
1609,10.50664939308082,7.539282358452567,7.914816078056156,8.780896248395745,10.614245057724197,9.469712246330278,9.62487185473608,9.744370299232717,8.27070706618311,8.701109727513684,10.025035857567671,10.821928833025563
1610,10.436745756437436,7.110739238285975,7.949832806068117,7.982135261466008,9.82071177908248,9.230210564471946,9.380489012279487,9.001665558719386,8.462648432476897,8.555277907512364,10.219954203127038,9.815066284883343
1611,9.894130238001221,7.013203779782315,9.1293884618456,9.583418458925575,11.749540176220734,10.590787577413842,9.764605340290961,10.709670056205411,8.533558335683102,8.27158062616681,10.481744721258892,10.046896631415894
1612,11.277763874114616,8.858025228258306,8.200828873227966,9.00167565856306,10.775167467669386,11.07421438739155,10.623333654827007,12.189541783484602,9.192244276790888,8.830016748545779,9.90994529252015,11.722273732822819
1613,13.082507948713477,9.560338826223719,8.564093135272058,8.65946159256911,10.986489127265418,11.854948566599166,12.407646754343489,13.407160394683043,10.137030393379206,8.289519639128143,9.903485007152952,13.24965703950485
1614,10.198574709385104,6.933428413948684,8.2041743219166,8.71576603452209,11.721818372225083,9.852161480222222,9.517546781289077,9.982270424366256,8.499750222478724,8.436853821893566,9.891582163238159,9.939525741621251
1615,12.001426034339847,9.263665042991201,8.404279606625291,8.417087581475517,10.826780865413438,10.936301681951292,12.363292936140812,12.61358079352788,9.617903187651798,8.687578723221108,10.143082424050533,12.518275459347304
1616,10.848520243682042,7.9285328566439315,7.855599915723895,8.651595567834036,9.816642641766913,9.31263419013715,8.89501984568426,10.01822694325736,8.189105868534842,10.100774760329392,10.582416916283996,10.313225222067366
1617,11.570256820458786,9.171840263332433,9.556079119207727,9.878374141883821,12.122445131534672,11.757637248722155,12.24755729517461,13.018505025931194,9.7307877651966,8.678345749575767,10.88601844756636,12.094203282761066
1618,11.602002298204544,9.193795135625107,8.456348964362782,9.446259162932265,10.950665541526021,11.991209521266072,11.090245559210537,12.8575815082905,9.704084310898345,8.96536166808766,10.101346639803907,11.802164324515054
1619,11.013484747894413,9.08535343975349,9.51316303663467,9.936173191861052,11.536374137768174,12.060445964918303,11.664632299250458,13.441017996374743,9.777616233577897,9.196649849792168,10.500956336477143,12.031597796384172
1620,8.864465120931326,6.28896310015571,7.826982006499757,9.18300432099306,11.657324713896084,9.851543246584011,8.545040555251935,10.310076882987628,8.30693125620407,8.451979579702144,9.180192835523904,9.655453579399978
1621,11.129921952242128,8.891422745651173,9.315793077966193,10.368661982885893,11.15937667824139,12.197479050089527,11.140246512487842,13.338114368569226,9.109021312308133,9.66043625032295,10.745695212759333,11.333415822137356
1622,11.329465326535665,8.543947358571337,7.933497961170271,8.674499703723718,9.730660397325572,9.818058343051687,10.106702298768337,10.911879550366319,8.718384309388423,9.303166505544464,10.394091455963872,10.630370565946624
1623,11.375898805194133,8.536685390423767,7.871178543808531,8.399106363608958,9.718112201921159,9.553114031111678,10.25764968755434,10.731814051530838,8.714531093747322,9.11389872959405,10.170052176396261,10.849779539276172
1624,9.942592256675097,7.32702614729352,7.994341397856386,8.686138473187933,10.909317382772084,9.77535885719342,9.307050177325092,10.1661579056615,8.83339537944661,8.78280346707686,9.754072025882843,10.17535139357571
1625,12.909100907381639,9.489191226087112,8.133264269222733,7.7233714779321225,10.470648637812712,10.745326396616827,12.052250645954299,13.167202226274721,9.309541939374352,8.297203199565407,9.556530689799951,13.700598558777607
1626,10.860562937719653,7.741798462737497,8.122680237496887,8.425850718413777,10.005044558051086,9.566680255769672,10.35488226116764,9.751548105912086,8.405614931468383,9.212915925984255,10.625241694643659,10.565257205418932
1627,10.4017830321729,8.185712993595235,8.150334106660488,8.621730839621069,10.960257956443229,10.349929813399687,10.185280537319816,11.55694989003057,9.223433518082139,8.535719419040829,9.573533939023644,11.759800772581183
1628,11.327700593499266,8.65948043850762,8.01034699318363,8.96800120742781,10.278171627187792,10.49555852171073,10.353516710435127,11.820952639050454,8.850948376738435,8.995672907392152,9.731118374677397,11.080483476084073
1629,11.156446869420622,8.36608980240753,8.313966803010064,9.058308595815781,10.443128827297958,10.691927614129082,9.985824900445895,11.320957226049304,8.689407739283567,8.916625188062651,9.937763721272841,10.624239098684757
1630,11.204199500365641,9.41735221590734,9.73883755307526,10.022097526797095,12.171612508047861,12.252766628462991,12.369778871792999,13.341055607075472,9.74769842301982,8.882567106054559,10.715976411784517,12.171608026269137
1631,12.299472431511617,9.360644404390897,8.183988912845663,9.70095741275383,10.158203675248114,11.7457993918195,11.379733414240576,13.876445056623657,9.557211793243251,9.038279349536818,10.042265353364098,11.261808380504222
1632,8.452461299518466,6.368110637063134,7.7619565837577,9.478756087534586,12.091029521421422,10.275046674106292,8.117761462573934,10.560737732365503,8.531330533996252,8.890004625271994,8.898310908375128,9.899033255904667
1633,8.778402600305446,6.543775659800833,7.623667812077572,9.38767218355352,11.640533880113638,10.181044490680243,8.707264118146618,10.897921385124803,8.39080579183394,8.767934543423088,9.048969603420355,10.159942233998022
1634,12.20925863987333,9.34540650558873,8.052142192655548,8.187423263747768,10.559894655926168,10.50373008153342,11.908768240567802,12.483855647366418,9.590799308911002,8.560595168057537,9.829716722379807,13.18278439362457
1635,10.101611751823533,6.8429537839041945,8.084454519981279,8.584656405295371,11.111264840101938,9.530122160529878,9.86231292199928,9.405678141461383,8.313482758314715,8.184568838673382,9.856449179501567,9.350163278665626
1636,10.830650837375435,8.482278997226777,7.997288061716133,9.289696805714376,11.887324758560887,10.537528811567483,10.539462090159168,12.288241142183793,8.997611331069344,9.121195720338164,9.609947462399838,11.137357109951814
1637,9.80720378764159,7.192882468152833,7.836644522542061,8.364653559076059,10.659178740956442,9.83021492884816,10.044264092495453,11.324738013733558,8.928106772652738,8.245980382666023,9.302430564496596,10.487767671615172
1638,8.943092868558855,6.676255267596115,7.930419981703214,9.006372728986321,11.944132483548753,9.436750348810774,8.474060041274848,10.306387549857778,8.32915970909648,8.41862226645985,9.005988905724319,9.770202285479659
1639,9.582148646432618,7.082707655174129,7.927228736768147,8.662783874930962,11.555976946842305,10.000579230972555,8.679252756118903,10.399713509432438,8.389531104851596,8.635628372373645,9.210341410865304,9.984664923826998
1640,10.880561633142142,7.800076664074419,8.351376033925458,7.7802010380495386,12.06084353580588,10.58659641825527,11.380601887777084,12.485764473591734,9.299257854330055,8.668919251482334,9.690869700221764,12.725058343835332
1641,11.296750944106577,8.02666727307739,7.838764180880995,8.45542851432947,10.795790731503516,9.968638251281892,9.76784009295093,10.820829773768281,8.846603712821159,8.69560488566141,9.744035917549956,11.138691516947631
1642,11.662940669700452,8.976678357407293,8.527486928978224,8.52496513528508,10.710238897735216,10.770364078431715,11.373024134533441,12.499790705837988,9.815918107681767,8.6300153034862,10.152081010772953,11.260023084729077
1643,11.791228869389412,8.817233805858134,8.276591498148258,8.108366402212123,10.938320644792466,10.834817556640013,11.590962821389558,12.232475146817482,9.595156149504225,8.78788557640018,10.154666759449498,12.37007618733374
1644,12.651613031347757,10.0926900513818,11.414646983363099,9.911927233353314,12.222647498242932,12.412245239140077,12.306866243618433,13.247393863238015,11.038026807003494,8.892873548006827,12.637280137788679,13.120420782779819
1645,11.71459069055281,8.94661337497779,9.23400385433726,9.867006993546838,11.45900639469225,11.287357967851495,11.98430030301996,12.21828404954828,9.483405626221648,8.70171309680965,10.649324628361803,11.319157764230528
1646,9.513938425986662,7.068618813497152,7.752614128690665,9.303026620733334,11.564762281864919,10.395425238475639,8.866238074194976,10.643601534462348,8.444588926080122,8.887701160929575,9.485518717779765,10.099019741451073
1647,9.604505948012514,7.050380951090824,7.947857552815734,9.215519602828932,11.300509299501769,10.25313269908002,8.83905515562309,10.87315789822861,8.638428072629793,8.750995354605916,9.751225563784239,10.027853544304284
1648,12.280627899640995,9.27560517025712,8.613165771084418,8.23168677426697,10.39282592160324,11.17908447136201,11.498991653933441,12.618097455557404,9.40456084830236,8.419794548571616,9.820426016184351,12.395482489574537
1649,10.507832276587614,7.909130158505864,8.582829497570543,9.287032804568288,11.529165507987457,10.64498889625064,10.34478496569422,11.500830561002466,10.459144459574665,8.754323904457074,9.983948246067573,10.698378774608532
1650,10.822808541598448,8.151818569388865,8.306062794287984,8.568542768853796,11.16849788223011,10.552352730205753,10.643473079456928,11.498869492973768,9.098265061499536,8.563926230078707,10.109430361887252,11.05645575584646
1651,11.844798251182162,9.565956496071237,10.17075144808878,10.917843208425914,11.448698809270208,12.531159018765884,12.078999740106665,13.180631377216839,9.597009735261075,8.663306767343633,10.949035129009289,11.13077985649251
1652,12.007783428681336,9.469604679267905,9.4672827650088,10.098065076233656,11.282149144229482,12.427701434744996,12.210479730251993,13.184751401940341,10.0862382814571,8.640037728592018,10.665165286334435,11.716595690790104
1653,11.35393537429531,8.566143711688513,8.726601689729868,9.133687731433241,11.251248392259733,10.879251716552762,11.373067673202694,12.177462775373318,9.382065138074273,8.5352395696854,10.31491609747257,11.509609921906545
1654,12.098191146711121,9.464486234271682,8.850234904462145,8.889506487246846,10.758411298217991,11.81637881389707,12.308648098682982,12.886554571354889,9.794903799123148,8.649893875911467,10.572544234846351,12.229305273761502
1655,10.117983421874321,7.264113062510985,8.319787422779196,9.751393026454693,11.986518175854403,10.422087961983832,9.589641812820684,11.21022245980941,8.884395053088369,8.656211155406874,9.767590444456822,10.375273012721994
1656,12.55056008827122,9.273372144099799,8.40963283129101,8.474754653187748,10.314190937053993,11.38858312955103,11.936655602823379,13.200033074428806,9.858537675920811,8.715131418404663,9.827868238121031,12.217774852139385
1657,11.44671457617962,8.061978864483148,9.318563647627911,9.802516672062474,11.742777599908383,10.507209195658849,10.731014488349285,11.867049277719518,9.04599032578654,8.542917756287489,10.698661726161244,10.925231940025537
1658,10.389661965752563,7.42183257223537,7.964690162544391,8.395093043514407,10.671772339399144,9.762803735613055,9.28188987070493,10.406176024074181,8.606998558887845,8.588672245866235,9.87724392780369,10.367630053568284
1659,9.87942368440876,7.320941135032429,7.880039857682191,8.675141856503465,10.79059360248309,9.856685225777495,9.101601847672619,10.350269766712563,8.705112042070212,8.687629981427143,9.651442323986966,10.277763844362568
1660,10.967478515276088,8.431317146472958,9.565144704902115,10.068376997770734,11.604476764290919,11.784919362935078,10.972975987449868,12.613047847096706,9.26566208184419,8.764087780424951,10.648473141043597,11.177627658944782
1661,8.881507250984816,6.774949061200335,7.652961245651996,9.687269610135587,11.96095032819267,10.41693649332494,8.312480502786762,11.130452486853308,8.459335707287556,8.982791747734924,9.162004961902024,10.098318685858683
1662,9.999665636339026,7.218534221765546,8.435859693329885,9.15349132861504,11.654322939261336,10.466649176038988,10.02287335803321,11.594671351060828,9.112128569508336,8.649560573415739,9.703560245436835,10.86790001412665
1663,9.348542827671299,7.089408228072092,7.9720024436357075,9.054304815110259,11.280978774330451,10.122924385631453,9.169229062782478,10.294703152481318,8.693147113420027,8.507098961408389,9.572286569753459,10.361446763056641
1664,11.400994635258275,8.306419381057031,12.770589093368482,9.777434260004956,10.987107400877072,11.589052565755663,10.17799176142782,11.806616259713481,9.23255741614128,9.69583926760571,11.161015887497282,10.70982756158101
1665,10.920947469481082,8.26887616561608,8.094122777643708,8.07547663280975,10.836627678169556,10.245131457326007,11.311707954492679,11.837299016410764,9.606368699019448,8.226657025107384,9.346693253025537,12.96170631463408
1666,9.250498106624,6.451544233414857,7.83125845830594,9.105930328241705,11.261779682920402,9.709370411806443,8.43467946263969,10.58382037667715,8.433505281208916,8.470284436338275,8.99448245786262,10.14892958124099
1667,11.217480958560081,8.87727583172596,8.69937705542666,9.582374348896977,10.066824614718762,11.585550158323532,10.574273192009152,12.89784410657633,8.955188834387014,9.012796010916222,10.360961823220224,11.153851657375261
1668,11.52144044257235,8.597560972726678,8.157905477651354,8.42231822701319,10.042037225380035,9.97670449853701,12.448590809752911,11.698485065987983,10.097772049499882,8.530213391296336,9.670277817068975,11.047911007894815
1669,11.838135389916681,10.008976977532727,9.389971894158428,9.849546298710694,11.389109890450186,11.72597838528435,12.474017300136229,13.065687289650246,9.773324019560613,8.533079495357754,10.64033006276292,11.943227243719335
1670,11.338557123304447,8.863720046735594,8.992083075475666,9.528569565174562,13.01380421772828,11.040071841326908,11.014719147789496,11.835985226501633,9.689265534954494,8.868287576547422,9.996113498850175,11.095035735715975
1671,8.633672364137984,6.741663668169253,7.8387165791291835,9.313676627382197,12.759361211507613,10.303947454930297,8.116647313384885,11.337503112750651,8.45742836755092,9.022931402134503,8.802027885913656,10.486548257416672
1672,9.536951283633917,7.584125493425151,7.84299747611333,8.84476461510862,11.780536440861248,10.108780931560368,9.337195084417472,11.235545943702444,8.531747385042376,8.842649711074364,9.34694113443393,10.5302593347991
1673,9.150266685890772,6.762292633626643,7.744390678269381,8.946928354950568,11.571501907204222,9.740872101917295,8.554799134549718,9.942438153113542,8.25715946520474,8.442613544488111,9.119371788609591,9.362273924782762
1674,10.306546555001445,7.875151504909512,7.816914570386657,8.547674500585853,11.691272208505236,10.25853218117699,10.174926032773957,12.00239116586857,9.096272032700915,8.510105451306966,9.3241123844142,10.83694061721928
1675,10.518840279464492,8.012677194286338,7.9915193402545075,8.413462747414192,10.69686800436795,10.174186214735506,10.842490145406714,11.857015409343227,9.132992583964601,8.757688568671345,9.696203480432066,11.300032227971784
1676,10.678880706414617,8.292369023703653,8.650069528011286,9.338699192229061,11.718449265272273,10.85295395222083,10.076408075384649,12.452717322940416,9.228809241620855,9.153878369394103,9.67935834325129,10.444175765367788
1677,10.218658072293692,7.850951281513735,8.294402300327047,9.06043476720664,11.571053015595327,10.222543442972057,9.668408403511656,11.965757494399137,8.98081273566453,8.820665437891803,9.436060834811041,10.502324219755852
1678,8.799890212977544,7.397515680564159,8.021070571639415,9.359807942817914,11.840788102869105,10.006822208892041,8.415285040763758,11.511179949291394,8.779229324758013,9.04774464057714,8.852060884723869,10.049675351635324
1679,9.475713556887392,7.5042903902333915,8.152613442989196,8.750167543107953,11.4264337206521,10.384255581287661,9.55004628051906,11.994412483650024,8.798105082492736,8.75457290657166,9.104928220550944,10.891822290228454
1680,10.222477488704502,7.8912091215204425,8.115688988850469,9.134018727701793,11.045290909980082,10.711751847880098,9.959971818261074,11.955087767646774,9.043250628564525,8.690186207503045,9.251731842065354,11.48226115573003
1681,11.554256528102592,9.335901335750897,10.034015144823407,10.53454653312647,12.531024849674678,12.01867084060925,11.488292342381975,12.603103621873327,9.589888959903721,8.484229171700118,11.21390190029032,11.893838447938442
1682,11.715405722852454,9.473270859725861,10.282169709576085,10.14467351116555,12.35296277001246,12.392024096285896,12.024598088462723,13.141743414703253,9.852886214139625,8.716212256193904,11.516724451235572,11.729327611082246
1683,11.870597792106523,8.877011885955383,8.06417765319493,8.268227790555795,10.140257896630485,10.172279923453047,10.942132073898108,11.355353750463141,8.96398443143734,8.998712081639626,10.289758197809281,11.684425840899436
1684,8.69480870119571,6.288292582638078,7.840105307100501,8.56683799471891,11.14125474272991,9.732274975357695,8.5630121963205,9.994967906885577,8.307131143870446,8.171879758395155,8.986915386177182,9.683162256913363
1685,8.491375480564624,6.437929407361102,8.192691006493014,9.336305455668366,11.699282035152951,10.063029756834187,8.76491906984467,10.761587218537617,8.755220677644136,8.731476120110461,9.043800448888337,9.988287876840047
1686,12.175726821177095,9.184234789566796,8.30043752189793,8.075940957984278,10.960755453227463,10.9982536499774,11.819074265563797,12.40716909956122,9.67346899922573,8.479590472018344,9.851154367291635,12.58278140631954
1687,10.735158004875878,7.864818453950395,8.208145048742596,8.670393503129194,11.16294264275703,10.270121578396846,10.035953264727707,11.157751085216322,8.881690516047406,8.540897226894062,9.987568660452784,10.81758947394782
1688,11.410003738344901,8.662918131169938,8.004690528335141,8.410278850441099,10.318774860153672,10.196722819112734,11.125023161510171,11.706294983151496,9.09818345405148,8.514669649970083,9.773181390919925,11.638226632033952
1689,12.329559857197967,9.704075359906676,9.31180839722644,9.780371081825239,10.942281404615256,12.182307120652858,11.735946961247269,13.50637229591614,9.872440364524152,8.899518153862642,10.491058970007877,12.275317844922693
1690,9.266199625942255,6.748423058607371,8.046700050549976,9.321853480020964,11.846150012711288,10.419497429811708,8.970181698811512,11.188004409157983,8.668033721764155,8.434402748548798,9.539971239925178,10.044452262084977
1691,12.109392923704629,8.880313930501984,8.158500341924766,8.38907310392329,10.49263624634352,10.433776918782176,10.659299705068602,11.96442430270098,9.16289692487062,8.719329419389254,9.860875150969877,11.69089540016375
1692,9.713819308733138,6.999286668911981,7.971807316909713,8.94725352526919,11.157614626128515,9.892541517427276,8.699438963795012,9.738183806698993,8.483338295537445,8.765436845604142,9.855542877433127,9.577054805617564
1693,11.088023852766256,9.11436895143647,9.610198450064033,10.068695140152805,11.664952101145566,11.904893378238716,11.080819310888824,12.643084493724531,9.297673661094631,8.763212981034224,10.594656187027944,11.510752892186295
1694,9.496037699394158,7.2547075978896345,7.885956377930036,9.074807658595338,11.150991847388228,10.045362541615422,9.2721252631657,10.562655502734422,8.829046820059752,9.201874024276737,9.502794233968219,10.150612058105825
1695,10.938907764825725,8.293709793986427,8.286121795920783,8.54724528431096,10.638167968547956,9.946655330561708,9.647008453163076,10.852925475227213,8.787740815398232,8.840560631058558,9.893677224458052,11.001602834676468
1696,11.2464002324879,8.333670785854661,9.59785235955568,9.623111485687744,12.184107026701145,10.961984385745097,11.481221311692142,12.195175447460073,9.093237008047538,8.653627692525639,10.386690777279318,11.347047654210078
1697,11.548339234306326,9.958672249265739,10.563066744497839,10.657553851688817,11.570935950074201,12.330012209166004,12.134731881722495,13.052662872579674,9.322382506450783,9.133168913964235,11.048829704854956,11.282225066347564
1698,10.619843161952572,8.351571799512428,8.177748274323925,8.473908987437916,14.236510536233938,10.597923177346551,11.518231715036896,12.55986744796106,9.282106473097127,8.808342652868461,9.593835298826486,12.473018970051054
1699,11.321490295407699,8.237782905398998,8.940999890656467,9.142817067177658,11.395835244017261,10.752802586942675,10.90690945694502,11.708487827004525,9.432501518233323,8.754742110968749,9.901659717044062,11.40046576138344
1700,12.099985333352848,9.056511596844572,8.31883155398525,8.47689635710056,10.692940304697707,10.275620736598793,10.936016820190396,11.752596434023246,9.232993942055082,9.184447952543163,10.255176353611432,11.767090785638498
1701,9.927568818336123,7.731501183129968,8.254095974968456,8.967618814847,11.21025235996485,10.673503269250807,10.47536139246536,11.738022629607766,8.852682837302208,8.559785793791438,9.825152417487718,10.99663721217537
1702,11.299522540562858,8.881157575923154,8.491970564958173,8.213283249363911,14.053840215023481,11.006111991518425,12.469761709770859,12.740299022649664,9.697737313572993,8.764789320630584,9.752943666847376,13.111761090442366
1703,10.972770370537042,7.810940331104714,8.147764895364833,8.141035016251095,10.78456276786634,10.104081987572062,11.501949037437576,12.111248842912541,9.791041591448966,8.37470374731924,9.196993796370887,12.612508456122924
1704,11.963925688385412,8.916759310490363,8.01810563441828,8.812421167976627,10.292279802920948,10.821071958357676,11.275981226484499,12.389487799382103,9.34568736086332,8.729853615531269,9.721907499141576,11.528598993148456
1705,13.655142359815152,10.12159254168142,8.461306657268771,7.366645535854428,10.573187680996742,10.71679269760417,13.965886194017273,13.513278977098754,10.438601112827673,8.174243491255138,10.009988485256336,14.689241800489722
1706,10.995278704963487,7.959352451537722,9.19749465521954,9.815962890748176,12.074449057472247,10.852417169435146,10.97076248270172,11.741401473903448,9.210640796182009,8.69218029463559,10.528918815953265,10.672426505751698
1707,12.132768411897008,9.184086270154907,8.333554855135475,9.670120778056695,10.248009393858275,11.176340123567226,10.828395210227136,12.731004460182067,9.270236795367177,9.337504936101954,10.271969210868996,11.096892779482593
1708,10.287597103281406,7.581357943242731,8.365151768646008,9.615748513273202,11.454970755909944,10.807382604311847,10.445292778940729,11.68964520537778,10.127327266939655,9.09956812168977,10.069642172630367,10.665286913111135
1709,11.308456544063919,9.387716626175774,10.381031008691131,10.783167010902112,12.057398867397989,12.797922657996672,11.603594753730427,14.109995146304257,9.392079521158294,10.28958329730447,11.035442213612663,11.356845292126678
1710,9.224449490661339,6.4882279691366085,7.955923852739334,8.79841335199038,11.3531735406628,9.80006602824714,9.15125501696339,10.243603156318732,8.454698894663922,8.448215365989448,9.332310293561559,9.971011327704057
1711,9.858825824595886,7.0667134791600645,8.230930849680101,8.563874744968047,12.0588361425822,9.726259208108246,10.650641384645674,9.545985698900022,10.270598980960862,8.782795071896487,10.428650257158544,10.165473097048395
1712,11.752062934908237,8.615478021071658,8.01983482111561,8.38102808901178,10.058283260070503,10.269781680125408,10.757994530174617,11.637786650066138,9.114305927729108,8.591057697749696,9.73352443863158,11.576373772149513
1713,10.73937044469124,8.190625452002264,7.914361760687406,8.968222767796165,10.838898049320061,10.519923938465698,9.817497645366956,11.369294721722415,8.806533597796706,8.619765905535184,9.639278639403539,10.98756508078359
1714,11.609021745078305,8.776007654989238,7.821347957656524,8.630136294762229,10.153206353262503,9.859752171540858,10.768554698362474,11.41630936064579,8.833586260009774,8.758639898357192,10.060564877743733,10.786362931345899
1715,9.179202436602967,6.22016532673839,8.248115113031185,8.946604140691628,11.400528591767854,9.817461504059944,8.783377002090962,9.782606249427987,8.278259501843666,8.087085290093437,9.428673754976392,9.323159135729243
1716,11.605337062566104,8.747803536572905,8.110472991247033,8.463443075583903,10.728466380465242,10.242190130056121,10.769532620065583,11.873288355546505,9.216123662239472,8.685451113853047,9.849827875198029,11.813203300062385
1717,10.754279351896912,8.05277945736344,8.015374721221816,8.534343935898633,10.587968435199652,9.914770860914167,10.09895858805046,10.667909275084115,8.914783011360168,8.749432514116114,9.959204240094685,10.683695890393764
1718,9.285515447212994,6.785941887340561,7.827384839165234,8.988978727125486,11.250083166192399,10.19057043368488,8.643522323985351,10.658859755526308,8.557627636788546,8.668970041734166,9.237388536183868,10.297025961801168
1719,9.63553461315798,7.151089241025205,7.815683838555932,9.075666762822234,10.902596327257214,9.937371049555324,9.06766259943278,10.662922076366618,8.64539989631144,8.666301617992076,9.218565089367194,10.331350855798727
1720,10.456817944231705,8.150013106504536,8.279608331988808,8.790626329232385,11.562818889725342,9.961122434551825,9.903357652768086,10.90317612686614,8.838689140283446,9.080879665766643,10.100148773817939,10.56273511287197
1721,9.469369723911072,6.406417679466699,8.042307460375827,8.048286563242627,10.320688325161175,9.436735646187568,8.950293130402226,8.760353554487933,8.413339096205487,8.131319288033161,9.787200568474164,9.412769428119883
1722,9.102281715930658,6.57069047716827,8.062820423753463,8.610752629961752,12.732036146505859,9.638877021108689,9.48527082928156,10.099500126085179,8.649816747992194,8.434382945146565,9.37440395166599,10.059960544295922
1723,11.508758938754838,9.212662830708766,8.769117693761096,9.079209120165785,11.015460613318258,11.487331338139555,11.990228914240792,12.98934616934155,9.69512137185762,8.255310085169608,10.358426918850423,12.155688324225846
1724,11.59417095119757,9.882759882826942,10.152042320204718,10.516971151215614,11.641734510830164,12.636149359867519,12.544841316047055,13.861476879958104,9.793287265024254,9.140488754573859,11.252999431132972,12.23435888240792
1725,11.81043098434661,8.997850629349344,8.258730771904421,9.081245677054563,10.61019079791253,10.869703565795486,10.443907487487023,11.971639656242019,9.151403308855034,9.093293790772906,10.176521296713998,11.077331018491247
1726,9.278036813630075,7.570201839473042,8.177751914488717,8.937781675498396,11.934012766896696,10.60457530548142,9.700772018048701,12.152683900161005,9.149608436084804,8.945537826900523,8.995646423996797,11.913464756375756
1727,10.005749495951669,7.830438166801317,7.995763765863376,8.726154396424803,12.22503449136622,10.224978964197616,10.322237593896016,11.951777058390519,9.108005671209353,8.742166025354946,9.373340098156401,11.862113109489865
1728,9.865431787591941,7.403928792221418,7.829891184852913,9.363213240696979,11.432952709826921,10.650406207887343,8.916081400254551,11.117371796039567,9.030999951630777,8.919262632333655,9.299922489878043,10.266975426175565
1729,10.415906604975813,8.130437996808755,8.163830269332351,9.54210278677886,11.025688914177998,10.680766997180587,9.47839180289683,11.209298895980204,8.634573495813445,9.125956604053789,10.07684150298365,10.674862521858243
1730,10.572309685341562,7.741809239726266,8.210536357663596,8.984592156585798,11.095475856101348,10.363084505565197,10.230802381106272,11.586734769370377,9.329221098180096,8.881217288214215,9.631405700759174,11.14810216727684
1731,11.195056349875713,7.958733790172024,9.325962942267328,9.262553180955265,11.929090794823924,10.98083708471139,11.896427724290728,12.2037008883403,9.512544605112033,8.659750905646938,10.730190636653717,11.365993647387622
1732,11.328132280152644,8.659197214254984,9.422578007560272,10.045205162852941,12.136229766694232,11.168514470544277,10.82409080675704,11.818467784410815,9.492431760576357,8.75569792499394,11.087607904768472,11.005136514964736
1733,11.451898789663437,8.733542976142267,8.146168454893704,8.44924164181571,10.701223748466163,10.424546107653502,11.143884925159998,11.63365600353923,9.427918499531938,8.798080283040015,9.828341258721865,11.819486462711222
1734,11.081684382441402,8.21539585050223,8.007726184777791,8.793669688067395,10.400790197215592,9.980517075234397,9.896929331164039,10.578834605617722,8.578635720599468,9.211729811777559,10.110512323991195,10.63789390349189
1735,10.72421879096732,7.875123938485052,8.002372521009939,8.837112136438794,10.876263745666588,10.410067932002491,9.8134998703897,11.241308399947119,8.704321861392732,8.94672201011337,9.665374629585177,10.87158582661153
1736,11.297393214580577,9.627748808316687,9.976032615577033,10.644497874800123,12.490388588640045,12.184475197748743,11.691929668153264,12.276083349273055,9.466156560791484,8.588905977696013,10.916646278535815,11.387769952576708
1737,12.10371411333525,9.699367099312893,11.08418161180166,10.33624653010428,12.339553734292089,12.503991828255481,12.188318544378994,13.858520523832485,10.135813094455205,9.111305262787052,11.7114529052947,12.430389398315445
1738,12.280955854096106,9.68926064292862,11.41374393604331,10.508020404937897,13.331691764723478,12.899536935565493,16.958685095718554,13.713301615428275,14.954289600199042,9.21300097523284,11.422708451261336,11.84941302591724
1739,11.968893468074324,9.061594010438315,8.131813619015443,8.456248073560804,10.70917188185733,10.55890030118227,11.455043294131077,12.281229895751327,9.413092986611273,8.525354147950772,9.888306816149516,11.999440600581911
1740,11.588024843425586,9.25563846005718,9.610584673570584,10.007858184391644,12.066376858860288,11.990639751907267,12.002144154853005,12.435172308728358,9.697801242012023,8.965198448748781,10.528928980557279,11.984854869528185
1741,8.895250396905316,5.872782939726856,8.109221048095417,7.807299054163408,9.236495888589499,8.788924658931474,8.864656179089508,8.436803063224323,8.08959909931603,8.083026319614731,10.133895726904775,8.684835289864434
1742,11.69128853555556,8.915953317982956,8.074238700950117,8.383741635750946,10.302877038915113,10.382059117827335,11.282227682532053,12.19937037598979,9.354009070483785,8.692176106637252,9.886966977636915,12.304187335223475
1743,11.783576393929177,9.299991412815507,8.441951840120723,8.574839594344258,10.961093751340753,11.060663765149979,12.044167024454133,12.988691137907695,9.454687771468008,8.590056210509529,9.85347608169564,12.38413201220656
1744,12.043895401767731,9.524469333708563,10.200223538024428,9.565480603716843,11.108475134131986,12.248461722903787,12.349192848331523,13.024521367006564,10.058639638670329,8.537146983988467,11.618743716251526,12.570947436131906
1745,10.317370293294285,7.3817882863980575,8.849157617942947,8.65742658412546,10.581023511235328,10.55400209669198,9.348754613839745,9.529738183458953,8.705570343154303,8.368090617795497,10.136478087330023,9.335862585962758
1746,11.13822714406389,8.868990769872923,8.223964563488778,9.791132672409182,10.668426794991223,11.543677075582535,10.46400566870269,12.510917028873203,9.237092066770504,8.873773053199372,10.063775293141546,10.657690393455912
1747,9.279610440862083,6.860944730740251,8.113528075811175,9.196508311522722,11.388506653979153,10.422367921618003,8.536107969711558,10.429262575711022,8.480469653331989,8.724041958955823,9.429864778029032,9.794768724640825
1748,11.421579397129488,8.697692522839745,8.116047586172524,8.57086810454537,10.518312442740786,10.64490236488395,10.772589456096565,12.173188115339723,9.299262759187803,8.52575539108597,9.723031675569588,11.454967038998088
1749,12.04665362880774,10.257099337223227,10.598643175536878,10.693735658997804,12.814127741322741,13.024890697363094,13.051070813524118,14.10462957239441,9.909121780851141,9.47088508329347,11.427687196356832,12.303955523923126
1750,9.375195111949925,6.869277813840531,7.827830790602624,9.301594646871543,11.807959366285914,10.48765522158515,8.76940931834562,10.68020915814072,8.485499896733744,8.76601030833768,9.366878051789062,10.087023445493859
1751,12.028007544352919,9.334672015142242,9.500613294988138,10.270117171183871,10.6614902223908,12.245477774472214,11.228192493780034,13.990946512378976,9.7592536292416,9.044870352182325,10.345090671100376,10.763039226977902
1752,11.415213786767534,8.601171631500858,7.927264334393465,8.390834078358955,11.190660090055383,10.26035934247152,10.650300792745997,11.801387771967473,9.360891313189644,8.611576708153576,9.516643615138136,11.344944410274628
1753,9.197624965978639,6.393632534674422,8.276996796975371,8.441423144618486,11.69710266776701,9.58575923487689,9.279917486846294,10.839562299674776,9.057880327298033,8.122190855652843,9.699505618858261,10.335920567877888
1754,9.433529513093575,7.3763265725353016,7.900123884542735,8.874794404064723,11.002454918628239,10.254913885425204,9.125505972114516,11.118007657951466,8.637698894979334,8.436571776802055,9.232325961043758,10.713409681579243
1755,10.024786039382146,7.111207765726857,8.016488609552107,8.836450236791974,11.10792545881331,9.79829643999064,9.10964815212472,10.035420592112896,8.458043112271039,8.504716685348908,9.708745439308071,9.904112067420261
1756,9.35763337426808,7.155525245713294,7.9954959099103595,8.960024175391924,11.591981337101338,10.06968855618334,9.213853262770796,10.757941210541862,8.76929283432826,8.400834479304814,9.285060258073653,10.486205814724283
1757,11.666002333117468,8.986243951531065,8.925584690521713,8.80008241073513,10.884785308894866,11.105847426471193,12.143727735273885,12.836805209488611,10.43440123866987,8.296414468532724,9.972054554255909,12.460213786447596
1758,11.516035697829713,9.134866697477296,8.821663061742083,9.287757210500773,10.70722656060888,12.188604551114802,11.983367297844953,13.799738525421258,9.359934547677184,8.821908054953465,9.92095506156102,12.540053280458874
1759,11.880317416188433,9.712841952717405,10.59992872668523,9.639658402703665,11.930551539108901,12.533196336566544,12.63918709020085,14.352969344410372,9.59671339574065,9.572637986535954,10.94316820258003,12.961925743241872
1760,11.30520493473012,8.741624421857406,8.529850352511797,8.472794290029006,11.712014046810035,11.020672673181402,11.791692168930698,12.863231067087657,9.443781328898933,8.672449853836113,9.543497986933122,12.450709756855307
1761,10.096417484154443,8.070798117405666,8.740131283086413,9.295782526511507,12.684536282958168,10.445238302242096,10.65215707381218,10.662382709194903,9.274483085575387,9.30740642313182,10.318131452419152,10.659639612860552
1762,10.950906532501529,8.84692803037433,8.455692986242406,9.10788928883721,13.374422539314864,10.97728714070719,11.609798123637868,12.714148953106378,9.354839975417093,9.290205591287123,9.935503855031632,11.248561308507089
1763,11.030168072813836,7.83849855123398,8.077050511758507,8.707731609855623,11.037525286760253,10.1545434232386,10.068832782928538,10.926087990887032,9.161336513406308,8.523202053410799,10.08840897347231,11.099139661537047
1764,10.493474931614236,7.877294572534838,8.62999961997329,9.774371111638732,10.834765188663567,10.718163540977354,9.865400208566204,11.869172547794271,9.16706456266122,9.184396759654888,9.601768407904018,10.729556162788066
1765,12.76011191246473,9.851586988945208,8.738667718160807,8.690301030770526,11.062839677961513,11.162929083844213,12.437066111098433,12.694890254327067,10.107552689860453,8.467499605797062,10.793883826448297,12.871167749172294
1766,11.726558391386725,8.744967183271065,8.905830027585477,9.178199516660928,11.434958375711933,10.914297052845146,11.119157037522179,12.406410235542406,9.651901321450108,8.654373077480402,10.478350465542942,11.986386960559635
1767,9.5221500569314,7.295337494778544,8.633150810779359,9.809712426617903,12.475339707975117,11.023545635957074,9.72000394560356,11.347572939694686,8.688823054531655,8.678838182230589,10.13285032814051,10.363479189994669
1768,11.62777057838807,9.375504089202918,9.252110792945551,10.38306014977941,10.853288231502646,12.526849578997641,10.9789950647112,13.852078628637527,9.448860892651599,9.118211559248067,10.964241688578854,10.786737827384723
1769,12.473973063474968,9.822168892665891,9.446420255839577,9.930860579497287,11.161874545323354,12.537869646744053,12.026486486582911,13.974705887005316,10.00156666885429,9.005207663920885,11.4884291848694,12.43242640135561
1770,12.00133371437332,9.760978053618048,10.127263861401907,9.511606095188835,11.733330114118239,12.101736182633829,12.622621098147366,13.743166111439097,9.927826638956398,8.909111688024652,11.40062767126993,12.660744128591258
1771,12.055204095285283,10.227407586046482,12.415374098302268,10.233525910456642,11.96775007465147,12.030715928897234,11.53584718753047,12.964673508943793,10.84249489674729,9.880689022247912,13.559833338901049,12.169155273882579
1772,10.379498430886766,8.124883917248692,9.327348671340847,9.916572372401975,11.613129830137797,11.323609611392735,10.110963507129334,11.584092506334972,9.308226687954871,8.83392483099879,10.733789880626587,10.860678187589867
1773,12.442311533639849,9.643301099138789,10.32914987154732,9.443585137361143,11.789856412057745,11.670540772742548,11.770344438072048,12.921391816195857,10.475524516690522,8.66256212361164,11.4061331200106,12.565201294996536
1774,12.138550588138878,9.558551092730463,11.958046476056229,9.652666675720488,12.003389620992172,11.835123829547246,11.374505922397478,13.00410732846739,10.902516048949048,10.036352748288321,13.216364391367268,12.753808524865004
1775,12.22102072831063,10.240255108410022,11.342977853625904,10.77223705375206,12.711622415146156,12.972409348082717,12.955229895323468,13.29969623533345,10.458742123582,8.72083025555704,11.927421069862937,11.918136437506687
1776,11.831002647888326,9.44357013923164,12.173017554450384,10.44746376609692,12.58995557695766,12.53535275632292,11.734681045243498,13.004963583709108,10.449712767694042,9.814151871470191,12.661989875129942,11.731057198963775
1777,12.027279563173629,9.75627408109171,11.453529921986366,10.454819470937093,12.49927294645773,12.510424190623665,11.545840120571675,12.508447533177405,10.98824649020569,9.787717296813051,13.864820897875816,11.811027728531313
1778,12.376073287790627,9.280922473595776,8.877706774064777,8.843372411461882,10.81073291541739,11.391977661152058,11.747489661748645,13.11854904673059,9.940068535429166,8.697952169800576,10.41076421602702,12.265078401515153
1779,10.140714544198625,7.376263983369919,7.993667275518139,9.148337088663675,12.635655653956299,10.681351451492144,8.975532383026453,11.006872097090604,8.534465746429468,9.006404845941141,9.420808988948554,10.651684170005584
1780,11.538052230891982,8.833650106949218,8.895191947872794,9.806631972116406,12.119731889842122,11.16181038995773,11.15391325531988,12.237330438832942,9.12297660407993,8.74751333796102,10.255619867958359,11.461672797730339
1781,10.722261492505385,7.4974954015461455,7.71626901300589,8.001421236515265,9.610893365621997,8.92644402763165,9.153487449256781,10.150737937071167,8.696036409196545,9.398172329784035,10.771848767916774,10.563313160259483
1782,11.754054480733714,9.119387312488723,9.490855671439093,9.649804367536415,11.315839425902471,11.588845767976014,11.291869863656665,12.967096291636917,10.02963067495014,9.104818144162332,10.825769562341282,11.823038031730775
1783,10.93872659207439,8.249057520487852,7.955636923961101,9.494391012362865,10.129044284274475,11.166801804484965,9.878441245102625,12.126955566628062,8.446964711358081,9.672794642536397,9.995499745022563,10.159502611175483
1784,10.357899503288827,7.97174509462161,8.212826475474692,8.829560298875139,11.561936976484976,10.56471719454072,9.4736077041482,11.35167372778533,8.580331437704057,8.829332914439766,9.631431646010562,10.87507419201637
1785,12.49530391788101,9.797305945740106,9.4637250632681,9.267680730822235,14.227607208718203,12.00268224363821,13.718241680100975,13.612260176389778,9.789778624400668,9.084854012250517,10.559967860409301,13.252994185986834
1786,11.106327314365924,8.366367521171085,7.920486199750879,8.61566390127601,11.572897446575098,10.485443051969702,10.1478987324342,11.573524953872125,8.702161377214152,8.548235506099616,9.667086955178405,11.143702158290633
1787,10.94933692693559,8.01407955076191,9.449295860368105,10.178036524649023,11.96899106151972,11.204252480540706,10.939775083972124,11.80079109559102,9.192507368535212,9.229900878186305,10.572337769747634,10.476253000607883
1788,9.87018151493387,7.778029064952204,7.864578153316881,8.911579999840846,11.206743659220617,10.435330933587203,9.575457888166959,12.29256304890168,8.969557189148272,8.695528350079343,9.245576650501281,10.366082389199073
1789,11.59617967124236,8.652390403740823,8.223353530017132,8.716597792889804,10.37647948948269,10.215062807404282,10.511664708216239,11.23325223387727,9.21225011615179,8.944519086274717,10.15360423245443,11.149644719558822
1790,11.487472029112004,9.502916817058356,10.453286195745743,9.947480063683624,11.210673603604846,12.10845896651106,11.602323955341404,12.930074577941483,9.693328689619818,9.476087342396388,11.900199261742557,12.431540226322449
1791,10.808176304786866,8.33084374180801,8.139138820594773,9.070155605860226,10.932304415580628,10.656429656483013,9.916028028272034,11.728544494346192,9.194527178478161,8.752926505104929,9.83886139698323,11.185322781814351
1792,11.921112961551874,9.174759420795816,8.210962492828838,9.23272437179369,10.548562075020259,11.782681738711013,11.664369199370018,13.187554878598611,9.119104578059622,8.715371593900176,9.943067659253675,12.054274385090515
1793,10.927264393475545,8.081610454475591,9.732102666389656,10.092297399297472,11.92814517188601,11.176722533856854,10.51762457265103,11.999261892989978,9.224747035814595,8.671472895407152,10.873946902751802,10.55311979656322
1794,11.38517415881493,8.387204882020509,8.014676876872999,8.389805055471506,10.105174975236045,9.71224212072159,9.5545901624278,10.358958532170416,8.466361191825497,9.329876305449382,10.35660821930034,10.840394657196956
1795,11.492468746533952,8.78181169200468,8.049657409026677,8.558954388790731,10.476567087260907,10.836070336832435,12.035795407340746,12.857491167153281,9.990981338548798,8.503576354396374,9.643611296475399,12.42471080974697
1796,10.82731292717689,8.257441998472094,7.806396367739998,9.199180492366356,9.938027615814184,9.92442665373071,9.50286888748828,10.898294587797228,8.377143147712227,9.844345755007605,10.39068149585179,10.61460656171917
1797,10.612570858916122,7.680663403592596,7.904784640416453,8.770072564042962,10.235810810422596,9.87202655580547,9.379263760187488,9.761984730375898,8.190269473960283,9.760181772739736,10.374842746528827,10.035534730723441
1798,11.241042842191272,8.555346699708734,8.201588593236746,8.565301560540927,10.669830018765714,10.727627037597061,10.53164153746366,11.83469011375576,9.033789072093569,8.581728424708036,9.716471496540176,11.381617323113836
1799,11.745954692304863,9.426814973892848,9.514811882147406,9.565959178854095,10.529947043415607,12.130978023378892,11.398745079361387,13.126761286652332,9.687123669093975,8.783297636535103,10.528739984293791,12.488354361230261
1800,10.559631445158148,8.417813142737481,8.559673586854036,9.539064416461823,11.871078520153214,11.514748064075507,10.623538711527988,12.567704741106574,9.326956115466015,9.078624273572956,9.804776014041988,11.145466751932972
1801,10.930247518452362,8.567352603901249,8.161692531933333,8.705301664535488,12.000141994053784,10.611404872767713,10.995988801445165,12.396970069747077,9.597892426313436,8.685261608774175,9.663089976297211,11.618837992256472
1802,10.008383325137272,8.094605653568586,7.81483652467924,8.878719981408599,10.980006771372473,10.671291597116731,9.801069712335059,12.081273181667111,9.087044677214767,8.863210496751886,9.422412769063676,11.15465333316881
1803,8.681439932689731,6.695356653618299,7.693752313600163,8.875867038899095,13.27592179738995,10.384011711137862,8.407489756105807,11.27682685277129,8.522567022848321,8.916224930757888,8.886114115513667,10.530256010975865
1804,9.490341730414524,6.960784158368112,7.983555673206809,8.751089992975361,11.131925589170391,10.003582657813404,9.312326048373045,10.481767518142682,8.406042115498646,8.496444959758712,9.31237681301964,9.572840346064185
1805,11.765159404987205,8.982391495598048,7.786289170023653,8.625135763898951,10.054338509244012,9.563307863997487,10.9912562468872,11.62038158993996,8.77894092402666,9.086718454989462,10.329314499448483,10.985953908469844
1806,8.707745700840473,6.421900609084282,7.9786913801991375,8.70950288672684,11.053422599606725,9.541438760190784,8.922926990253991,9.947068323006965,8.589919999738246,8.402592010999514,9.202954361331955,9.569613478876118
1807,9.583196484675435,7.385393594408456,8.13367834635149,8.834133981534066,12.141422935683302,10.254801873637433,9.385897235525267,11.837162785724203,8.883227868324253,8.894643252949814,9.441832624277497,10.754488060731951
1808,8.792681202338187,7.114051065025585,8.000635681332,8.865434876941372,12.105159655269617,10.226012234311234,8.833681786965839,11.272479943369571,8.594189207851182,8.927168374322488,9.30214784936512,10.336855549833167
1809,10.91776002917857,8.22392269655973,7.8592106797704835,8.336054420958336,10.065988305028554,9.860923644027366,9.60102739977721,10.850857038372823,8.80160196309848,8.777154030303057,9.822366929536003,11.109981999748156
1810,9.149442363154208,6.841776135037628,8.035215628591924,9.046167799191139,11.795442092728946,10.114604267673105,9.074921091201654,10.505029179438628,8.685309919391752,8.666404319291642,9.475291301106502,10.521022295820181
1811,10.717836923221618,8.394780863083149,8.51087042403625,9.122484112185997,11.617327051056368,10.523679902115282,10.329238071759761,11.653001341917253,8.909866752356411,8.653114794771584,9.519028236011149,11.250946891828965
1812,11.57686338781582,9.060742257663426,8.388403637236674,9.013088610793842,10.795163806099094,11.820293098649575,11.496141201990358,12.622646752814358,9.45584023880328,8.830864352429762,10.059834947488902,12.469202640730774
1813,9.664576107100528,8.020437378137002,7.998684386186012,9.054202724640207,11.799846547959485,10.560607058657421,9.910413590113272,11.83725077014423,8.845736908041882,8.835426593097782,9.37661620659722,11.110682415038637
1814,11.037718670132127,8.59751283241251,8.005746171573747,8.82978701747881,10.917648445339054,10.927904682983577,10.515792964319385,11.969769919802609,9.213601765227255,8.704529602844495,9.624432407708422,11.623315001165366
1815,9.780544637812167,6.666327749663368,8.14454489697475,8.606432421494027,10.957706338617509,9.53881150945565,9.7474768331274,9.374997388222143,8.406419290472044,8.090016633791832,9.809570051771892,9.522985783540374
1816,9.65931792842833,7.613987493693015,7.774894324871551,9.160765541816257,10.933279647508773,10.180167843185227,8.844814549121129,10.857938227725555,8.603426577427163,9.171840596488261,9.630788986630419,10.273702853654765
1817,12.425573337805162,9.1094328980958,8.184203403868871,8.289527063905767,10.707419380271912,10.558726134048078,11.37572274367564,12.279961404375921,9.512576645529982,8.528747518047712,9.753060914325753,12.272627674803086
1818,11.783612442762472,8.82810797588008,8.029632617797553,8.401288634378556,10.397222632812177,10.599234469113252,10.711553614196125,12.0258234614545,9.288479847295044,8.729516575368201,9.935830514466579,11.826634920881784
1819,11.440563183216984,8.719316163213591,8.113981766784025,8.378444464606424,10.431993326384184,10.082043412753015,11.021340170199908,10.783718908222918,9.423661170320214,8.965790455129218,10.182306124704382,11.195563255247624
1820,11.72168256246917,8.914876714503418,8.072947833229838,9.055484213941172,10.266930636403405,11.209844387258777,10.635086951834303,12.637797471790728,9.36655660040838,8.768129153428376,9.841009153174376,10.93487839494113
1821,10.713858743746847,7.608479197981557,7.91802897388549,8.450203500352563,10.852488581013471,9.899494570420751,10.149818402799372,11.155413908661856,8.978326990984105,8.437972405886079,9.799385182747613,11.031853423419417
1822,10.04081593185032,7.227199192605455,7.937702782418501,8.491516196497315,11.589464238990647,10.017139857374815,9.056296268131476,10.278908877656077,8.424437642904,8.447352936889367,9.569547338071063,10.525122820947235
1823,11.062398460146158,8.650279310955057,8.297332385101077,9.971259913342912,10.160849662880569,11.382481454771517,10.015622558585163,12.632995353098941,8.778520687823775,9.662610920266328,10.378407282210349,10.164800863687592
1824,11.712716188033244,9.030845842936497,7.996990933377375,8.75576746186216,10.452403348861555,10.43037068204551,11.670802904023486,12.31790809114377,9.39691281813401,8.654503185866353,10.034127214156477,11.621570015066876
1825,11.372318087469534,9.5353356001545,10.137295089852705,10.38015597166595,10.815100555688936,12.386581235634752,11.173266785221216,13.192647432353631,9.76301928364315,9.151714079734386,12.14412516927489,11.700176838657406
1826,11.37065396009968,8.968828572667459,8.551108143816734,10.522284304154558,10.312887910302582,12.441297412545879,10.72650985863459,13.457099057700919,9.425333650723083,8.923001941630037,10.012090684565152,10.233804466493314
1827,11.336186871043594,8.51879815996817,8.081462447621417,8.482848388749769,10.907833568941694,10.543920672754199,10.816302252686015,11.664618922880269,8.996909013323815,8.6245973870252,9.721509053226217,11.6154971763178
1828,11.018402827686872,8.891003796259682,9.944004963595805,10.47750021294025,12.067685102488369,12.171164795135606,12.126678556512466,13.470267025472632,9.569342400478144,9.21545592190405,10.554623632555838,10.249147966196436
1829,11.236177115098247,9.266807363614163,10.268425366504548,9.842905405336426,11.391775976773191,11.180797189887814,10.725437066305954,12.185240834724237,9.459144092124806,10.402534461024171,11.151923341192948,10.363738727405213
1830,12.3637428937163,9.29426919329831,8.789026697758949,8.487791695199363,10.760761021934227,11.279025774255148,13.12739098590613,12.70811979575528,9.364400452046473,8.523096884819395,9.876460825142221,13.217278721056678
1831,11.704254382665045,9.964804168402337,10.674747419697432,10.797688540790496,12.57159862609508,12.92548684062254,13.749891046035973,14.151053823625634,10.0992427384487,9.701957227622556,11.943699639106168,11.929692142653657
1832,11.9599660595625,9.231255286959838,9.834914117229419,9.850930586090003,11.55461619278767,12.403520781907769,11.583104828233335,13.449894942806594,9.939457241484565,9.243972448342632,11.190128303470349,11.653806305042846
1833,11.185763965462858,8.262343765269367,9.64471681706485,9.639899120255365,12.091644759530947,11.18814714466995,11.38731673990409,12.398662578944702,9.47892017585171,8.78173263220828,10.689982697347187,11.690768811229944
1834,12.776478767105937,10.58000404469302,10.439022620251658,10.621424684426135,13.901216248131647,13.100655125806203,13.944124284377313,13.66512859193745,10.256724008539255,9.200340192101585,11.016656747442578,12.679547981739013
1835,9.031474808530062,6.541913410807952,8.030433762627498,9.503592082848058,11.712568053333392,10.07645470971292,8.39764951869622,11.079609603132155,8.742878929680801,9.316597328143011,9.255715333434077,10.25021653539807
1836,11.766613614047886,9.732116764053796,9.49203668245795,8.995335540843708,14.00898786970633,11.568536783544491,12.154937184515587,13.234779165175357,9.83503583452443,8.696209262383848,10.076685127046456,12.627270841776465
1837,11.475311145609542,8.559777063692843,8.161705255811963,8.298817279208192,10.749271640208203,10.29544241752896,11.078230741114648,11.73584843611446,9.276760953915705,8.698628415343958,10.097239580460494,11.997804807638728
1838,12.336461036753104,9.253002231415776,8.099718302226485,7.841280644937051,10.073398503133754,10.098680475463468,11.760347837834178,12.229051385024025,9.527858852936081,8.67064731662015,10.37354577227972,12.345819597681839
1839,11.141593669871238,8.124321984897996,8.06195003699981,8.394764151140656,10.628667556997122,10.248665731211418,10.854284368354515,11.42596673576328,9.125204337495308,8.191375310782771,9.798349586791788,11.420066635267698
1840,11.936312988888407,9.710704273143321,10.59336402275279,9.712916153934307,11.664237302714287,11.693929605091487,11.470890723852193,13.163426343805979,10.170983243737439,9.596214417164907,12.016038765291981,11.79167825335314
1841,10.453597843864314,7.837032148471686,8.415229666756082,8.41521917091453,10.75574684407918,9.455254654266174,10.026193157943585,11.11090922474037,9.235833634317073,8.693354452468457,10.144003020967489,11.10794483439901
1842,9.788455169721836,7.3590640717383415,8.080351100316797,8.78017270079293,11.190883107687192,9.803578455344848,9.978767504963809,11.354249633577403,9.256751213499584,8.790451551829147,9.592318099209571,10.96355126322597
1843,11.497179442843745,8.570094093151136,8.192149160090878,8.4534963257742,10.419525630605115,10.250928823311273,10.33603900476583,10.927347298770716,8.743978074750167,8.839707848456566,10.05062071598308,11.095921743956929
1844,10.86577013454436,8.268550655338347,8.986280771900999,9.62155607102453,10.44710978846853,10.903381866836746,10.009741747925943,11.962340644974956,9.039642526016744,9.61627887103483,10.66284669781978,9.575645050688859
1845,11.437905813213943,9.321845296282557,9.811144171101926,10.010579086970909,10.754038647042993,12.29941899177997,11.091148546531468,13.309987628317598,9.699554961058189,8.884323146693127,11.42988556114205,11.367616896450462
1846,12.217913112040694,8.940747504891121,8.657074586007269,9.790686026994774,10.264041938200176,11.685312530256681,10.765400959538038,13.982346068767097,10.133516670249826,9.454457395656156,10.589397201212147,10.293177382119854
1847,11.707361465757474,9.631153360979507,9.915006004392925,10.384259311422348,11.236490643080653,12.451018216652301,12.308573744146859,13.7853830426871,10.154480730213812,8.955562801572214,11.713374565425895,11.918690965858692
1848,9.540482231199304,7.282952264655624,7.9882307543026565,8.748569721114007,11.101224093343195,9.959742180089552,9.155968587707552,10.305064878104028,8.634300881056518,8.618329244491783,9.500166519623882,10.267271790523832
1849,12.869973394315512,9.571387470684009,8.089881456714325,8.111665755793958,14.370161227080935,10.672344815310801,12.354855991328641,12.975824431076951,10.002824425566669,8.221892799402085,9.29341484305476,12.938199690888748
1850,12.815408009495894,10.025950769557044,9.314045811107043,10.062572834400676,10.827887120458453,11.546171785882144,11.814545828997378,12.548412941219697,9.834781546760585,9.713820988576039,11.052520972143896,12.078375485626506
1851,11.941572671798797,9.78877093507447,11.064720417691323,10.533573266419236,12.722254699306797,12.787983051463375,12.243236706848542,13.816194725734444,9.52813760591963,9.01244926891535,12.124458091926744,12.437616810410292
1852,10.933728302432783,8.120911168871945,9.212802890299738,9.989559498590342,12.237323066663812,11.270981289739193,10.736330073345062,11.99851702575265,9.176971292738797,8.816102225093465,10.520846720821009,10.717668449445394
1853,12.30017926640927,10.267631888692787,11.23174192354104,10.03038599022175,11.699745707344626,12.557318514572376,12.016991633735055,13.540104075121555,10.883939921258278,9.790590838569543,12.834029460899437,13.108027866338864
1854,12.197908745906705,9.957460749307653,12.564517134947598,9.865876723816594,12.151684504457698,12.045099636276486,11.536485174565453,12.982129710010051,12.414942608434572,10.561221628857567,14.013460818741624,13.340760623368523
1855,11.940787524460058,10.344974418363089,12.400910191649182,9.759829695717599,12.088120200683289,12.58006777885333,12.616644596405049,13.054073750726648,11.173409119175293,10.515804508100329,13.578203262973187,13.511400139900939
1856,10.875156256105797,9.02023303021915,9.082620244746519,9.795344205350554,11.729328108663879,10.71440987389094,10.503845457161667,11.454870818262798,8.873890934496703,8.989149160512454,10.731802470003586,10.833149451749621
1857,12.001570495004946,9.445339534339121,10.559102874698858,10.525407105021912,12.821126290226967,12.494102940637088,12.130163251099553,13.092189991255085,10.052817135239199,8.926506295337019,11.003844878970206,11.837414089424417
1858,11.08513389954027,8.32087919213298,8.04222606239398,8.240609180291022,10.656700037024923,9.992928173887831,10.615356961962668,11.573217911001208,9.060144625492477,8.571705713229942,9.733529859831863,12.000207804151712
1859,10.057970008538508,7.858483518316914,8.045614604283605,9.427169098954115,11.533842132736027,10.781526811284518,9.426328960699596,11.126944931029268,8.610353079434056,8.880693783920247,9.687926143654817,10.649258925173271
1860,12.610025006686776,9.718827667486991,8.250689990204213,8.0474036977302,10.606207836950919,10.487660260740236,12.428613844322346,12.727788348865737,9.930649242305392,8.34263974063125,10.000412637436725,13.814288535986712
1861,11.160180124501494,9.01952250829638,8.556934171693133,10.09153960489742,10.499245440736303,12.055035130576432,10.677327352615656,13.378739489031654,8.984825033794369,9.684273364759127,10.493957468094,10.825199673546617
1862,11.908705384436054,9.323413118447938,8.849362281479497,9.668398291395933,10.633997751199386,12.445293216120454,12.173765231947186,13.912646151896118,9.70916255049346,8.35820417754366,10.463661443017894,12.03388659353818
1863,10.616651431104374,7.901795835238632,8.002390310946222,9.180612074482418,11.192604008511603,10.407568779527086,9.925333255210305,11.58958221825487,8.661514437635962,8.595715303818913,9.75544095394229,10.669761302711628
1864,11.160498572208452,9.304921710778,9.115598081382227,9.484483334666406,10.716793277343283,11.672087411761265,11.007466222540113,12.550220718760322,9.324648087555598,8.810065390192321,11.707641267331905,11.675538799015733
1865,12.187669724963218,9.157084057422209,8.109956581476489,8.339848030596887,10.109748685788706,10.814260032342547,12.003506111718067,12.370230659348138,9.607846976386803,8.284692670024702,9.803242634015652,12.309101884892655
1866,10.746603606710353,8.421386439318832,8.421321749145541,8.794989408760227,11.342770414159252,10.610147207489213,11.386127594620742,12.218051999183459,9.918326328117084,8.442966836168921,9.707944228004877,11.541050812141211
1867,12.18105170024705,9.16437883704382,8.14958521545551,8.341838645616914,10.387505097402828,11.21991311534946,12.565021516765079,13.188479337630685,9.138737682014211,8.546609466523778,9.959025094115715,12.325337836331336
1868,11.722087912695446,9.918408845682944,9.71199379534519,9.787256340698708,13.500596239080206,11.632442637643907,12.02867968063185,12.649686721654717,9.375857777820105,8.708955915257912,10.738909517477671,11.896524757988525
1869,11.471132763434875,8.945908127867423,8.391572135850835,9.245564739197146,11.228353547900612,11.586550524446757,11.497985520500116,12.96427608806147,9.031907973819228,8.740365924477338,9.645246141115326,11.737899358973142
1870,11.64450602808041,9.498478717441287,8.723028206701432,9.232532605211794,13.066062661669033,11.299217438702478,12.210296490346728,12.727348769818548,9.87612693087728,8.774480335202309,10.59337338542763,11.817139051568905
1871,11.36245359089375,8.510553968115222,7.908644886840101,8.823962295993997,10.000033640920512,9.921574328438453,10.538092391192475,11.753130604332338,8.863602843762378,8.837183992555229,9.842934195478541,10.772281751123032
1872,11.272276766609183,8.477914713391161,8.267678447946183,9.027786335833579,11.228335480633863,10.670644548217343,10.975659985268848,12.518088084752502,9.17509778417086,8.649138514125374,9.596955149380499,11.57880243669328
1873,9.066252631551615,7.353899514278236,7.881836127157362,9.32502032360868,12.802006283278537,10.731999073518296,9.45394888910043,12.180982289211599,8.81959323793936,8.902467605786473,9.100031902447768,10.787876517015043
1874,10.177205889603941,7.999745074854202,8.307205558037726,8.69294924787892,12.488788415896849,10.48368258128846,10.678718097641411,12.390962784659207,9.284715105352216,8.98466816056746,9.495411067730785,11.712700969450125
1875,12.959477493355731,9.248521447704434,8.029344728486867,7.181275267341796,10.734691054917263,10.360434339843495,12.78509576514192,12.485683487152457,9.744281730552002,8.322182212702003,9.460988715006419,13.646283984960975
1876,12.157922809543823,9.410050738139084,8.254567395214805,8.346744125996697,9.889785964912244,11.255359126994133,12.808104015443426,13.214189798602986,9.301471651274916,8.425599541616226,9.524976764955582,12.626331253816605
1877,11.745807035123676,8.91243580947872,7.971197755532595,8.929783141447437,10.000704810787717,10.936226870374318,11.249941422325001,12.930349920883987,9.410544217490962,8.38291584239943,9.285832476379147,11.061076929517835
1878,9.785208708383824,6.865035620507005,7.923733351324968,8.573854224103307,10.90983031250436,9.30472285435835,9.592857572878085,9.523606769210955,8.321231806547027,8.083265847747173,9.475473823947674,9.342923576821883
1879,10.07581613517031,7.122635781676963,8.006145005014448,8.127242374929907,10.249773264776241,9.497924497761353,9.522578593759526,9.56413543260279,8.41401881114201,8.281618505997013,10.026668018245914,9.799392184835835
1880,12.175476199961421,10.211281378738693,9.547045496679607,9.323291428971311,12.8301382574659,11.544697752546114,12.725369591610516,13.131758680455198,9.646679945988557,8.568225661930086,10.374412722988284,12.22538696099727
1881,9.792081956510941,7.297306522944437,7.797965021127521,8.312406882166993,11.847890218353957,9.88688316663799,10.132537697132879,11.68295029936816,9.002917669929333,8.74285555526412,9.34991420653855,10.935157513449658
1882,10.915790065679577,8.218869239326768,8.106945078942408,8.425642988855882,12.138496498178835,10.564257836977616,10.507057368089656,11.541387930757354,8.853406291192721,8.778756142263202,9.578467781330616,11.66953844023418
1883,11.339194762859165,8.84560438199282,8.274560420086882,8.31035976108491,12.674597457522534,10.566177670095573,11.74811649296159,12.848289383870652,9.56352036489874,8.916336093151918,9.679336153807583,12.395348416230494
1884,12.45520109982851,9.872341260210089,9.315026211022774,8.82245041464625,12.694766549037565,11.645966680381061,13.441962004723099,13.203063800214181,9.91037620979153,8.384614457900355,10.591024453614427,13.370524352195597
1885,11.30223979629353,8.327913268865574,8.364658756255217,8.329463681591276,11.97975269745653,10.407882617722912,11.549953501516665,12.54445069297385,9.359335080061193,8.876358136252783,9.961199763657472,11.501245658306807
1886,11.97060614973596,9.087698058856084,7.793081343865406,9.374052621639448,9.600821974232131,11.265081298780906,11.682295257025473,13.091716112474563,9.0270177084134,8.442464198354715,9.301838110580272,11.091735611897883
1887,11.313729959721268,9.27283642358918,9.020665496100797,9.637082654963852,12.14857764123583,11.230727250156562,11.224526810523866,12.24952314562178,9.199549192826543,9.209896170697863,10.756901334854934,11.702492377504118
1888,10.970209541701589,8.101647399848368,8.235741114559652,8.759229616797086,10.794382852930708,10.38622590697614,10.085944461653465,11.660039202936806,8.997699892672188,8.6356953298361,9.754765304140951,10.921153056634878
1889,10.254584174113106,7.580368852656569,8.566826424692264,9.862385316459859,11.949816555635335,11.612826686387066,9.459724230336734,12.004501974413074,8.496203901323941,8.731085964350715,9.753757213533284,10.502794579395108
1890,11.498508684991588,9.032857199811463,9.99748139194908,9.649283562056764,11.42335944641528,11.885682382190014,11.221889232115368,13.097726853593795,9.939273482173135,9.480003416109609,10.828401902970025,12.133797254644655
1891,12.191896967682663,8.99571985972051,8.53830361311439,9.309284813858845,9.985285169053046,10.928946693619439,10.638420112799292,12.417906851703945,9.304862355681216,9.52593423612406,10.537754815997769,11.228233595564864
1892,12.525849990032086,9.639186174392238,9.132444622145165,9.35056153116146,10.67934068692471,11.10324014394391,12.348501680505521,13.172258816823195,10.013725896769758,9.104246673340043,10.823746459551563,12.408807302215436
1893,11.819881996797088,9.636985946550922,11.39333067961373,10.509207679819127,12.553068108316806,12.50320547978713,11.863473411612908,14.134491389895121,10.096743520268058,11.042365502366785,12.064555978015466,12.43291028355559
1894,12.383344070135252,9.353088908859924,8.549418084736669,8.535764856232984,10.595082271872446,10.461235237761848,12.131234695789995,11.897840845730148,9.363894119286496,9.09058734210047,10.851277614827904,12.336446515183384
1895,12.615991710202767,10.082800234334929,11.011400025716153,10.07101172235242,12.564983385766265,12.773934320692327,13.54130529204659,13.769449952296295,10.495515692189766,8.742866953223247,11.856924853613801,13.142997940161125
1896,11.92845117395035,10.303441521754577,10.528137288242885,11.331578964832987,12.59740948362648,13.271804352100006,12.291361741135965,12.826627404625258,9.902156361646924,8.691507347040496,11.772042201295491,11.625506451673484
1897,12.594669958720676,9.736719768230166,10.655079523071809,9.264684850515195,10.86766154126086,11.666833124459316,11.85384142026191,13.352162930697006,10.09628181529969,9.045995067330352,10.585070062634236,12.506268101764263
1898,10.730731173739922,7.411940930482441,8.120244383783342,8.611291112532271,10.50518230264905,9.687986703963084,9.536396685155712,10.445601237278392,8.730498827667885,9.086715152646267,10.264666263786767,10.63203876273437
1899,12.32313904162352,9.17224893569162,8.392464209776211,8.799813480928227,10.89170091473321,10.692915382501093,11.962752189863862,12.239070128768429,9.801856636496284,8.414771917331269,10.17112038226382,12.30446573095682
1900,12.143329262595516,9.070618630374634,8.26340450802906,8.25382987607137,10.704140812387667,10.365456453360892,11.669773657757323,12.093765305379923,9.658119460651548,8.515177202022294,10.474628151914171,11.958236206488394
1901,11.373624608165603,8.457464819227123,8.08620538775953,8.712275495349441,10.640090109328773,10.111305165925215,10.036892151819659,10.9317143072134,8.876492110734548,9.04162346442726,10.345915454371013,10.778440893917807
1902,10.710498308739288,7.624863374788184,8.40720987305598,8.58345376841347,10.612318059344236,9.793900194612863,9.92131321197385,10.037683547247209,8.794659597470973,8.79934844500443,10.684307469924276,10.536911762807325
1903,9.93260995802173,7.505186202722502,8.095763111720265,9.115095216573984,11.710661428701815,10.41865235557786,10.263022111940774,11.319738523923604,9.422059419532753,8.450580381983565,9.963209199667258,11.52031377087208
1904,12.26120615704901,9.446206972772417,8.931956831075212,8.197253941050988,9.937371311097374,11.480467026428146,12.648170313310779,13.619765572939414,9.216612652100443,8.567622319248349,9.826652838698527,12.493692091393314
1905,12.21611474598053,9.684608922589765,10.370128432015433,10.47741995411059,11.903202330714059,12.779213225756633,12.686988523040366,14.262286883955142,10.178731477817173,9.633814952722785,12.081556897787596,12.6247663655322
1906,12.37572245710614,9.344793021561795,8.495697969409548,8.306322797896804,10.58089842543459,11.093102956695745,12.581830544390213,13.290792486349403,10.098147707922589,8.38444894531666,9.95353381585895,13.401697762517685
1907,9.81291710665764,7.827870634366682,9.19019573726931,10.503940968411516,12.46451701315684,11.307638599201518,9.81375083771113,12.236379964935123,9.311504925569047,9.687579204925733,10.007067981550316,11.113869314949426
1908,11.368788575879528,8.332428920510118,8.158186823709656,8.633884912224719,10.149516597104373,9.95761451756938,9.729860493542807,10.517693673927246,8.327198413755285,9.516957969637811,10.477085429350673,11.005270108180486
1909,11.755380564352638,8.685730789206087,8.268678585957183,8.661455437690016,10.534394260671704,10.447759969094358,10.568329957808158,11.127686226292825,9.066703100793971,9.009208306242794,10.215251930873826,11.567941972879057
1910,10.154964349891717,7.776120761804992,9.467229295375677,9.676323993799802,12.665384965695111,10.966954486159512,11.15284616039218,12.306581853397955,9.202089218933533,9.019860086131727,10.146155663107479,11.245688322707405
1911,10.821924550243324,7.176559348825036,8.178795212514935,8.705395137119222,10.471606220850246,9.626733370840912,9.52537292011903,9.90954353128954,8.625368581026947,8.602940194917252,10.14106041989788,10.038718319855501
1912,12.40669219845691,10.039904651570488,11.952184829548916,10.17413944816423,11.708230972661346,12.117743042144651,11.62238322749463,13.184223009636353,10.804878757652748,9.086541609643664,12.451012324089378,12.729895529121391
1913,12.284458754070382,9.928332577663529,11.011810041638892,9.72010542631201,11.63222063427887,12.38114787932735,13.035902981489942,13.89346639090301,10.722552330946328,9.557703630567104,12.076292116295791,13.364122806138056
1914,12.059248627647275,9.209585550250234,8.325171759613662,8.867829810375198,10.52552682344945,10.93310656530559,11.515732757766521,12.121195871194672,9.699503430176708,8.867537144782494,10.212153882936365,11.900951599749124
1915,13.083468690098425,9.676641559696318,8.403434687872315,7.968540383038299,10.660348794382896,11.41508985414513,12.731763775104666,13.238962306159625,10.15418726319046,8.296009251820015,9.886113614815692,13.369368825959793
1916,12.12137117110883,9.275363139831912,8.33207511530498,8.823551561045573,10.372454323180964,11.119399830206106,11.241022911977247,12.639441526101065,9.34288855727342,8.875318782157917,10.383542171296689,11.288892933647485
1917,12.382840232816331,9.667149864613346,8.499118789492426,8.219979179075917,10.639556779670187,10.769281507335789,12.523109269692217,12.487134410084856,10.695164936576624,8.440171602777973,10.223991696252481,12.525769407414934
1918,10.947755635923395,7.995332323058178,8.631013907474635,9.591533521488282,11.831339179902212,10.594429000327503,10.635573148800155,11.889891519804404,9.068123448382904,8.786286680856941,10.121818516685337,10.934426772531719
1919,11.893761028466834,9.771054485003962,9.769429674440698,9.846022681469918,11.281837094428854,11.855946478233395,11.77428228293429,13.219958406073012,10.204441138984837,9.1178802486257,11.697446116526006,12.358615127732168
1920,12.628726829390416,9.498593841748876,8.156308801053033,8.067992065764768,10.465724288875567,10.439339449599828,12.457295848935182,12.715222947106398,9.812134919984645,8.61205733374456,10.110677958040641,13.125815985319022
1921,10.900381586126251,8.103322966275341,8.633182564416149,9.10580050425596,11.160623043370554,10.72667390606054,10.331502456020694,11.807367594934142,9.009272431073901,8.532877594411046,9.918786616530994,11.147319199133058
1922,11.603469631559046,9.679707257090262,10.19380742965377,10.295418916465536,11.943678754102375,12.393582488217191,12.816030614309746,13.4819571158153,9.840454868253865,8.850621206020133,11.08339871515866,11.966737485145305
1923,9.366846500162715,7.408570017522122,8.126453920578527,9.376290670471803,11.591859974438272,10.383855638249791,9.740508555265073,11.819474099766982,8.86696754050972,8.874549990925878,9.797148407636191,10.713733220365214
1924,11.133859312147317,9.221380243486847,9.820070412347725,10.744563571767886,10.678615182619495,12.171971943388073,10.867966176832986,13.698585174703588,9.257231149803914,8.866344305549923,11.366955845633498,11.186144238407723
1925,12.032506992449175,9.394554616518155,10.587911390353467,10.912686847190342,12.75971306440221,12.742995104447383,12.30811434409189,13.572416271110388,9.914143996232223,8.943673772569888,11.670379402214717,11.805594614761853
1926,12.387440442511094,9.874343978085742,9.461411598248159,9.187157398910148,10.582196794707738,10.892716003498602,12.112284280361182,12.939281663817383,9.754758690865803,9.515185331252207,11.35704558021321,12.525322918440892
1927,11.90598706058542,9.756349375661998,10.240848159211444,10.031147080721528,12.439654687225001,12.17339628139731,11.860466599642368,12.733943512036564,9.629035901338954,8.38933757580394,11.24129369822808,11.856552697832678
1928,10.59061122895271,7.7088577404851435,8.932851367616053,9.321297961545646,11.708878583110128,10.854650961853466,10.660700319641983,11.776736398467715,9.288409455304457,8.668978383257722,10.333768956869314,11.263167039862742
1929,12.163371815256912,9.23322715972737,8.61617613689311,9.533096749804812,10.521533237052639,11.466967559985033,11.161039893813456,13.308022755020946,10.144223561420523,9.041827640770215,10.455084182689436,11.144593179411759
1930,12.098040627519167,8.802985036910203,8.201019255411055,8.249391029701972,10.622845073963902,10.083943688388418,10.736007430994436,11.556545193053301,9.076465044074407,9.017800964624671,10.514160849173884,11.712862999176998
1931,12.21045448571666,9.236610661778736,8.734087633329287,8.787738780751067,10.83589150624257,10.929497716975142,11.251260845233494,12.642273377227422,9.737798443196592,8.784008349412625,10.534181614183803,11.802870510311195
1932,9.474706081644609,7.143772094076432,7.867993847122794,8.956542752433577,11.537002764604239,10.035198351864432,8.967768400575828,10.548231073152902,8.73077626208486,8.775154220974592,9.79376812440376,9.814284710526529
1933,11.721341068236931,8.792827492348598,8.161618167457252,8.112491160505417,11.133899486072455,10.68239320047553,11.614199243547926,11.940046218545923,9.59692922373517,8.590209652557672,10.042971304720432,13.020387447119628
1934,12.429563081255827,9.872920168500357,8.731860474140237,8.410809353903415,11.69134663979024,11.759153268574947,13.298002409030872,13.28731591372482,9.81168649014796,8.232478959268397,10.263229482608711,13.496187284478975
1935,11.372933788609483,9.307714117145075,9.210260629405356,10.074314427601752,11.201293067290235,12.462598226324772,11.429930471585852,13.43976921150946,9.446926356340796,8.60816210740215,10.664618742893058,10.92458099367591
1936,9.561774042174548,7.157181165149928,7.740884549672893,9.399743242076704,11.140929812105028,9.804605848186009,8.384066306968908,10.767950526011917,8.686573884496983,9.798171835212386,9.44020421989801,10.363416532420402
1937,11.857073554374917,9.749434074281778,9.263237918191903,8.86971243367713,13.874487905220409,11.391885083974133,12.422861235693363,12.94942226225302,9.682764928976702,8.9129364968913,10.085944993407697,12.910819147004617
1938,9.972248679747024,7.689723815255666,7.910718472053343,8.941213741988737,12.25066443189716,10.418764298043572,9.793807994616033,12.034252170945955,9.066622633389372,8.805387152156943,9.288504161729586,10.760992838796007
1939,10.843011756126291,8.140329990743425,9.644260712071713,9.771449205852702,12.484056319563338,11.264481179238157,10.985032140753642,12.398321815686318,9.619450359355492,8.709502738524089,10.641641860404096,11.176207620506261
1940,12.532517283110344,10.286753778453349,9.912832177097355,10.055089126372103,11.569126942438698,11.901686916919637,12.044651529068602,12.381805952712991,10.024529218867318,8.640443025965252,11.619238141387594,11.917155602894617
1941,11.89133147463033,8.915712449734414,8.600472992956513,8.171517737300604,10.920694677802114,10.829550960165538,12.289332539268766,12.94501989868906,9.396853078722634,8.738354345801248,9.599093083735127,12.902961927529931
1942,10.530565592270403,8.433598284628992,8.257593175645814,8.65038440278327,10.52277973458244,9.775708299953571,10.975620340468067,11.295280963149875,8.942086486081784,9.19227586999731,10.465321049005414,10.695970534884616
1943,10.936533353345666,8.260698939004504,8.29090060909345,8.789589144515958,10.40773681439721,10.613542386164513,9.976822038410251,11.715762625005933,9.119042492106333,8.709005875508524,9.807764961872559,10.71382188846082
1944,10.377944388999094,7.713162166747142,8.268652598900552,9.754605654556487,11.936294638299858,10.695802631124366,10.008277021249999,11.92030183589522,8.834169295809188,8.59602070334277,9.954924064473111,10.659046195311255
1945,9.137566328765153,7.824173402028847,8.05449762419357,9.688073671681828,12.126253919813283,10.880400915673086,9.767300992004925,11.998400701473352,8.824725002842504,9.041841984869368,9.195869464798633,10.95554013782199
1946,12.545624201150337,9.381104827182753,8.326071147180064,8.780441242456106,10.475948554265674,11.090686560026054,11.56698187024119,12.871677734846749,9.708579206417296,8.624716012270383,9.841668877018193,11.996458737203353
1947,11.951800396095997,9.793593812613707,9.15508309719917,8.767908444515042,11.890636043782116,10.917516868444133,12.767284039066025,13.198050710792174,9.948838190113173,8.697100113054429,10.537107743056437,13.315866756733556
1948,11.801490075606928,8.511245659731738,8.553865707933182,8.489096266622587,10.57633727944569,10.237216432194057,10.175340207512031,11.328527886155857,9.150498627630482,8.967971014109052,10.547983545217738,11.437636173444682
1949,12.123855459235228,9.731117266401487,8.712180678398136,8.342596143538593,12.615020402698494,11.18454156847623,13.30365167457883,13.110325528650518,9.82126605773914,8.558502450697857,10.115943308916195,13.817132562140465
1950,12.144466673415472,9.78024402067482,9.880553486557112,9.097783025351493,12.559073576528782,12.184627403832751,12.90607178300381,13.860766887757551,10.305079620039644,9.110404096266292,10.773253499161106,13.0122887377278
1951,12.81755025467938,10.326637817731491,9.800808135620606,9.79726438087878,13.747657551829352,12.4874078122836,13.92622066842521,13.963674560583204,10.014526092140311,9.336269583508145,10.801310485050863,12.598826235776068
1952,12.570328069418725,9.131341712261117,8.219223336309764,7.356012321143694,10.2538402391945,10.26546446647894,12.361191246904927,12.14178277172687,9.422025724313833,8.284967811908945,9.761858422268112,13.459880392891062
1953,10.00586637006793,7.236402502167959,8.012522538297034,8.465059044382745,11.156160079674686,9.909073437390454,10.29328193982126,11.423623390756564,9.123286340960854,8.57460805708343,9.369916879499637,10.441620541620328
1954,12.82127657987457,9.187113808010913,8.399646746510653,7.812109822905465,11.461268018745521,11.09699657463863,13.129904425085638,13.630151968809475,9.760458796395056,8.052836391153246,9.655893554255805,13.951076880733613
1955,13.416458895538364,9.879254376441951,8.458575269164738,7.7017515688220906,10.745710955396907,10.843403998569153,13.453754026168955,13.23630569278981,10.563810803675914,8.375089760691079,9.834676477208147,14.095287204787159
1956,11.302813457800386,7.821817750111256,8.139515549822828,8.82904679160634,10.033469564775563,9.61827165732198,10.008153045115165,10.1376099434694,8.783584454071724,9.897776650977404,11.311818505823872,10.585462386536193
1957,11.344617346588413,9.086533691668404,10.386281776129872,10.365971484520625,12.015872189777626,12.131963701127486,11.306479662114134,13.191380534831552,9.754296261845148,8.938875038966223,11.262587782300871,11.64295734755342
1958,11.713550834907714,8.528023133785972,8.11008516012954,8.17234083345395,10.480534489538883,10.055540507367883,11.323146821704885,11.566605529447465,9.097786500480593,8.519386542151917,9.789916628787337,11.93346369444945
1959,10.26066121058156,8.902664161596583,8.668360416892433,8.902099845624146,11.93346817277284,10.63189867018303,10.977809900996327,12.369892685720814,8.884106465248973,8.777831610924284,9.592777207787123,11.709111910573345
1960,11.698749481088107,8.453350100469047,7.901751828326436,7.685830720233136,9.508378419878582,9.845533331709355,11.938354239080297,12.291518111116886,9.147869454237568,8.370878585469285,9.29447736039125,10.778609100104006
1961,12.223581957739944,9.405398810254962,10.407498835917696,10.030053885255093,11.246711495800447,12.091555370844006,11.921709244258384,13.547135477748101,10.063000046582669,9.618287638807393,10.904553938495848,12.874754528747982
1962,11.675871771308891,8.67859681831121,8.309072015990804,7.9895003462222345,12.884291342529593,10.606030690096336,11.640063464003823,12.676867064518618,9.48022418212447,8.456070057643629,9.545082463914767,12.567715814173527
1963,11.47231125512846,8.823213456114466,8.676915531045141,9.00319311936228,13.57475626304306,11.50809876317158,11.407910343226341,12.469470738772042,9.026708367558253,8.74581452637717,9.980260278694724,12.489268335490117
1964,10.672803793970175,8.222588947310792,8.834804310103182,9.83747412664252,11.937757641332844,11.020403819310914,10.502472531417386,12.438930957484423,8.976831930382852,8.762068188556263,10.08096218191044,11.074165438399628
1965,11.594062032434557,8.56950093105828,7.88161493311818,8.090566246121051,10.420559109590123,10.234022718216597,10.156400555401708,11.046307178194034,8.965678649844845,8.667841133895866,10.00594036759011,11.670496281789298
1966,10.069556087849413,6.846290248557751,8.038627289971329,8.71461889934866,10.713039277202054,9.68421679356376,8.76166460024012,10.160196572264743,8.356121826087552,8.79663661767787,9.802683711946072,9.598995687955222
1967,11.865872307811738,9.633141754555368,10.25745941536972,9.44105630427197,15.025236810342147,12.794696839555272,13.345445160555535,14.569488601258815,9.584976209295714,9.867020041899675,10.622873449336074,13.275153212318516
1968,11.864940928190332,8.781093608024852,9.892006143457438,9.456305222158296,11.466932762605868,11.655527509693755,11.555087993665476,13.532491638192823,9.93782328623941,9.643436101126195,11.357546798896614,11.117297647046062
1969,11.894438376567981,9.49121410968838,10.086287563835835,10.028329329506814,11.173162489097432,11.759828526157285,11.498387760628537,13.124447436927536,10.299849361009173,9.341167893788592,11.957204098841071,12.148294197290973
1970,11.683558394164717,9.288448587415564,9.47703635909326,9.134500870158542,11.814547636701796,12.22304777542039,12.864692248604877,13.616814158148859,9.464279469985657,9.194164360354506,10.109746930823784,12.121424510344617
1971,9.27925070137188,7.72546596916196,8.455009389716615,9.354559846485781,11.981141258882651,10.579790621828081,10.337720948722401,11.688732640575552,8.872359204737258,9.136758537079812,9.722137347663367,10.41852968763652
1972,9.121720028554346,7.2067095313777845,8.048280410376055,9.730885540900214,11.93498369043461,10.437961326515019,9.271033503295776,11.33642872419116,8.966641819319594,9.006280734502147,10.273930358362168,10.632005757277202
1973,11.964281499292323,9.288525512235486,9.66114537368431,9.832046979829318,11.330663998726028,12.080514789509184,11.248443479712037,13.189596011156773,10.140949084414862,9.274935781678982,10.910975436605435,11.67501471214898
1974,12.11719032603082,9.29068680039866,8.946281417179211,10.508357248131695,10.79540505331553,12.413967473146627,11.129366966050007,14.08006419610246,9.829314724428697,9.054654144461416,10.349100691025416,11.081856596009224
1975,12.714858014688128,9.515896812380483,8.722511580329387,8.94911913831073,10.500562817605314,11.06618690363208,11.430133321526744,12.986325393769556,9.51842841230039,9.088325751044632,11.036444714767212,12.199116447576156
1976,12.368928888433537,9.504637259543156,9.500510461602829,9.316538236347096,10.394347334453547,11.33501856209459,11.478025222286657,13.509305796023297,9.903550886398792,9.170979439686135,10.533815254464052,11.385243072542387
1977,10.038535541950134,7.580508210715614,9.027660327608423,9.79091780270022,11.947979037546514,10.40464465263617,9.740960489679289,11.231920782048752,8.97722809806425,8.59128757006384,9.970336229495107,10.364620687665177
1978,11.493261039547676,8.761429379923145,7.901721286814864,8.482075685177298,10.464664625124446,10.19220420816174,10.714966191701986,11.794204340703434,9.14570204385318,8.690895256953509,9.685913929414598,11.5713971132482
1979,11.767039751621352,10.191371343957835,10.347966828253906,9.990128022714778,12.482258530405785,12.328234424169825,12.108138383371536,12.561899131006026,9.880020947184153,9.326223212334959,11.305560733680128,11.366214220492633
1980,12.149411538318692,9.873441488511205,11.475772076808095,10.057413228969752,11.66414726865384,12.433440456516358,11.77116297842696,13.8317335670946,10.963147772750409,9.577740126301187,12.481712072569362,12.730477040137972
1981,11.409477206598496,8.921496656315014,9.4889887347488,9.483262691707502,11.211580739053632,10.951324883098883,11.523996276166379,11.842714366648316,9.671159984416962,8.862608542497458,10.388569812836124,11.469785201277471
1982,9.608340450047905,6.787717803058128,7.849936676493817,9.164222242953748,11.174579953973005,10.030305623680452,8.796602868547406,10.15523166926784,8.595204761124378,9.269937538353837,9.49545861695926,10.007471432362928
1983,11.474285532107377,8.78052376378465,8.171634837399719,8.790585260661109,10.741938676324217,11.06166529470459,10.908949135009916,11.966892372983285,9.084551959384623,8.835888245197594,10.10269220668461,11.969424357803277
1984,11.49663927116714,8.742299989058914,8.31524648615613,8.411216999568977,14.27985756522912,10.768706546231762,11.70001810686831,12.93351861263249,9.63058667528559,8.651387141549613,9.737165788268088,11.523829773101767
1985,11.111357389550012,8.113299072968948,8.180789978259646,8.460435927097848,10.86210794546443,10.15900965547058,11.848986062249935,10.796235061941482,10.196082851541547,8.738730896167066,10.247507945943651,11.183590780839312
1986,11.482800591897142,9.171993779489128,9.033476158076684,9.230419957817155,12.30343356809485,11.250902176023958,11.019124977858578,12.507143704409067,9.153236652495714,8.879563933374378,10.14543903490303,11.89380952240492
1987,12.180565787620656,9.54037683879367,9.01452440051208,8.392214452153603,10.974832342877166,11.496920874559487,12.611221057647395,13.174514159286918,9.841892529544294,8.39856397921299,10.1759926822779,13.22881990551202
1988,10.62523869841178,8.191890791310342,7.982061119468278,8.771026257104785,10.786626697464992,10.38380000685977,9.948301681631303,11.171309846225643,9.003242062858451,8.603171747745314,9.780779309202948,11.052417979893724
1989,11.406276863668865,9.380182395711046,9.673780886257875,10.349325342817544,10.893920728104423,12.552400866901047,11.51458034356736,13.502508739528345,9.28405610103605,8.768950200658104,11.101450049396426,11.170894257251673
1990,11.465008187090078,9.431788776565936,10.239712514788497,10.489527420624446,12.238064770432315,12.530180548404957,11.669157799136904,14.1963227374356,9.671000296757569,9.891337255395332,10.863291364123391,11.551793896281197
1991,9.70904830074585,7.856565729076591,7.723538413776568,8.93626733569555,12.336467745194113,10.483124553100254,9.770547041037858,12.201746765219223,8.960076350218573,9.06389710030713,9.243861362667847,10.748140666976484
1992,11.394165383261063,9.129980720345332,8.58867417230227,9.095209254210072,13.115700003099942,11.380834161470986,12.598970788540576,12.933759608226747,9.407830804740618,9.056112069557678,10.124492990029374,12.268472625154239
1993,12.443531800632694,10.42139697937967,10.28186870670535,10.484353380064746,13.594100887373255,13.27998945443601,13.092133946407206,13.524590705783146,9.950881443929958,8.854940467093215,10.733325099863102,11.983757831730449
1994,9.953618412083326,7.5658337406154015,8.249115615700527,9.455159571488597,12.580013932061721,10.41315093489765,9.936602852562517,11.788818730589457,8.883984942137822,9.228218389974014,9.57154639513918,10.772645646395612
1995,11.594686719846884,10.223038578739786,12.052669938687664,10.54635029686298,13.072849532846206,13.360679039950808,13.968276194775552,14.991741655918442,10.928568039380476,10.976219654477006,12.431883001462541,12.769590191040987
1996,12.580010484803434,10.009974470755584,9.116851637449427,9.930996888014695,10.797889383686408,12.123398076743822,11.813147425780292,13.935751139285475,10.251344510813231,8.790365565531914,10.198024660876191,11.890448912730538
1997,11.518507582931338,9.84966904876238,10.301222580081253,10.876704596919806,12.795943639357176,12.410642701749003,11.695568846997904,12.442843107009413,9.948935686654472,9.000119093952296,10.756011102025163,11.142024692725823
1998,12.459165122851239,10.35993241614375,10.646082407020744,9.894892745675577,11.875574878053728,12.587562805254171,13.157197864406633,14.126412949908959,10.256398495866929,9.332116045829721,11.627286801591616,13.346195131372372
1999,11.241938258282339,9.059286765721087,8.436320249925846,8.529488620280869,14.046526392619466,11.454400065593866,12.352449539298032,13.011447193061366,9.566202375604464,8.86558983685006,9.725866984931255,12.95893558515294
2000,11.39315673238136,8.716491536159772,8.66677562425163,9.291046925569747,11.111827253969775,10.497769660556003,10.574099800173801,11.490207954475142,8.882258056643026,9.328562288550359,11.201472185921112,11.425979324457881
2001,11.08222573007062,8.890710271681447,8.874517399690959,9.643789778993256,11.852606104703366,10.99245853943246,11.094619491418898,12.329436365938378,9.112546562434176,8.985450759881422,10.778366769646944,11.573484989932986
2002,8.875332368483495,6.6776706337449285,7.974815412365794,9.75584117061282,12.185650324999049,10.462334389059464,8.347838342477651,10.587249615952388,8.707569592242383,8.86697356840452,9.373939123052022,10.072799469889109
2003,10.894242164474683,8.85808544030288,9.444473403137856,10.41291100375555,12.094536454552614,12.407975107511849,11.43779401370884,13.67111595571603,9.256442066597774,9.454158651313511,10.359593165186187,11.798276413919368
2004,12.826063576840781,9.583500358399846,8.245531511715122,8.11511612418126,10.457963239125196,10.894486280156627,12.439966111294602,13.271458038176023,10.105504173417511,8.539253780669448,10.235714505376482,12.747513223832
2005,10.979056005408456,8.44493442356157,7.869224747041052,8.62150142863525,11.815098869213788,10.556446018202308,10.56586608840637,12.313807574991785,9.167520432352696,8.678512839934315,9.41706301445473,11.738208459061227
2006,11.622581113249781,9.48462944122594,9.476165969192675,10.29035670375574,10.859143010464335,12.301148988483897,11.255932150588254,13.201963296791638,9.401587056019231,9.251611812318746,11.313881737467764,11.191185892703245
2007,12.027933506943198,10.767309197156028,11.36625333124606,10.832482953664833,12.048594775610782,13.012287006285153,13.0579866471067,13.820189298166287,10.464041346132367,9.792126668924862,12.437920333455061,12.393872583508415
2008,9.90011416713949,7.308281107395446,9.104758530976973,10.031440435864251,11.926821885575244,11.089424193145193,9.207045386041278,11.336207009415102,8.828193303621998,9.093525399164267,10.58058863863114,10.046160865287884
2009,11.056740705301323,7.9366052154084965,9.051889869971962,9.436035177194922,11.523823921172314,10.81539457440396,10.560998846396073,11.52274369361565,9.201870718286216,8.888426416363076,10.936988767964841,11.164765640503083
2010,12.135284234953247,9.761744971159267,10.85679841199435,10.563577441031182,12.257480557080255,12.39480366445973,11.833834229524017,13.160770621648343,10.380208284871232,9.146902120995325,12.151221981968176,11.928364227478573
2011,10.919130858243829,8.99525353339952,9.912177427295482,10.624848388861675,12.655513665038653,12.468817502330499,10.498843290139934,12.754524850215576,9.247989446614774,8.848008407427235,10.53033100237974,11.419510127160459
2012,12.231035491103917,9.281859883907488,8.442327818583687,9.601232989415301,10.352240882208115,11.915280700192831,11.740568995090104,13.21896992164922,9.67752000314825,9.120255011723252,10.222704439437374,11.799028611051536
2013,10.73426570854574,8.958191034342669,9.24632002750748,9.860997846243087,12.447203781725525,12.29759975354997,11.602518503924294,13.990899205790422,9.389436604969541,9.226418072771402,9.789414714366433,11.75002666053713
2014,9.595818039103492,6.024697256052772,8.083969691014056,7.011817925064784,9.144987281040166,8.229586898234253,9.004228467370272,7.9224629722209805,7.911379839916256,7.986027967471892,10.518846255643917,8.365167385487158
2015,9.134426475726018,6.917871086681419,7.923545285229628,8.782600376368334,12.880115456165806,10.171592677047032,9.481690534515154,11.434878134265357,8.737934311540862,8.726789366305102,9.25642337507833,10.813032612872803
2016,10.392410767792846,7.741609084138541,8.100218973137283,8.893196194395545,11.311790751520775,10.235602743594768,9.725839006515976,10.613098669927238,8.991180743121163,8.956950139555042,10.090479458367533,10.470937697559897
2017,8.849860703597056,6.494188282195065,8.423396943621556,9.466859846179934,11.754250065255356,10.216231451902104,8.709577154461416,10.6816622029636,8.72052175420386,8.886850455251524,9.162215759502137,9.46427222901737
2018,11.947889524580685,9.695416706002703,10.566450230613047,10.246157598371726,11.452161256217504,12.603616344150286,12.312210695576248,14.000221657091316,10.256651618329371,8.876861883468873,11.326623982655423,12.054877753386723
2019,10.843075235442488,8.008336512585092,8.48883017081635,8.944748408899153,11.104409943111776,10.490868554670904,10.352090801353043,11.21317601715505,8.785551368151314,8.807537667121153,9.837698048548111,10.799322714132048
2020,11.633726246030022,8.724932474140472,8.698572039956396,9.265646439470963,10.981243593703606,11.227270433077681,11.646908242488811,12.880955362148189,10.69891098289983,8.762362552829275,10.568599566806334,11.543347391905879
2021,10.926966388943843,8.26877088074673,8.579802151824932,8.82641117609911,10.931319657310095,10.687136751849252,10.657288342638292,11.894581359724986,9.115655500601719,8.73384139435699,9.80834421647135,11.385668314509385
2022,9.617397988946834,7.516979096161825,8.176875055419373,9.279997546444372,11.849968939886313,10.649135526937336,9.484200446273748,11.935101545751504,8.91269439168153,8.515993224000002,9.768145338652257,10.849589747251663
2023,10.642384796314175,7.853331727588186,8.07789936453494,9.107860191083319,10.568350797433979,10.275006368566956,9.366482118552279,10.622675836498793,8.41004990886641,9.283355702948938,9.823257828442928,10.487655470576914
2024,11.348577066353316,9.504301966962904,10.237107787941262,9.642540689054321,11.408089512542762,12.419339751459463,11.252002789577544,13.016133982844426,9.664814616997035,9.229150811699451,11.676564332357643,12.381198870779453
2025,10.080614727049028,7.095996900633947,8.624556567174025,9.337060589680558,11.952617718530828,10.501983331468736,11.102079662980689,11.663728172131094,9.548315801256413,8.516300934360137,10.032477275191571,10.533319100577408
2026,11.786925997262664,8.91004000493146,9.81718383410166,9.432530456207276,11.093618828930712,11.366650992125578,11.832578793085851,12.743354611367494,10.085081295109955,8.913334609762035,10.825691856611897,12.224382605475506
2027,11.894914347811284,10.025286979638896,11.075285099375325,10.265176575094774,11.702151842311881,12.431233592826942,11.897346273342695,13.029823196229028,10.541970337742171,9.143269266871872,13.199908525284961,12.213514729771374
2028,11.951499076641856,8.955426785484567,8.128908448129717,8.329437409946152,10.670506848670367,10.429186201431188,12.175516202745989,12.26718563084983,9.307122283977849,8.550367777337799,9.943153335196163,12.22857308234041
2029,11.570947658361646,9.158602652715107,10.788388197037934,9.940463865309258,12.36265034119365,12.222351427287773,11.569066737292417,13.57917894077261,10.25535507879358,9.631237989261836,12.050694053429215,11.951410999316026
2030,12.37284614220081,9.535896551122324,10.463160478144774,9.337917084589986,11.201641420219298,11.668128184472112,12.019836381026277,13.540259039152938,10.5616654592095,9.502403670233635,12.150775439663018,12.860161612156968
2031,11.827180877357028,8.866552477196425,10.108209291071816,10.188401988683038,12.15538490156283,11.988180888056494,11.601883536079697,12.986245883441704,9.781481499529889,8.879986393164856,11.122747994234668,11.138120481913088
2032,11.06514518734612,7.743192443863017,8.368970736257346,9.51665152420826,10.591496298040855,10.319742426146309,10.413304160113128,11.603921298358625,9.485079664043125,8.291346963933506,10.489629836356855,9.71372304306582
2033,11.32225948054133,8.260207868033396,7.9606953544142005,8.8318398182011,10.441872504245481,10.133677541935375,10.424000367377005,11.458057730503738,8.986434434305181,8.799789319502372,9.874497176280641,11.259173284393396
2034,10.511648670552738,7.888550573555534,8.499559440054085,8.623362452843036,11.830026023448035,10.217462794093414,10.528778703173984,12.191801583209978,8.751791022124742,8.773330821046274,10.015474085699264,10.834403270511801
2035,10.20729256064995,7.913491144921554,7.8763339197437805,8.772606290261658,10.954560363280605,10.205575378231895,9.386856300647784,11.054663591217913,8.871087297332625,9.014285145567644,9.702677839634292,10.945393232884507
2036,10.762223687423287,8.053182464688586,7.931834302465621,8.820775585691136,11.592050893825478,10.300486347456628,9.478860681210975,11.290998815613964,8.77856466263248,9.33300655506136,9.6832434537173,11.111393313254755
2037,9.944364991841676,7.420329782237781,8.29018884876913,8.641574304465628,10.257568541862977,9.78914972732452,8.815198033619769,10.292642589731269,8.315561711752347,8.969622469996352,9.771352635848071,10.081976274965228
2038,11.487381266277225,9.059526228819287,8.201628768016093,8.73499517611827,11.270265055971253,10.7696227639264,11.77487466312187,12.973924396369767,9.255165314729176,8.905595623712736,9.720036577152891,11.943146406891646
2039,9.113998564195908,6.894776929833341,8.63081429143615,8.306933433429105,10.444176519515214,9.857348032123213,8.392267576578922,8.780647040990392,8.723557506441855,9.14276063430887,10.867645694244112,9.405412700054434
2040,10.561136636571188,8.05200384513525,8.053519392538664,8.520489042039927,10.565303549927554,10.611716219657003,10.323444513858488,11.928365537222561,9.177748717414932,8.67376853493333,9.717088327650554,11.353830548465524
2041,11.883950135505401,9.094780866141772,8.30519887561379,8.643886251756207,10.286709620193852,10.579605888875115,10.820889723402619,11.199569654883891,8.866947426787531,9.10599521371527,10.398762422544863,11.085773459474835
2042,12.008876658670218,9.297960953283848,8.62725379061742,9.41336812852012,10.716012552197538,12.027216903077745,10.741195880397349,13.215162308606436,8.824263596152186,8.700037232568295,9.971650504829796,11.852346813490728
2043,11.721862710852903,9.251820904692973,8.627986421283019,9.748735656790597,10.85313765362618,11.881384186837824,11.076755170616256,12.800752739187919,9.739764180757085,9.065690043158728,10.690696332749352,10.988472709813536
2044,11.89246587247034,8.765592254359209,8.577876722824673,8.256661920024026,11.031454711104075,10.321113882087458,11.764875084660115,11.748378241890354,9.81909593634403,8.509451154509229,10.4920233256068,12.526628994831913
2045,11.431770847213105,8.296892276635834,8.422822191597035,9.136167903457084,10.433961961332557,10.022554339555606,9.941336376842258,10.592350643069157,8.859746629130932,9.212606107242767,10.861812778701044,10.953841586680902
2046,12.081697674342331,9.80958070489388,11.46227873402724,10.734674534082105,13.110615305040021,13.07356896164269,12.840823087035174,14.17815130730618,9.828532864088103,9.546320418632245,11.76789080125266,12.026227609105316
2047,10.566862061705244,8.248214000613196,8.199233143159347,8.911312672878068,11.392495877711799,10.872046302474946,10.05092582650343,12.134205312690241,9.032349829617361,8.67804341685149,9.503486981165,11.053759279359667
2048,9.153096492462208,7.316566331671567,8.16426193539197,9.79145097395919,13.087803390246915,10.837466554314496,9.167789250781206,12.150979129373958,8.62309447831655,9.315671578464602,9.25126009584145,10.53480881300278
2049,11.773386814234268,8.900481549601944,7.902912093222188,8.268734598889301,9.96896822595413,9.827374809205299,10.6241640277702,11.716605430086336,9.16225628284971,9.252312207359012,10.247093580825354,11.65063092199874
2050,11.634771516438354,9.320677835215038,9.660346563245913,10.39086670780777,11.28764495745396,12.377725991146477,11.409358897931092,12.995907435148697,9.474839481190397,8.412649479188511,10.986601408998,11.24232332062919
2051,11.243301210659952,9.171318705365431,9.391234374657152,9.617496836197494,11.765236740086895,11.582086583237253,11.319623412422892,12.315294799755012,9.682430973185392,8.771937468794288,10.778100179663838,11.542159929831266
2052,11.937596774096122,9.260006841450606,8.347054304484509,9.624527603034641,10.187346022195362,11.401936352242949,10.608504189309974,13.331471146992198,9.417849469801666,9.125353439719298,10.108396851521144,10.191123882223003
2053,11.595786451907827,8.85796471856229,8.443134935362366,8.637310810618434,10.830827543968491,10.737911177725325,11.123733645067276,12.04158700665717,9.208975821352565,8.677231481269093,10.035070709771292,11.443761807662515
2054,11.526115828735998,9.699784711233896,9.732933458865912,10.07093011425572,10.88963845155913,12.581702910062262,11.720193814433461,13.701383997100818,9.75545252481178,8.612596898377763,11.402158151247578,11.886211538762813
2055,11.70943954243296,9.044247054449915,9.390984871557945,9.13232589816743,12.972540346795775,11.143458438650118,11.637160036622152,13.421012907147928,9.586066217702443,9.089235460094567,10.658547091077256,12.162124790371138
2056,11.175541779400298,9.373242970476458,10.576491865836992,9.705740866925979,11.968159133797432,12.067913790980212,10.928070511815955,12.942003446504224,9.547324857365867,9.904301341565006,12.118284345393096,12.358986997000219
2057,13.175434462000617,9.567809265770139,8.38960123918625,8.001715283339232,10.846202898242383,10.597000108638294,12.599545092348158,12.79781164826522,10.193371661648179,8.623230737918536,10.514184005238867,13.572852567264007
2058,11.642686033864472,8.126325546640384,8.339782049611133,8.979577763991022,10.167203061086914,9.953141580610376,9.938494640252266,10.674203647352446,8.891533793195684,9.619352524046509,11.070849434310468,11.256921251811987
2059,10.939955785787701,8.478845259205205,8.862274207905424,9.53946457490935,11.397841023051262,11.025204218179478,9.684777893737543,11.765087563026386,8.675495056297006,9.819162373463076,11.073944986234842,10.86719167845871
2060,11.340928086268887,9.19052891727144,9.305224150181765,9.244478391558806,10.702271950209582,12.199397067145428,11.522537864741706,13.748881466161102,9.294966949436871,8.830492628971722,10.017103556228383,11.346613229050922
2061,9.413133611593143,7.141028647420413,8.42131883414271,9.299380680902994,11.701694374800628,10.271328366466399,9.797584832113248,11.089839055822235,8.723246593421617,9.23275334878039,9.596315801954404,10.09417185145325
2062,10.318748555644108,7.698382016114646,9.501840499853193,9.720727096544937,11.736504569504085,10.912380469766063,10.223967173451895,10.994589291551005,9.235335060318572,9.139073007003642,10.572858737405692,10.67146998576542
2063,10.15972235812743,6.542796187671562,8.549712027034936,8.91347403301056,11.188281495627358,9.880014176189817,9.456825116780212,9.538930607702607,8.5864568627872,8.352703635776027,9.836234338826515,9.36313885077694
2064,11.184639124098318,8.05437490167487,9.072304628851313,9.163994384698634,10.917425543711639,10.153782165534016,10.894171515667031,10.814504978419958,8.910663234238985,8.89108064809109,10.527926731025024,10.622004235509216
2065,11.308590302870387,7.01932128336832,9.184424646965233,8.71030260197097,10.788930607488375,10.06634894613195,11.520769686311702,10.095505757018005,9.406060512903277,7.608026058518575,10.747185031093185,9.101574359640292
2066,9.025922181326258,6.883414561868279,8.533088272744607,9.603736688020188,11.732772773036952,10.497957917055693,8.754301033935954,10.764593302828747,8.978950513257272,9.04118384187866,9.166188274115514,9.562681506230295
2067,10.125216574407041,6.601306945369146,8.961584359158994,8.739818311630113,11.753505355773516,10.658824760033212,10.390806848995624,9.582196113089422,8.554310839213931,8.094687391168298,10.194184077955086,10.198491261190181
2068,8.874355648481512,6.436736949667474,7.940677468040557,9.15210018454439,11.654638357791885,10.029488730359462,8.82317676836735,10.468732972727658,8.48819661124757,8.551866903072302,9.115872931464743,9.841497826095654
2069,9.971258706077789,7.492645487024561,8.061244358199858,9.14307311076077,11.621147982445727,10.34501139588886,10.430870421986306,11.178367079553729,9.074926993502183,8.543259233632886,9.761852573455164,10.985123729044508
2070,11.188737199052762,8.61096870285273,8.780823071883272,8.741108107794656,11.812826042696248,10.803252394051786,11.931027223713873,12.86821026475668,10.074711947298571,8.757341712574547,10.044130408351977,12.74728752020169
2071,11.24909372579943,8.41642002655298,7.901063900861159,8.500705155952616,10.108930220173102,9.981103755554518,10.067520616296045,11.388137766346638,8.808014609413277,8.746945496417638,9.825633160687126,10.995752201370156
2072,12.03282838436595,8.793345743167952,8.047798643480593,8.49314247687767,10.43442597966251,10.9559567241183,11.421524934638057,12.390774449360062,9.61990461748631,8.255510128620557,9.509335538654879,12.236055903530714
2073,9.88719514285609,6.7218089666492915,8.042392312461017,8.139267683389246,10.122650075686998,9.250222473942575,9.219776780817368,9.59540531362997,8.390341824709427,8.134835312608985,9.475161445151986,9.362466940401003
2074,10.841440586555697,8.286167228205514,7.805229664090812,9.920013058493371,9.7697389500626,11.432955217756806,9.83033604253184,12.50328546401618,8.51865227508712,9.360606141685013,9.903816969720774,9.363880975852627
2075,9.555785199929343,7.407806737935802,7.902121133117917,8.381383499474916,11.209371588589029,9.894805099619905,9.501997827370648,10.560956018570257,8.44594301621441,8.525025613183622,9.290513406956983,10.266139213694444
2076,8.81499630614854,6.332764250619896,8.041647389657712,8.515266914887214,10.983551706212566,9.523666678891548,8.503318115422251,9.910301532213541,8.778155812538433,8.607710156501936,9.195409863864995,9.414479725711363
2077,10.231338565122932,7.658606091524476,8.304451360257545,8.49733756130049,12.425563184152642,10.592615208033216,9.983622073504808,12.331252717652243,9.281245142191509,8.783511678330246,9.451085341209257,12.234706094488214
2078,12.106195440738677,9.011571694859096,8.044995023928731,7.947363069173155,10.0735314525411,10.20131269308114,11.837692894947601,12.33934165409423,9.477505000629682,8.286807627796737,9.641620790065145,12.766542249125386
2079,11.41523176218588,9.355692489763559,10.068843363207112,10.609189974250999,12.30436382357253,11.972893305112976,11.671895614082583,12.311381442482634,9.697018742444824,8.781819268193683,10.505514331724937,11.67031648379904
2080,11.141342232929123,8.584216476299915,8.183723292278064,8.450950762455179,10.787880587430568,10.014937250581216,10.293234116183072,10.867075037991679,8.84218994798066,9.077735503217548,10.31012952128686,11.156845278156428
2081,12.319678278003568,9.511223610665573,10.146519059318608,9.657349635878106,11.26034001993168,11.780957001321717,11.799577302321723,12.883544507317755,10.33353569225536,9.160140026878022,11.545455929600907,12.426530872498542
2082,12.089765865694549,9.021665465418039,8.434617630814458,9.147986688977761,10.807282187110479,11.489937057662756,11.715313849049863,12.812543040088933,9.869908382044088,8.580417612741435,9.921340720391834,12.902845672112285
2083,12.139168473597453,9.20967100126029,8.169450849525322,8.398202429979818,10.64072304049407,10.573578958711614,11.182949446211857,12.293080971566944,9.510608169184575,8.556648637791916,9.97195794475477,12.114823626675742
2084,12.346943351808813,8.898604585629084,8.059297906587721,7.91103472549005,10.244133205255594,10.138962974234945,11.072186282838704,11.571946188586518,9.34289933295078,8.196652236159606,9.78771126454288,12.374926364023704
2085,10.110829325093704,8.09793493017292,7.845525887027568,8.651957938267936,10.858773265085157,10.027581369573987,10.629655512482435,11.698120700372272,9.213725637149164,8.497759355362284,9.310444306091648,12.109142402169423
2086,11.774313098822141,9.228057668954376,8.521034980584592,10.03314844226444,10.189340598894953,11.20283873172511,10.46504645970407,12.55419670546786,9.070825682010897,9.916624979845945,10.869803910032621,10.583685904296349
2087,9.265743184967585,6.413125335385151,7.970827559454565,8.865595786039188,10.994096741490747,9.654703097326653,9.410347564919052,10.239823658178796,9.081341376400967,8.793828013871794,9.637237341264942,9.646999641751925
2088,10.32746264471021,7.637824431012742,8.286910451339462,8.939238024371397,11.179251529291808,10.131334972105348,10.275250938171604,10.648911044833891,9.322076151081111,9.007961601847974,9.801117520271987,10.293165116525934
2089,13.158560571468133,9.696443001833,8.32311926644308,7.447404259345413,10.698449232210463,10.622493721144782,13.169606062641172,12.581637903094723,10.086146099656393,8.464419198222213,9.950490207550832,13.99014163256166
2090,11.788286420304916,10.016391907025046,10.400106377668399,10.296753239960392,11.343680389380644,12.70044398762976,12.535216384255431,13.80785064346911,10.401017346130477,8.682345013667872,12.115166629814814,12.466307516222134
2091,10.549101243635704,8.052559656117687,7.974764656269727,8.987526469042079,10.734189647188202,10.30425017931575,9.484141347273576,11.076748967723347,8.652241781795356,8.755762118688523,9.709651423010246,10.48539672226615
2092,9.090439620764295,6.5874485970914245,7.8344284215336675,9.28383828836267,11.378428579363423,9.941903561441874,8.593901314084125,10.566809487654119,8.533912397230967,9.162547972057942,9.306735053056528,9.82406271711451
2093,8.956597290668629,6.556245282253512,7.78148097265488,8.984800141144325,11.491725367919729,9.750667876771747,8.563192139515404,10.221453678243162,8.34152959354023,8.666048959204614,9.34439257973936,9.831425084967151
2094,12.169143812027844,9.072293018787693,8.096402243217858,7.984475326638165,12.223266131695656,10.514047979273409,12.236646827161778,12.143735508686463,9.604687088128761,8.130703017701672,9.499118238719687,12.753875825836396
2095,10.165703106747586,7.660203631250345,7.992695913424306,8.06541842829277,11.177561315364665,9.812983708061672,10.219032470497124,10.395161851301303,8.63631188486728,8.263988049670953,9.495200278829687,10.842260949067356
2096,11.091620243367455,8.721186361622953,9.004352864428416,10.117418220043271,10.715913329671595,11.468360917310715,9.791857458444632,10.662663369267317,9.5352527541812,9.849736765755956,10.684034817284061,10.399055286181632
2097,12.085030150683634,8.984661891559357,7.915226871850644,8.074096960576487,9.661123461768156,9.79153224213739,10.912528045347504,11.374324285224967,9.090579420249291,8.796947618271199,9.96598542400352,11.86040717220838
2098,12.130087175550653,8.806454608965817,7.908174402994628,7.482031767368443,10.244620973068042,10.24099560214405,11.930113764125128,12.360064682193068,9.4281860250303,8.172463940733607,9.426642341287122,12.230442823266362
2099,12.155648622482389,9.610880559719927,8.971629544327023,8.390200986363734,11.397799141617384,11.658828840416968,12.704473113657876,13.696844822606073,9.667948086061918,8.777129922088434,10.030701422578723,13.004923231767979
2100,12.269791282439666,10.340373503192495,10.520983992340458,11.013272243880692,12.67406638828955,12.931636845816023,12.696049093174416,13.21629828651396,10.246972353193229,8.45287259353706,11.51984424898004,11.617931392321738
2101,11.471888902428411,8.72192709413632,7.976955333351993,9.087132968479285,10.495952038019052,11.017535638026178,10.752123081591634,12.445087448670266,9.26430827378653,8.624396503915149,9.709734327637026,10.978499929198293
2102,12.072966997999018,10.202233839627072,10.136493713290768,11.004326046967464,12.368555108903953,12.722685548906332,12.684866827290211,12.73224448319569,9.829481406387892,8.413615124380826,10.971649815831437,11.853228471502756
2103,10.06631493500617,8.374699706623723,8.899266198187231,10.544959877318389,12.512512291353794,10.908610673753342,9.971279647789444,12.080488658945933,9.269915202113644,9.312672398290548,9.897545250481652,10.529326820107986
2104,12.095492886425287,9.767964461896291,10.979496523978428,10.67254244435003,11.04213390724098,12.119097912435745,11.823592056786577,14.144030549880434,10.557311239759382,9.608317235498191,11.790016375095044,12.235767885718964
2105,12.154887564463966,8.910753610051495,8.318949052798562,8.416511867485173,10.76141912771272,10.536938037176727,10.420047521657981,11.564232494571907,9.240658539078998,8.819788794670501,9.850985031338451,11.638114440693643
2106,12.588654672647586,9.382448380349725,8.061336826564766,8.178883615053149,10.322202107190638,10.561447336692058,11.89930702325645,12.668137114568001,9.68462633864986,8.671759955698905,9.777337865095287,12.406701449015971
2107,11.494033648513927,8.79549204606829,8.08634380472607,8.93861586089971,10.731018279565435,10.759082473622708,10.462339490623057,11.91674605636134,9.14897133572384,9.15307985368592,9.939562773998247,11.301355336101523
2108,10.578682944996801,7.94964505497318,8.692327840812002,9.507893119321912,11.575444957438721,11.16465765732977,10.971633746498416,12.30344636961875,9.338852854978125,8.830062667764071,9.998020786223957,11.072278932764881
2109,10.583048124462268,8.381292694009499,8.00543736468765,8.614608075653457,12.773681921768446,10.318834566418431,10.45444413630592,11.250984713854542,8.729499446042997,8.658465862829434,9.609550947454844,11.813338215290182
2110,10.024494665102754,7.463972704445997,7.883570066753071,8.572365548262544,11.193963165880621,9.593862702777574,9.883632129032264,11.14261136000782,8.885921798053683,8.555195010272579,9.569917313990068,11.088578951118274
2111,9.897978467445466,7.359027934583694,8.07142484304614,8.567159860883898,14.822815789535518,10.319259079374524,10.327758456559241,12.306435594908137,9.14682100642747,9.080909836894998,9.453745526328635,11.629450748455856
2112,8.917811728084175,6.280761978310408,8.211089395302483,7.858447511674101,10.061986521971846,8.884772609765513,8.555540274475419,8.144134391329507,7.954287008805013,7.636159320594164,9.765526305708892,8.222234363926535
2113,11.530272236830902,8.970929838867427,8.223953087199973,8.597418672488473,10.174156394268568,10.19196541185923,10.642129633892566,11.438878652804846,9.204670985028779,8.836640270289378,10.120754636089732,11.657006089915335
2114,9.386099563538092,6.705913682591392,7.856299489118009,9.183407395769459,11.026260954277564,9.600288449003873,8.80445902770154,9.964682599579124,8.57285834318738,9.11081059351906,9.513269514668195,9.495293254255042
2115,11.459671218845441,8.926622800184898,8.006852488678359,8.988846531551026,10.265024386633371,10.97294812339057,10.563462148619116,12.232150030182488,9.129419583787303,8.668577227874836,9.779463176568377,11.363651514923184
2116,11.499468200345042,9.05251578248868,8.141158452925392,9.909093873596024,9.928217183989048,11.557544564139103,10.742897289233944,13.18600851933138,9.209833600090946,9.166464090274285,10.253663826981207,10.539632411192938
2117,11.79256129089142,9.740293226107216,9.536855295208941,10.116989982230653,11.362380060365805,12.47718937298885,12.12178486853885,13.116756358822602,9.688806690261456,8.423447320170865,11.017634460785118,11.881502573898452
2118,9.70964408550606,6.759310191671204,7.899502543610531,8.773538416182948,10.798409892230222,9.751148607901289,8.85638793872413,10.05731848352932,8.614243686074358,8.616404607050832,9.538834325292001,9.971866720734802
2119,11.223522923021171,8.834297942948327,8.363192450121522,9.763063965290344,10.247870858122214,11.377137576232652,10.605654389487505,12.797319519583434,9.115135348946477,9.391385172678124,10.40386258677638,10.96698280439891
2120,12.05985701184607,9.81293605257341,9.72558348157941,9.627275935613799,11.114820258200709,11.5821038056018,11.432621690618767,13.39906032040238,10.399098408675396,9.091821553088181,11.390719757560262,11.934908601195968
2121,11.6488439247121,8.69987140645107,8.091759727160959,8.28990028493908,10.385021599897343,9.809210549532127,10.725773620121062,10.92334866181405,8.782531053145242,9.10897307053457,10.570041408373406,11.17113283599133
2122,11.98985215687945,9.95202965759867,10.271330558122417,9.980295702024994,11.302042485515804,11.620258521518958,11.385773613085995,13.132276216938568,10.58234117584659,9.394434618098504,12.07473823008755,11.854174897835222
2123,11.805135748876122,10.003688698348498,9.932785960854464,10.767511603864829,12.102547048017641,12.588312183305177,11.838899756623569,13.020848655569777,9.698623351735321,8.542473604141893,11.658781799519947,10.89714562848583
2124,10.895775099907837,7.970735245120565,9.358873759144444,9.96933481509515,11.995110948688911,10.868169750764833,10.588118606687608,11.71264185048491,9.01655512435776,8.639672379790035,10.029969249675066,10.475795704853107
2125,11.564141531614876,8.420666433646065,9.263490579614373,9.28320675674353,11.546343108499183,10.825675234483654,11.363929590986192,12.202020179331733,9.57949791911592,8.464211528723016,10.485946993032965,11.674635522616647
2126,11.237208264003623,8.097836979204807,7.747997658201901,7.807337602245754,9.212676525125204,8.905662207453034,8.97078079849944,9.316842405315438,8.120084643757886,10.267946128360972,11.262168100979899,10.224601289243012
2127,10.752644829652297,7.754719404006996,9.592155434686134,9.544410674415378,11.318788817013159,10.965390292961354,9.733423920178257,10.30056541486198,9.350678906186975,9.494413169207526,10.801334719528171,10.594381713245916
2128,8.385749256496013,6.388607658402385,7.638187351595351,9.192042056453449,12.898537444243278,10.294335651056848,7.8741453636771785,11.143677249470965,8.381251298713424,8.718120443577122,8.901649566023925,10.467930268628722
2129,8.704529859063943,6.6496992621226685,7.9640158495571445,9.120445223523333,11.471870266891226,9.990242599968855,8.636001094729922,11.06292515093806,8.737385002523686,9.032434243654365,9.143981228122422,10.050881033876529
2130,8.942599504211497,6.267947874332066,8.39322694713949,8.744479456523573,11.89680638269559,9.747351664223793,8.276791544074172,9.192362824850989,8.527529978125578,8.06069876721329,8.962861996953938,9.191050797669952
2131,9.491522696515398,6.920383054613988,8.533279812072289,8.836855977360063,12.433581165848768,10.597927466003863,10.593369665914953,12.29866665451591,9.0798017636079,8.857180183758754,9.54478576987066,10.996097468341011
2132,10.065298786505593,8.049769860717323,8.000910794291833,8.734264122793872,13.084488528571956,10.652546661446683,10.414939600058688,12.353127988595642,9.130871677098323,8.726066459248077,9.378328890152936,11.526960766280252
2133,11.369433063241837,8.922756717806497,8.492537782194924,8.407060031033414,13.374894141940612,10.881306732749536,11.840296730258995,12.963501017189564,9.241919291588088,8.94291742962082,9.664579192597419,12.67088676932222
2134,9.499441384242196,7.645391731075762,8.352702531205603,10.272014784155058,12.312118205517844,10.837640104321913,9.733652825308734,12.470603480212144,9.00045988264845,9.189969034324955,9.757054963007398,10.639928492332118
2135,9.146651714692867,7.162707185258373,7.900084286454002,9.13230693396521,11.718147033161383,10.191206907867642,9.401463906493813,11.029275005823667,8.822046354064456,8.783251681585083,9.159125778748903,10.53314161681061
2136,12.445285424254571,8.99650798940804,8.97672263014611,8.556011548562264,11.269424023008948,10.89005265999145,12.57376203215091,12.24315828205637,10.342776750770852,8.375220425035092,10.320963466843306,13.348788472210622
2137,11.484532305496444,8.004239623949873,8.999278380344741,9.324155085417416,10.744496031191805,10.104912785219453,10.113154161264202,10.514125511186315,8.257658894471817,9.77703765474269,11.396588239081257,10.495935258886457
2138,10.811201295867395,8.437824975669624,8.998092837471521,9.90564468129634,11.595416587625193,11.137538250388797,10.682321815212957,12.28328988950484,9.375266940553983,8.96576375453268,10.216227155430124,11.194820470578133
2139,10.41675651976888,7.022934615214341,7.981547227059515,8.29553803067309,9.727472207078666,8.860645133129834,9.035854785714633,9.497579461235103,8.03572107032856,8.854962508237085,10.31143854110141,9.535152155304585
2140,11.608769718916019,9.01278670156833,8.025226000395975,8.277275902737504,10.852767264241365,10.033452284530076,11.023169262365727,11.80701017171475,9.0317724118933,8.87276159558913,10.058899757677743,11.482036828260625
2141,9.241127458306746,6.379658348761614,8.10737860433361,9.042440065996669,11.439458464230647,9.849888258754053,8.832620784642696,9.849019798934103,8.360630426230323,8.30611770376533,9.535449950889051,9.425112414637477
2142,9.369770500665727,6.82057539169284,8.09266758660973,9.27314096648948,11.629719804299889,10.348245496453348,9.038217794867377,10.432437039022417,8.741834426308714,8.623630793466518,9.59682942893515,9.991290807602262
2143,11.065070938348423,7.790028349109463,8.203786313160348,8.971286200762957,11.130509870161497,10.094933609483395,9.687502875780654,10.776931525602265,9.020543353765527,8.695161419672463,10.148309584543588,10.778499532903076
2144,12.103116859517097,8.921155454121642,8.478220298842533,8.511776548407681,10.877978632121245,10.66079734233142,11.479269422134374,12.00162467481153,9.477346685748277,8.868479233422507,10.496547560051546,12.01410042401617
2145,8.743967075966783,6.410023386367035,7.900994003900191,9.344476295044146,11.844347333355035,9.863310142227316,8.371026808917112,10.31051831250834,8.5547252541962,9.030118325809434,9.336574800817285,9.498999939397498
2146,12.678909645337125,9.48568288991898,8.30137156349728,8.013203641969845,10.41748430830221,10.187962640732174,11.481648843720153,11.843486776353057,9.555722401397997,8.742121506538172,10.625187918350507,12.729172559277899
2147,11.229383749420542,8.46006579495014,7.976604367212728,8.635637212288753,10.078689021357937,9.654099488454824,10.173059154675688,11.41230928144143,8.669169508760461,8.952210211892824,9.947143605642795,10.317829277463517
2148,11.928593431607297,8.867190216782326,8.121596140606812,8.568610494333525,10.263339766493814,11.054072361833999,11.879665612762839,12.361875309776439,10.457367062714114,8.159843267675319,9.381193959777837,12.309160906045669
2149,10.689858093630402,8.081685800698393,7.877887542690514,8.224011559251313,10.336235531239105,10.199150603136726,10.33936493782777,11.517862573857897,9.179394300050365,8.125277728178048,9.17948443518589,11.09746563084413
2150,10.836096416596034,8.239509239861958,7.948777834260337,8.208550516087593,11.124285519465626,10.240230053990203,10.721073827797806,11.827948919973228,9.097601222723446,8.685575381144861,9.467607547228846,11.355138628473105
2151,10.431017523524357,7.6154503937616305,7.920178005800057,8.284071058384223,11.53073173354726,10.067349839204343,10.050845602301015,11.891396655342906,9.231153056381666,8.731146778460007,9.200819028746027,10.653492683904961
2152,11.37106687417438,8.411816324639789,8.458273393675853,8.309070088692536,10.765635039242062,10.382873017216195,11.501871266021103,12.288560942737563,9.290567485320597,8.78892591274412,10.18170872296675,11.652040795949858
2153,10.989638839564744,8.39795328440324,8.657791941070576,8.893071397182117,10.136439499353717,10.318123904528559,11.345688134077955,12.095594129988541,9.09363147054607,8.931704334215024,10.145537700174092,10.740007017940044
2154,9.469132552541513,6.698217121683209,8.129405822470302,8.33264762109117,10.000392602904757,9.11966706623117,8.644357597854661,8.469538100283632,8.544963967085831,8.944137392750203,10.321667171115019,9.322060496541983
2155,9.603003450084259,7.200744968443509,7.804950425949734,8.958440885916378,11.068897479782613,10.270295200813543,9.003493692067568,10.798035574513094,8.576241386920465,8.780684507661357,9.324664551693438,10.587869507803669
2156,9.229958974557453,6.988777019597042,7.776642688991511,9.098828410952406,11.176317691509379,9.964502064126695,8.682170362609794,10.641834729346982,8.465181472921959,8.581145038575952,9.213575760195125,10.118345420322692
2157,9.261194376771881,7.108826656120343,8.17126073824045,9.591176216607273,12.649541175091619,10.413691364781414,8.98248878830025,12.058578091809617,8.583686722761499,9.055661834541862,9.349838220300141,10.592805448876623
2158,10.506423259889928,8.115791221790865,8.05089190716754,8.756710775988797,10.652059579295393,10.408150296366884,9.578229389918064,11.060685972737598,8.848240427829458,8.707777624681963,9.500392484585834,10.79208669966139
2159,11.350558337480422,8.970534616957806,8.85186806291031,9.585842781584763,10.880024874978513,11.307529398606803,11.087862168570098,12.14758136064564,9.243204986893584,8.620586008775588,10.359452037308591,11.492784081505926
2160,9.653013691240368,6.29646204764197,8.386767216681768,8.445064610498378,10.822258708379948,9.150338707272917,8.977093209503316,9.17962369116519,8.45573252197645,7.673380936818298,9.655991318976321,8.910672751581648
2161,10.05920991284354,6.82073992229184,8.194490281050298,7.661326572523636,9.435684806948583,8.786707894856049,9.025706990386137,8.555437509097642,8.202172579274128,8.195809864455589,10.254209846620974,8.759756746312641
2162,11.773540515238256,8.478788120330107,7.809491005857454,7.462806349702035,9.584252431048101,9.864900688929335,11.70754369298916,12.441804216546721,9.620400680243055,8.130691685295146,8.998350708707742,12.349147405544976
2163,11.506626560432455,8.65962847967448,8.058609605608634,7.603882466377845,9.922932740324196,10.187996747178925,12.350165806768668,12.652966712165824,9.858170316610867,7.834338872354945,9.113462814763103,12.572845459850814
2164,11.054357647718414,8.376388122179103,7.988838511200051,8.378172567156167,10.156452889523507,9.921613312959703,10.109278432863936,10.809560872760192,8.584160345815832,8.945025843390352,9.682733540124202,10.71999551732743
2165,11.754170076420387,8.817268353379426,8.245199775150247,8.5853672100172,11.56523391411639,10.951320589790036,11.013106797805456,12.299374999138045,9.262427459087188,8.60749705439431,9.656026158264687,11.265912731356309
2166,13.256669807751024,9.732123319329208,9.514890663443381,9.409736641723814,10.693139347117532,12.642727230109449,13.529863419952814,14.497674666080826,10.655212739070738,8.760542146179983,10.298950569707394,12.55510143721245
2167,11.122592181577685,7.307851903717249,7.879793270789374,8.056057909856742,11.598631338666443,9.820763411241062,11.441085134287473,12.36375313158998,9.35970043017792,7.838788867717345,9.118840425544589,11.587117129799623
2168,12.371585478885926,8.940063833750429,8.063719097621618,7.897217202995609,9.736739941803975,10.470204617880256,11.856221026963777,13.007225078921971,9.486601624013009,8.151502497878518,9.346461295736013,12.495862427156588
2169,11.341773492603691,8.396127605474634,7.950050830415226,7.830097738162259,10.463380207741134,10.023027304724653,11.679503525233077,12.379042536881215,9.645112005948981,8.236114054655125,8.92301408025107,12.15803609807788
2170,10.77725936401927,7.957001989719851,7.950233757955218,7.719283770092117,10.466709794608118,10.420178127854262,10.9788572978971,12.66201525692977,9.559290739533672,8.07946328162997,8.919621628654602,11.393407480430398
2171,11.471128306906145,8.277791280974974,8.093210902181248,8.07243638300665,10.282754879665493,9.898486169764608,10.543810734936216,11.010842587659734,9.06233196617378,8.502730647352301,9.91422351742587,11.404733318943826
2172,11.532621483952845,8.74632507572278,8.039515706921923,8.844012458222766,10.033383439420641,10.94139369161849,10.968448697546709,12.763592599143767,9.330251744602972,8.58061392789312,9.465531195806873,10.966014541536978
2173,10.028187605453832,6.726279078199824,8.563624782089844,8.6625876986717,10.72267909821868,9.598575185113308,8.739494957655934,9.722558873469564,8.364608764827569,8.189659938126551,9.768321793387404,9.850148337553573
2174,12.016084908989491,9.168281891600184,8.725783338177077,8.99962884176471,11.695421887751607,10.979879356426633,11.223965434347628,12.120343181654835,9.382319928481056,8.628241578212583,10.301436852794403,11.527334851954562
2175,11.744961258894548,8.316437626187676,8.558896379883212,9.390331872608026,10.188200907785419,10.757744407778022,10.518798665989884,11.167544279211683,9.45770247893631,9.94081821327891,10.857100895624193,10.387136721755374
2176,10.660591616889313,8.067288597848647,7.9186318058349325,7.674628158220242,10.751915030791764,9.8110865653912,10.898581366026054,11.16317098438471,8.757999933617352,8.421732823552707,9.524206744950561,11.337917063372092
2177,11.267442175694972,8.458178912218255,7.903434810099739,7.745705740065365,12.416106604909974,9.89804167440691,10.759775712055784,11.922930455376987,9.429069114858457,8.648333238039772,9.746768518185755,11.715053344366591
2178,12.211785174583607,8.672744196675412,7.837529361665848,7.748621624160225,11.443151551333905,10.292316099748643,10.846660054219,12.524083889643592,9.66721265982649,8.557996350232255,9.543122651480468,11.831814455462455
2179,12.026446517119192,8.660659125701196,7.77641127833603,7.931045416336611,10.962002514781535,9.920481021181768,11.116394632111454,12.05429135913263,9.261264263678246,8.765544745038827,9.644857388898892,11.877836190344025
2180,10.309705393371674,7.465575588964024,8.080300921170107,8.320765006433604,10.28361506556826,9.60985012306146,10.128616701653645,10.761123496286874,9.048462687221793,8.744351362181314,9.864199582950341,10.030363650514989
2181,12.947784500637258,9.588343593702305,8.112136432847585,7.397442291638257,10.464731918644222,10.48829288977309,13.044688413621355,12.86797429260417,9.60033788344404,8.43405820715546,9.439423215725302,13.341625627871547
2182,11.7543123604455,8.658104657493181,8.041855789595523,8.317783654404522,9.982890913775774,10.939719999225888,11.185018494201358,13.071475099928435,9.206651179598829,8.14481080524466,9.061029735569239,10.701537896400222
2183,9.532661141189879,7.607648919669958,8.256740475596978,9.31681263258126,11.817916409812124,10.325594650830027,9.65061876085041,12.114110664148676,9.045237761906549,9.159212179833396,9.063906236285238,10.457968086627396
2184,10.218641115546824,7.366981157544238,8.126339626247205,8.524190689145826,10.829939571120054,9.707922950890254,10.206853828442096,10.619083257360403,9.189186158306104,8.365503010356662,9.609110287096284,10.488442563434166
2185,10.755314625246132,7.6102652850829555,8.076745845592699,7.90874806282774,9.577874319840687,9.002721665569126,9.651431283926023,9.43009900990241,8.28771783783558,9.293456733592535,10.453778600255495,9.690928063056113
2186,11.057156539099385,8.137544301685015,8.130316640530433,8.176040219156722,10.867660618673462,10.094309073830756,11.434768729106302,12.12872271566382,9.482664450411935,8.061835528340753,9.526605679952898,12.366209737731477
2187,9.037266673569132,7.497849305333122,8.211348833906648,9.24826147900714,11.600583550826169,10.125090246865495,9.508581754039435,12.040973132746288,9.149819974412967,9.112693330112975,9.068105817975095,11.228543672811167
2188,11.066122922965246,7.871952978624144,8.285402383458962,8.628446527417694,10.685047786492092,10.231043889661372,10.521525428604189,12.606478453436003,9.512530780972256,8.551261502053592,9.200161223239622,11.590565167997728
2189,12.544020977426545,9.88792826350344,7.6298915707686366,7.6930316631746045,10.411511249700606,10.361639243157267,13.189260863523806,13.131413477396094,10.549860130720921,8.018473565580319,9.843136236908375,14.139547472322015
2190,12.667076288667898,9.816792070039703,8.426916407283352,7.324357663589841,10.497927159387146,10.364942335429362,13.679489373422978,13.057935807718,10.559182641217545,7.89453306350476,9.854861962551574,14.776295376612806
2191,13.338655151609867,10.171699655967537,8.451766123126983,7.545792082787385,10.229074321114073,10.409361857813723,13.465415526981687,13.416557826070292,10.431397230112914,7.963510285051513,10.07064678631431,14.135483295345328
2192,12.43007168287048,10.292843604311315,8.454744567288063,8.632136552127161,10.385701566436982,11.396766552603712,12.95336646631942,13.911892266576267,10.574984818091828,8.328922542203378,9.729979370652584,13.824213394893729
2193,12.94320434166609,9.938491074666572,8.245863080280525,8.26202774254156,9.927232551354228,11.58927927647752,12.486185857361747,14.306874281704113,10.043706116943806,8.158775892901522,9.582185651389684,12.478699454107165
2194,12.694095842594958,9.688264047073503,8.507623422042391,7.536988513479846,10.702775673164718,10.527555826229728,13.897041379464618,13.473091549978548,10.504325367363512,8.212893070685471,9.912540697652794,14.898973507631819
2195,10.866076646003922,8.123418994969844,8.409909957374843,9.086414379843294,10.898035111671287,10.099476356063175,10.967358864988354,11.452441021623518,8.839593101500629,9.25210449287233,10.130965930300393,10.994681637826815
2196,13.292245825617393,10.484401737408543,8.766101467412755,7.59145045944255,10.77703856456069,10.69322480192869,14.305343798449332,13.744814263447335,10.79691238556545,8.0382158367258,9.700575739647473,15.586904427678974
2197,11.63725484719481,9.422093235745411,8.479840698979697,8.4588281157772,10.903840104730975,10.742894796816062,12.34325684661141,12.627757679081611,9.786985284679217,8.519143600424737,9.802397212370892,12.816924737317937
2198,9.397601558556481,7.471400310342459,8.29873101245308,9.673163306994695,11.822537554706397,10.62513754188235,9.214924083423048,11.98029704199712,8.963846203816853,9.447687438679987,9.412928111004462,10.557742264903062
2199,11.491997559416228,8.778048946943775,7.897493970931022,8.512398327514074,9.412472254431345,9.818523583451269,9.971119421210544,10.878394580334383,8.515566302522046,9.667653904296117,10.597521741223154,10.402939126700662
2200,10.181169948308298,6.991526383891923,8.25608883379094,9.084189490700531,11.174151479422246,9.851190543644881,8.802230502206001,11.16410927418714,8.920224253284148,8.891324889568173,9.695664622700544,10.014737962781773
2201,10.203635381903323,7.475178211450437,8.116096326105165,8.233559955662301,12.63460784516533,10.295863175273041,10.326373745140275,11.538573508790176,9.182462708513714,8.370914219530361,9.540142959689817,10.8281492937877
2202,12.273247479814872,9.962117321506447,9.912965746355605,10.589360284356003,11.399998137558295,12.778198382943156,12.228057548716993,13.459745562581883,9.748687924643084,8.568214494840202,11.332398673875169,11.630005489046592
2203,12.407187081104091,10.378674618463101,10.003816883954421,10.093335703776896,11.441428984507098,12.664593316046746,12.522041923175024,13.095075188556999,9.692068542008991,8.2152979002083,11.316264959015525,11.900865912400171
2204,11.599706208987936,8.585390180228888,7.974458998885935,8.63232572142748,9.921567115664624,10.37550768886045,10.345558572573498,12.075927377887117,9.08442474115628,8.775402609298844,9.77267086341749,10.6936326225761
2205,11.075328286984728,8.130377257647517,7.375836255310257,7.523947425340395,9.079086708204795,8.64948277940155,9.156004495492603,10.083326479356565,7.083782802874705,9.467809812053186,10.091993425710571,10.30360398576427
2206,11.675259961120414,8.456655353240327,8.15122357725975,7.822042138176087,11.90510374656446,10.40026505297014,11.640839943683753,12.842987432221735,9.347739358042418,8.512156625199166,9.446190100406433,12.445166683117034
2207,11.721237437469313,8.580372676959916,8.165523024985495,8.49156151457676,9.947370290490488,10.593076371577594,11.673711711530665,12.826722599238016,9.564410857889218,8.389269364069357,9.225981070600918,10.460421788488498
2208,12.12969475987359,9.751335486884315,9.46976921329288,9.357108946138283,11.28211528831348,12.20234705645656,13.670596144376612,13.614674376215081,10.375789677949024,8.524700939402315,10.381218622257668,12.971439323579851
2209,11.959338079533609,9.66024987736847,9.19416459925619,9.053101305814803,12.129966608953872,11.054050346178604,12.011207609391315,12.688784183017694,9.593011724341867,8.490399988407646,10.392327551184273,11.318336656941764
2210,11.317719778131321,8.491798817866192,8.64175117215266,10.397068855712707,11.097827520423039,11.351992913741332,11.040930277190565,13.461930570291042,9.498702315581792,8.59171971365601,10.420199045684635,9.631615574094898
2211,11.361929101287139,8.737633884914406,7.407798082370022,7.479850044206589,9.081842531031405,9.260338430704818,9.970689160411508,10.852825413097307,8.53579308797446,9.414174470734011,10.144728560813814,10.70796406000639
2212,11.741474594214747,8.381902630025163,7.912562505632381,7.879417695280075,9.446533511325953,9.429351538570765,10.23156723311585,10.096900750700595,8.32562846112393,9.184627887744586,9.497786573717928,10.66383168844791
2213,12.06159966780816,8.781023282583492,7.895137800071313,7.7563228139999865,9.410345373069855,10.138865443996377,12.32294966379073,12.063131950253847,9.046477552349845,8.290030757437194,9.373699816806484,11.760937838871833
2214,9.075590898754612,7.05540920211063,7.7269494295723415,8.841406482624205,11.821855313790802,9.917570364316521,8.553052362502182,11.280444512769943,8.698271561080809,9.022386905956154,9.045224491530046,10.350907279019415
2215,9.662355813092853,7.098040139377126,8.131322782777849,9.253124911819116,11.18294679481675,10.200752660037137,8.575233595234877,11.287470716303112,8.761163828010329,9.192406657878536,9.185968578759413,10.594468422424328
2216,10.817301161884668,8.331913128670008,7.9833462246058655,7.753390061295905,11.11853049538854,10.032877135038493,10.712233165104475,11.152763665841029,8.817028744055845,8.472642933599644,9.589606151181826,11.267915175552897
2217,10.544826299257451,8.128708061127,8.157122767850389,8.829792187463717,11.19363859048352,10.106152260843391,10.71628723012973,12.180259814610565,9.056910914714738,9.088972219748834,9.876148826257019,10.604835217758756
2218,11.32745461646598,8.390618405601614,7.770446726741223,8.053150297512229,9.584878956833775,9.637508045879173,9.998453148429004,11.479647290089247,8.876451441993826,9.341584845178028,10.113689389699427,10.34041908146825
2219,12.219564479299713,8.992625210892701,8.135128759332577,8.121040734701255,9.899418865241426,10.947707277882426,11.786345778250347,13.223437106853186,9.385891762186477,8.183161162526044,9.063304354109812,11.463483464003872
2220,12.195353112847254,9.092446971635056,8.129679923561998,7.77552011596648,14.198543346616546,10.925245527305112,11.733948520563025,12.90905971708769,9.764332165959463,8.298886252355956,9.584908224229856,12.3454040302136
2221,8.450429526004639,6.845870538573715,8.040665400628704,9.349307455527383,11.077114014842149,10.01446587643835,8.824818099428908,11.253220167516297,8.946903823982531,9.062295468006656,9.205835215070879,9.925028153670253
2222,12.65652352785221,10.135563982024294,8.750908439338517,8.714195358199348,10.811868943227491,11.704719658601919,13.713505901222199,14.298639389645427,10.503070026791871,8.486784462565023,9.906853265400297,14.23559359914088
2223,14.112816121422075,10.637497186042228,8.76449836018079,6.934098419872642,10.890144505578983,10.571811694414615,14.77307607126329,14.108936262290838,11.060337408225163,7.858769596423276,9.739949387290286,16.415668581956236
2224,13.4096480388149,10.094358774085634,8.822611525301506,8.834763476233515,10.577562712887012,11.960238899727557,14.033295009310603,14.176589628629241,10.351474609803763,8.975113073983756,10.523301712449172,14.130712240729205
2225,12.459846376505142,10.128907652632176,9.327463853195567,8.463893679187965,10.655812874162788,10.965926173801263,13.240088452630516,13.511572781169239,10.502293473052585,8.417968649648124,10.140944124082335,13.793569764938006
2226,13.356166016674575,9.891911311708991,8.991151467970894,7.667364843885231,10.667907833742705,10.963822155560457,14.017837900889178,13.430128950112511,10.43632728272628,8.055888794034821,10.326338619395543,14.571062807191183
2227,10.447225737620212,8.010223090297185,8.561980800790217,9.183683290722929,11.42871615545629,10.615782311541212,10.577437544585418,11.981250986137784,9.594973175689795,8.993649696841342,9.46353711167226,12.077418998808044
2228,13.504195334172536,9.829828801412091,8.662263368429134,7.906549280446898,10.97396290836218,10.864514793297008,13.350393735799559,13.382169464078785,10.505809529490524,8.260362483234527,10.070951964857425,13.840889092855607
2229,14.410638493810493,10.632599507875724,8.856598695519448,7.477368138239176,10.819208726885897,11.576870668799037,14.66026917693744,14.215137153597897,10.74438741480703,8.234391196182242,10.07970974153108,16.165267928230662
2230,13.959756357944595,10.447965305248959,9.114055236634545,7.889265946031767,11.309294129101094,11.309480355426487,13.98730028637599,14.34989210934013,11.287069711067645,8.116891729423475,9.995781698051449,16.110365958672944
2231,14.399014883751706,10.603440216629398,8.568440648403737,6.812760776361843,10.263850530514137,10.704498138229017,14.709164469778074,14.060585085396644,10.896396581301069,8.013918706347038,9.805808151933268,15.339489596689333
2232,12.581151239707184,9.790961559347528,8.55401951505684,8.100110673018756,10.521922880963986,10.812640693865273,13.674744964989745,13.174713503014086,10.672754053644042,8.59360901916185,10.34332456474726,13.512611472760028
2233,11.597273972635225,8.893302288162998,8.403210802575199,8.325210750364416,10.931329533266227,10.58222925081364,11.25592249858314,12.796477661286403,11.238683731603679,8.467530796825262,9.657823571093996,12.788872615559594
2234,12.727273829925622,9.530892599117482,8.285347339841447,6.8688139172197165,10.55920886347813,9.89008771451546,13.787588835847542,13.327541772324711,10.3751960546471,7.440315827168213,9.377254383060585,15.04143654518833
2235,11.217626602627588,8.220231139948233,7.932733067188704,7.612103578771116,9.933429535436822,10.142200690032865,11.276690593490017,12.30954881358152,9.505393987295054,8.09649480019975,9.065308477664857,12.055241585549764
2236,10.280836121927177,7.335236576589933,8.126992779224619,8.031315339738411,12.64950742927668,10.194827207571127,10.716438474005889,12.26754427809556,9.419012169034918,8.342585477541226,9.104476732507308,12.411755378690785
2237,13.62452606724598,10.160937319356371,8.324969815262868,7.026130152295453,10.510411849381125,10.227991693749418,14.103898907466089,13.488391125372281,10.61324422995656,7.708517667798763,9.722363455988335,15.150242587404517
2238,12.261690950784686,9.292588921039044,8.494233945054107,8.078749430522945,11.1150682424955,10.853628284078722,12.815636156290736,13.477122927521952,10.37273789921536,8.179705990059109,9.864088830943466,14.410983503136045
2239,9.280437002184858,6.1976744990561174,7.70327267835744,8.769234580486298,10.769930645414117,9.613479116058643,9.062312266879545,9.592357414344022,8.702051380969268,8.309870211366695,9.989810789353829,8.983965454807151
2240,11.573676802859383,8.09467806887579,8.318504812262022,8.917971483848664,10.287856351235302,10.476925226271225,11.932606081392732,12.720845306224543,9.552946289756536,8.666260507599585,10.064013521816552,11.330983731825814
2241,10.573024131387285,7.908251539975185,8.080263162933566,8.04158432505367,11.056952467246884,10.018369305894277,10.592951415544318,11.953618817682358,9.493645807521897,8.265601879759188,9.18135619074593,12.509603634322655
2242,8.936760304925034,6.453593123568978,8.163468597092526,9.212499978607113,11.217478373050396,10.031898198782727,8.656666125282843,10.34475425177688,8.943352930131486,8.805006301800752,8.948707399325134,9.70750305677723
2243,13.222371441447844,9.848769644689348,8.368211466420775,7.316744650732259,11.066440851238152,10.550579771616864,13.725748249421292,13.256229004574315,10.738893001477773,8.199105444479358,9.620309952119593,14.795833543294243
2244,13.154114998832915,10.409399026655922,9.068283860115171,7.417130114321112,10.678108661755822,10.617076290425382,14.21079993189285,13.521775313709277,10.645683237751353,8.019474975870184,9.926396796010923,15.410834159406033
2245,12.385776548369511,9.90993977035632,9.60765360064998,8.43676212500766,10.502075221648553,10.950071770782209,13.204779142047252,13.090153982509195,10.6725814601686,8.641965641346715,10.28971010864327,13.969934013900499
2246,12.095989313538732,9.582937468072213,8.856838904009084,8.739869870453434,11.13385871190677,11.327669817038597,13.102904319726141,14.010828911782589,10.253421462888005,8.898418075744676,10.27115966685676,13.366795371274753
2247,13.01000127769897,10.351596496073064,8.941367080787114,7.914501805483745,11.077280349416363,11.102108986995948,14.108476344619028,14.366956807165696,11.170964579918337,8.080411917380506,10.074044417933901,15.904468747329483
2248,11.91212805931398,9.653216947291622,9.303871638223914,9.077651230518814,10.756244290364513,11.090229466763219,12.550349497008849,13.36890566212192,10.49432009549204,9.005722821152105,10.41657660312015,12.7085538359931
2249,14.668834901133867,10.555125157670897,8.713607252977862,6.431215771985817,10.796365689019348,10.161989896210628,15.151733823764935,13.863616071787247,11.480560549071186,7.898786827509868,9.909012847885737,16.696194092019585
2250,14.051198115354275,10.433965095614333,8.799246858396003,7.7033647965933705,10.647030012249694,11.253219772633107,14.753604558394018,14.381246173304898,11.045781838697373,7.992125556873638,9.822265653320752,16.066064860638782
2251,13.918087494422451,10.721458594027501,8.90836168442903,7.487557854287799,11.10174727527388,10.972802400450977,14.599278313032249,14.331790029972705,11.549991702382538,8.081020677152093,9.655770773619349,16.153145616966746
2252,10.975277757802173,8.50919612575328,8.544323935535285,9.130881268081634,11.187738908670193,10.845696829081573,10.90823933224367,12.198078395325993,9.347002628964216,8.867656602785182,10.242247402093826,11.468531270504421
2253,13.718954887009719,10.248877701671708,8.425773027051301,7.265472874106886,10.511082834570026,10.715800720463458,14.453730327728014,13.877089186548048,10.64706374272809,7.712229919993854,9.90005788198896,15.56206996994177
2254,13.965624579218623,10.134924497865505,8.344798966225676,6.66847196260315,10.535336442679311,10.271807864990105,14.068026394134396,13.44857219417677,10.996708354177095,7.711899668840769,9.602106765661768,15.738892773806345
2255,12.922911542203583,10.204872814363144,8.517232887374625,7.146257842151915,10.554203024829265,10.115956142129075,13.869669831738308,13.210376248087789,10.776295852862997,7.739703023349444,9.978526398112335,15.563906967567727
2256,14.647219961840108,10.78126039072204,8.774559664371758,7.037597653229337,11.057248360119148,10.7955629944597,14.679813870010598,14.246170126148769,11.356626372835338,7.948524739499874,9.674342687768558,16.761706269235482
2257,12.406275445060018,9.576713044555435,8.25159919175623,7.516311094604207,10.967630618380971,10.406235570602151,13.223287663285788,12.851098785018234,10.332225713769635,7.8998552425725475,9.525360099268712,14.963416587996331
2258,11.01020036452239,8.31469065845326,7.832399114330066,7.751108262994917,10.73901956505102,10.171069485466276,11.300085326153054,11.82640578827392,9.478069805308795,8.096281008456122,9.279118840110826,11.832919284600324
2259,11.966253189540012,9.335985526050601,8.533284653511643,7.937796341163869,10.821135373016514,10.461571139098515,12.547528600155507,12.73238501223112,10.032603818208706,7.940780670994393,9.813102566309773,13.899150476046042
2260,13.08299166199079,9.908050595176679,8.530586167870226,8.590728774136903,12.93311622869865,11.95153651326642,12.99917610086024,14.43762689259676,10.045151845398625,8.495896490476468,9.757246788878206,13.111555223227858
2261,11.808784849457986,9.037586314916998,8.364477499320039,8.45563157682935,10.772060431057046,10.848662140858565,11.452427230333974,12.997127059931078,9.692916607788888,8.348163853673048,9.624273303622072,13.037454180681003
2262,12.5145178792568,9.523981949076395,8.752813366563405,7.9067492859980915,10.731927149789541,11.116990698780857,12.597495185362884,13.233453960335158,10.211498161108663,8.150328649800421,10.12353039650887,13.700175676389952
2263,10.933237384208113,8.43088694023241,8.847356532323516,9.347613034242693,11.068981311424974,10.870977427861245,10.947208361734543,12.253674863189705,9.720137125821768,8.416690102002281,9.892148428442852,12.08678990158165
2264,10.225436270634816,7.579953063114564,8.522146903996182,9.176445378497618,11.034139420957814,10.15104624874169,9.621715910903633,10.99718410094097,9.118178888268055,8.553949200934854,9.576014687183823,11.229087371496
2265,12.461769879399618,9.747290861707784,8.302744421417298,7.9316230562113645,10.575090298526886,10.482227669718334,13.098492233678126,13.498451001958609,10.14651997815422,8.05035388178683,9.807280980247487,14.2938763789552
2266,11.69161136010022,9.020373242425293,8.285816577697652,8.186840275577229,10.75122809156754,10.325399479058719,11.907849098457337,12.32117880440497,9.88525512574644,8.36665201969687,9.378903281370523,13.139106591169739
2267,11.847340128130174,8.777408491977164,7.883555539541989,7.368358728318249,9.84440423595348,10.878870841742316,12.272165407354873,12.663097955243913,10.049724747794535,7.742132833011359,9.34472753857408,13.197851271694057
2268,9.934090319992132,7.386858331809422,7.997126154520226,8.48843292422389,10.639742331734984,9.83327057277815,9.342946083343179,10.605020411701002,8.77461371079083,8.049050279191025,9.22547074242452,10.477776269411443
2269,11.17236658605485,7.761307194170744,7.845722333589795,7.806529679042772,10.428322770380571,10.066956344403348,10.936725954073452,11.878394107496558,9.359230360263105,8.331441497238675,9.23163802020115,11.928508585799634
2270,11.591162560059818,8.655463669478824,7.77668174923567,7.541525262360196,9.866718048804936,9.820255199603046,11.91332686854113,12.59414809893808,9.86177859283393,8.021959507115614,9.266552352580899,12.798407642777775
2271,10.086587926420261,7.292018018455835,7.873333982071037,8.138529996738239,12.389445388459324,9.7580783438695,9.874084096705324,11.13817403087495,8.99850557109854,8.204574991220728,9.178383214467654,11.044826507359012
2272,10.258292085661424,7.308314310111889,7.952167198172862,8.0956638149064,10.759771411001777,10.253013585571615,10.556387892189338,11.650239493608169,9.281640732048142,8.303507603267212,9.072713608297391,11.68436712313241
2273,10.039391282857942,7.42472577615143,7.954029269977179,8.357893073795857,12.787708194589957,9.923378527631915,10.10699865897378,11.497212779813074,9.092902888898927,8.301279948215187,9.067629841252806,11.286232649331811
2274,11.816760191712945,8.345948730058009,7.837199550807179,7.642475314179474,10.390417584832855,10.263079452281865,11.342030816546652,12.709330325291342,9.37960402712329,8.1800744865084,9.183333449487833,11.845100095025941
2275,11.66645009560808,8.165698866215278,7.899984187616633,7.897040064037381,10.207554694793687,10.124976649201507,11.011706706658272,11.77001354351071,9.236414118574302,8.408225849447742,9.634155105053656,11.627561594803204
2276,11.4101787601689,8.85315911801885,9.28596741660785,8.898927603267058,10.656647687304808,9.96294604657988,10.609436042447333,11.711406416122461,9.332333984921942,9.658244132003091,11.026996460288053,11.534491484774005
2277,11.209756126135078,8.511022772819345,8.706294462267525,9.17217919067633,10.882492582761955,10.427671162260978,10.334121165024012,12.029395561027396,9.540999897656981,8.43099990488416,9.484760989808864,12.387026445019082
2278,10.601481631716002,7.708616866943755,8.08486361468392,8.525982970066737,10.685612643079725,10.160474937559387,10.533745778062256,11.444336560182059,9.18249949520134,7.939437260820773,9.115132425097638,11.831302615436776
2279,10.303071968111945,7.455086183311843,7.9297413123756995,8.329666252132682,11.429244156028034,10.156067443569636,10.170630757881309,11.731067020795408,9.227851745816329,8.50938131136991,9.277584846130754,11.49375806253871
2280,12.110940925256457,9.705181619051565,8.4137397422868,8.144499205169772,10.954787300731653,10.70885506877151,12.8501756405198,13.184427580153667,10.455513996914528,8.22165847982982,9.86263024225865,14.553469940692903
2281,13.703422729208503,9.88065251500845,8.825642070673151,7.604704136568887,11.367653142533543,10.884047994991686,13.949382550930535,13.9334320740481,10.943089917570099,8.187240247278911,9.721928688846326,15.780224033119747
2282,14.278016125094826,10.740107663256858,8.658518031562469,6.7843620563521565,10.595163661360779,10.317441408425722,14.922629512569863,13.925436753978879,11.433537876978875,7.802455234099343,9.764993645189676,16.695495140974728
2283,14.066107051615035,10.252573339522911,8.492534514745202,6.929473179814503,10.606258060042737,10.459186405454574,14.254461287887384,13.783880921440899,10.881235101608846,7.796461831836014,9.52348687004519,16.05319268380208
2284,12.433103341560738,10.054161257626646,8.631608147085897,8.985019836871047,10.476970189335393,11.364260650155089,12.59751174223289,14.33353312696148,10.158213729243611,8.42930885029375,9.93590930676714,13.100960070889942
2285,13.53477959952858,10.211549667950518,7.707521326007909,6.875939211159038,10.768161547589962,10.027302738154443,14.773537576874464,13.333983344595518,11.227473262225839,7.701329546455651,10.170154556066292,15.761277061975544
2286,12.21890707802023,9.429320070407105,8.363391223363383,8.144726792400562,10.761081124195236,10.344024683235311,12.639999932392165,13.175360999252185,10.06810150393497,8.36939124336493,9.93591386782984,13.485892869419331
2287,14.028340532561714,10.540174782084126,8.595475895193525,7.245884328690725,10.595072496239599,11.081221989178154,14.396886695775933,14.273647331718347,11.317865354802446,8.02315405418489,9.753516362022474,15.755632858125942
2288,11.154094314889985,8.082409764963833,8.518766529205525,8.50387549169233,11.605840515114892,10.695623844477907,11.365584208959099,11.773873803790755,9.849106678088933,8.266042930203094,9.708407404001385,12.62263698687284
2289,12.999500224608953,9.758785427315742,8.257558382777257,7.818166570448731,10.1321269164728,10.931913363959774,13.412402919343805,13.280282134659233,10.114435055963593,7.860473104144676,9.824505542667527,14.136439026136753
2290,13.988824592621594,10.53621405878297,8.568029430169744,7.276578941848891,10.589939765511916,10.884503517699496,13.924043794350666,14.007040660980008,11.03560894689467,8.001811801790016,9.757962126885822,15.313404591833052
2291,13.595612966195251,10.154076935526408,8.443884641962793,7.250201120226149,10.605670835977136,10.508001150139265,13.914686872566813,13.505546919328934,10.783133921269886,7.713538940883809,9.674653951821254,15.688165979688627
2292,11.499850017998252,8.054158837466964,8.055892277105572,7.351415591344784,12.938794006554788,10.171181560884959,11.539231245400119,12.380694378584387,9.407299905324734,8.125377581254984,9.11250480751099,12.814723366749966
2293,10.951321599414964,7.719186057374664,8.636268025328693,9.091948395456917,10.844586462939388,10.44817188171557,11.452086352056273,12.208528088956951,8.915216951416271,8.172441252806255,10.389443618753786,10.901846524734195
2294,13.184806141098873,9.70144896180745,8.269372958392214,7.807492240498377,10.108899379681432,11.66378085221652,13.182232697732598,13.365506094376897,10.104775561767877,8.015608658865,9.521407404792484,14.001429030088907
2295,11.267635591847032,8.588960646210165,8.38003793771125,8.87355018077377,10.773757087417325,10.53946101740673,11.033825324834545,11.990854331168713,9.470154147497782,8.20661132439529,9.382270186044957,12.587360852803396
2296,12.292565070202674,9.372483675141265,8.163079519393346,7.130819262239564,10.09192641535984,10.14335305862042,13.09921116898131,12.762672751396902,10.210167462055741,7.466336897803006,9.388702740286272,13.755322236070418
2297,11.283671737995098,7.4264229561272215,7.965636883396246,7.827906056653384,12.185290995831952,9.885422165135148,11.082295473173055,11.95054079309873,9.631937864203842,8.226303254888489,9.305090929549557,11.755837218124995
2298,9.267817260712311,5.991507500674371,7.463998275258457,7.8682202923848745,9.846943561655053,8.39153077191828,8.749672243012174,9.241690874274942,8.444344965195066,8.012780594554936,9.937492942269744,9.23660159569489
2299,10.892749009608519,6.212450020422534,8.585210876174163,8.265572413103532,12.077916465132768,9.718606412163009,11.16262660578998,10.783619944093445,9.102806065888428,8.159436499797149,10.449633568570913,10.508902129791231
2300,13.71270588558534,10.742332888357343,10.153073121133897,9.194484733923868,12.342411942023475,13.106028125749202,14.11460882288818,14.003571086032643,10.190497380582869,8.953249846003102,10.91489276765414,14.418860642073897
2301,12.603241321736867,10.30442397416488,8.903289893478036,8.22437200211169,11.14235670343236,11.34524134477829,14.380726436712427,14.14782076570265,11.825887052550662,8.320202451626265,9.893406825643059,15.754907050632323
2302,12.045133801632149,8.952406167023156,8.367179412710096,8.05678354898761,10.57601415529749,10.054937123612307,11.786262114973432,12.309099965552274,9.697999314814403,8.53949715436453,9.798885285114654,13.126314860555475
2303,11.654128081225604,8.908314997464245,8.140158898425115,7.437687797480317,10.662924038731637,10.131596952262312,12.518891017620469,12.476984112772028,10.122700194300602,7.841178457423201,9.496360302816203,13.902210116679655
2304,12.048067111420284,8.990859528074727,8.072172947368891,7.01475588943598,9.914770275913792,9.791667577812571,13.544316247320925,12.771458267576826,9.836159513110314,7.87830291134739,9.456237966223746,14.086176793025473
2305,11.116472384487167,8.48784877438059,8.093122975368118,7.810923165777286,10.539106668519324,10.08535772774582,11.841978642106806,12.296992868631449,9.760326443744791,7.972527878799482,9.183725681593371,13.133604862487031
2306,10.805480169129808,7.9126067561109075,8.132760406651393,8.386500128810393,10.638493326115832,10.393197046693002,10.698501898720256,11.63089547446765,9.138057769332772,7.906965856159352,9.375066591057342,11.801829602046464
2307,11.961462636567987,9.34767189190367,8.551454009184852,8.753548466882048,10.579163594274984,11.138227084926807,12.495772513838315,12.973578883382077,9.758178154682836,8.296035299545519,10.006176315911796,12.250326152394038
2308,11.931886576960517,8.83531215406358,8.1242980202288,7.529461090511113,10.356549576604435,10.349513088621741,12.046973393586114,12.589414130780746,9.567193660805463,7.7620090433674,9.598405905209624,12.764406751596173
2309,11.392861027264606,8.308709840474855,8.01369981867013,7.841147036645962,10.670268246513226,10.037681287379712,11.634993123809899,12.229353618433116,9.675845019355426,8.169960420937867,9.28958999168486,12.71520583583861
2310,9.270947251372307,6.423621750293335,8.163862837123547,8.944336658446744,11.617266017814474,9.403378689496499,9.352015462917041,10.144981111506869,8.71048971061487,8.303491209249934,9.260093372264333,9.617744980184291
2311,11.769998822954234,8.477954820691206,7.956451854000271,7.284593394595779,10.184462753876504,9.926682531021388,12.46609804694067,11.957266757145328,9.449644936501421,7.702245291723204,9.389995753158036,13.135980539932618
2312,11.364680234296307,8.339040168980368,8.21725729564283,7.630939072318867,10.346066204475163,10.025133906769188,11.907660637862474,12.100399494553091,9.78058685243468,8.08459546869442,9.269091631835694,12.658238438379122
2313,8.712855400353954,6.677907737231271,8.187669283559984,8.887430863196318,11.59749545972905,10.195585883107963,9.250046588305754,12.131045519266635,9.329099543585084,9.083396431408406,8.962860185544985,11.43158621225074
2314,11.957612972417817,8.265331246670586,7.929268257382999,7.486016456383297,10.834673048414285,10.093830300730119,11.81291550361607,12.234922910658966,9.416437339281515,7.9138560651375105,9.278194301367032,12.644869578769779
2315,12.446136884106057,9.478707478971131,8.389963838961952,7.914552210199542,11.046476451167344,10.862532090649758,12.343832537235954,13.355831260518148,12.565037516556067,8.090217325789942,9.565811414807785,14.44932117807169
2316,14.889193312379646,10.526497440353044,8.959691127959854,7.4291162370082535,11.241246836609946,11.036923035718793,14.840788457581125,14.54502882661637,11.580719597018625,8.07333345676131,9.836058487188366,17.47973856969107
2317,13.620768430295147,10.478994685557593,8.822200301684472,7.258203578489068,10.720558945528726,11.110739083957071,14.741731943796669,13.885128655348879,11.213006153289015,7.837730341199298,9.756785519977587,16.516275658305624
2318,12.049068389775634,9.225448926674552,9.805914305716136,9.790474167314132,12.22520095988806,11.752610900652442,12.417084783179572,13.022676601874398,9.916797208886647,8.750599870771989,10.878793413923812,12.436037406224413
2319,13.09439179928726,9.813083699498106,8.423838902891408,7.458534460757091,10.929740481595406,10.64491269577519,13.853011195366825,13.469021607807898,10.696415113518954,7.982640944239081,9.61663150461036,14.97594172199538
2320,13.933681043252992,10.633082175720357,8.68139202693057,7.382094636491754,10.720228447311186,11.112681171712172,14.639924739708727,14.325494000157645,11.252327080471233,8.056521629886532,9.822051794083213,16.14655405718301
2321,10.284211281038637,7.237296451517072,7.969645177201541,8.277575807624741,10.791595896825093,9.663718115045205,9.688503828388075,11.437141488099549,9.141984838068744,8.416452739292593,9.480140228115648,10.074756254218498
2322,9.416748785573038,6.404274799347565,8.021320744044427,8.505402549010714,11.54495791492198,9.654959779962555,9.453922783139596,10.432311721105393,8.885727745415778,8.178604278049129,9.29978042330654,9.713152032118366
2323,10.45859562309628,7.317793281757184,8.167887619244258,8.404987044192774,12.047069462232315,10.200155438595491,10.57932621550871,12.92495373608105,9.462766544158615,8.127956175598033,9.13343747241868,11.107458386791402
2324,10.065520127813082,6.8673569262015155,8.255576815467876,8.16914400745517,12.459333552560917,10.294855807795923,10.715798253251865,12.424278626698673,9.274360943037006,8.320077933153595,9.239944147853032,11.868530069715675
2325,10.296172327995663,6.468261268858713,8.077744864921291,8.033978299945698,9.967997410327337,9.17446554681979,9.574587089935694,10.050949685946094,8.735275534797465,8.60610247417264,10.125913579889488,9.474975781649707
2326,9.381979383309545,6.114759226494645,7.607538378953493,8.455616713301987,10.340230768655278,9.110473782576964,8.89752442705274,9.926970721519051,8.668009729007036,8.51168870705556,10.093393747796675,9.348419745754086
2327,11.726618194646006,7.787950726828269,10.822355914447689,8.306900399371749,12.867358294545994,10.37035178706136,11.859446775641919,13.1320426985665,9.629668456164246,7.992742167215358,9.723288821950609,11.371836783070293
2328,12.625196932135772,9.574427646143706,8.40345360516148,8.064427523075622,10.419655311988585,11.169742782148234,12.301124694554318,13.332098653079585,10.161334619614525,8.027836451082134,9.61146012322907,13.429774771616199
2329,12.883952244305501,10.058807873738232,8.38466368536174,7.088394522990108,10.932400970754106,10.207812965015968,13.83535474140772,13.180127100708592,10.696926733601138,7.938687048870037,10.25324631688445,14.818993032409928
2330,13.207563088171534,10.032791309898602,8.22940401370931,7.449645319440041,10.14681822278753,10.38305876282871,13.593014603733103,13.161214459428688,10.205790283682369,7.860255042122784,9.746558927533755,14.686625008535055
2331,13.165073612295757,9.73903549067777,8.47449192338674,7.66076309078825,10.352977353176527,11.184670253675332,13.28299417057018,13.464122316917619,10.415571538995753,7.994031359478237,9.707216428780665,14.1543908456215
2332,12.286743042033036,8.539073004627056,7.773388696128828,7.5009657830936005,9.56790895230255,10.274770506256104,11.95440987413959,12.904501520705743,9.532050348572428,8.066783111062412,9.002230666263337,12.04192933081935
2333,10.875298383603365,8.201258584682579,8.016830183897733,7.9236134869866035,11.320153107856878,10.007627893850968,11.254998827499385,12.02258357124429,9.55039317328098,8.127134090273508,9.249588570320151,12.540687049844296
2334,10.137098703284316,7.47045622850694,8.083602252502716,8.203252356096954,11.945783563187764,10.024511157960216,9.917708660853513,11.34899415178038,9.157705523545667,8.33182736573878,9.0705301039006,11.164466945650215
2335,12.108594344238252,8.667588482597575,8.220821672454967,7.9668998658374175,10.357671575068801,10.744992712987216,12.570086173148544,12.750760219173713,9.741679317341248,8.005138850244274,9.703406044872777,12.916807323036867
2336,12.556449610120605,9.058904494134124,8.01742636453719,7.761422896492627,10.757561894729184,10.662854131403522,11.801744435691063,13.078369919115183,9.888527125964474,8.448474315547006,9.479613026131098,12.246380816647667
2337,12.681809611433575,8.214713789308883,7.699325102123689,7.123232036157065,11.503137337588303,9.730169900132609,12.269260546394673,12.189072159225116,9.07073530909759,7.826726476912239,9.303719824283288,12.93255628362205
2338,11.883785951506496,8.230730799339792,7.816524606774982,7.8513775286796585,10.172397474054161,10.162100114069545,11.332552224676116,12.904225018877609,9.535648066816332,8.158279292925586,8.812462715944426,11.682177626569427
2339,12.944491259270912,10.283738767261955,9.907754083816222,9.583292989398917,10.56265588281328,11.73692720737727,12.321446099677935,13.812392379215746,10.511996180529017,8.734560136145928,10.97611197819458,13.143109076894014
2340,12.72908219374913,8.47636629898701,8.071835153557593,7.183590999407544,10.976588535035967,9.92594545031044,11.984015901584772,12.076091672482026,9.373350570837548,7.742982138440334,9.350177221097706,13.504326236072721
2341,11.638795222330984,9.537632264910416,8.87656921272539,9.264174714595214,11.479740279158094,11.899963957462177,12.075465719292069,12.920993125573421,9.854162768515273,8.506092153277752,9.985342488024111,12.705741670511326
2342,11.9930508663296,9.335829456274974,8.846489029546825,9.211340454638268,11.234625603092091,11.84075964662797,12.078694761348284,13.268046203962603,10.348860013396672,8.918948263280175,9.92916261956838,12.56257395620743
2343,11.059731926558854,7.952118890082494,7.998932378756361,7.583718142367799,11.558726537721238,9.893746461726073,11.239727358987125,11.84388062741871,10.480176586375377,8.04924683109014,9.178472361918159,12.44248576350346
2344,13.620206075441384,10.402200125031708,8.71567319802627,7.73925472845761,10.609363986280796,11.071623833036588,14.385137572010775,14.095931551075568,10.71960736883155,8.347820992359836,9.948490282836268,14.456046487625192
2345,10.185320343964502,8.655680614137653,9.354143547433168,10.603361203272051,12.170043836180486,11.584893474016008,10.845449616373283,13.32955379323089,9.711974869498492,9.69518949810774,9.69446143987576,10.791247972276732
2346,8.870903417458168,7.282844273969194,8.045107035278441,8.854131728183424,11.79720507853337,10.424856583739395,9.860154815796353,12.238580913990559,9.304354512513248,8.973082028666475,8.82441513391247,11.301865899336882
2347,9.394944176936166,7.323143521156467,8.679598293036218,9.62650291479897,11.48498876202656,10.398583936512455,9.212236242803922,11.770495875924038,9.233885389331121,9.19497866062221,9.35010303387163,10.34836606423896
2348,14.379047599607041,10.502649088047447,8.860143156243517,7.189793956535353,10.85796789644926,11.007013355518353,14.66953717313104,14.10458672089504,10.969879411609181,7.833265750179184,9.533062850960658,15.894903150459896
2349,11.791286092606725,8.413666669216877,8.255937856238033,7.54624413622979,9.963200082905663,10.001917094224416,11.792147119950387,12.114769433093937,9.950284480639507,8.012186215974168,8.846064773084786,12.98247525962839
2350,12.67587761035216,10.186109190921268,8.578616234035394,7.564044628335484,10.778612356888729,10.852213532778755,14.050616213008789,13.5590037647294,10.827341836185292,7.984975650406349,10.03663637543399,15.393344820613404
2351,12.714012820377757,9.29628811964246,8.533766564517965,7.553319988531357,10.529931509296068,10.20843028876307,12.547175878055764,13.06552196292873,10.000790024903194,8.451281281924992,9.858573821273604,13.291113391056015
2352,13.401772332636245,10.157096759550015,8.269883913719905,6.88170515379083,10.287642780874823,10.07724032626689,13.732536143822877,13.024277234272237,10.464223001435414,7.694352642739757,9.962196081698913,14.64161901195477
2353,12.495197896878778,8.958753416048836,8.240540575708515,7.720452051873197,10.75875248654136,10.393021336559737,12.575264294681595,12.788557941809408,10.264681882404197,7.894095958326655,9.447058615207784,14.32126977940754
2354,10.549003772695656,7.105066313145647,8.228149485790574,8.164009404504,12.463977181698066,10.251928979233334,10.731615644132114,12.28476848979351,9.32352640753213,8.144407391810509,9.662974728398298,11.612561458881109
2355,11.56341274561532,8.318823582518299,8.81496741209184,8.770650426119403,11.136683871582001,10.965715150459827,11.622223208726616,12.395328040337917,9.681901818703416,8.217938484428792,10.058932392690195,12.35048537574469
2356,10.306503178074928,7.679326881096905,8.16926056476248,8.450305201356016,10.807848163511121,10.254405767659025,10.50135698425887,11.599355411120378,9.186037602643559,8.204542616295,9.246326536377765,11.8452335865141
2357,13.155198290983263,9.864677843462449,8.40767064515581,6.938519115587564,10.299257829355648,10.413214018051592,14.010696595048982,13.520852220377469,10.538641887532421,7.764001051955019,9.75417782354816,15.140513258311177
2358,10.115212694935991,6.785767648675263,8.24732256408794,8.926230657394054,11.548150825330932,9.777847933191218,10.016602164559144,11.771015436719914,9.18077014596429,8.628797883463191,10.24735069282489,10.500063712688625
2359,12.577781448408153,9.476316905785016,8.2932815734884,7.424260780768408,10.661077477646959,10.619076636663458,12.775688436050533,12.490495120102812,9.851683067584926,7.97997143509178,9.494623189061482,13.624512729906069
2360,11.377368656867079,8.27302951603817,8.12707568260814,7.461642674697035,10.006274781804091,10.302320058423108,12.207901200157828,12.442380521627005,11.34539119731092,7.823831615224029,9.091458830518583,13.319164544099792
2361,11.316521554419564,8.423107932233314,7.859234291548775,7.783377688972964,9.679575838864775,9.840927962311659,11.612119019662911,12.140785646411645,9.427126479034964,8.130112592475047,9.280935054445806,12.305085568494825
2362,10.983612887788453,7.8300598593536,8.025210571532606,8.10246654305842,11.254909787171151,10.291353657738512,10.354458864711383,11.881555307474972,9.065707804037107,8.566747192706,9.236242419437362,11.076063493087197
2363,12.262724840445227,8.814388625405154,7.782723498345011,8.073604892560542,9.809500775761713,10.175380589491574,11.739461817893236,12.267850066454894,9.308700155603242,8.395311338470615,9.631248375345722,12.143674014962475
2364,10.824579188562833,7.909394133374107,7.97754308368293,8.012858963270547,10.296148503033763,10.074159093292153,11.290525907991144,12.517729885364275,9.73357938941787,7.906833869779792,9.009760879678357,11.908843730264692
2365,10.448391046502572,7.48300788111211,7.921221299804257,8.087562675786621,11.156330796036986,9.391326951050115,9.509331390659977,10.321756428341205,8.753692096476751,8.794824391111623,9.492622092355397,9.731696307170642
2366,9.027033566369855,6.402874807854037,7.841067844580533,8.742147666722268,11.201005551297664,9.430551520878918,9.013743915466842,10.254285194655562,8.815276750758677,8.737105206001146,8.868678732449943,9.646750669457617
2367,12.14453659796272,8.636316706756567,7.8057431122320535,7.477945299596571,9.581305535169143,10.022629340448194,11.743311306098757,12.676789283444052,9.269704445307969,8.06313843362133,9.237962753246283,12.335146015108212
2368,12.966582784640627,9.369020968470682,9.401185723758758,10.019119452805986,10.851443609277194,11.726501833695906,12.237811794137833,13.539968896721234,10.97068414175888,10.219983313119423,11.367246575929036,11.961994574819823
2369,9.353895293777782,6.675077952029168,8.23805176321036,8.447317401316162,11.46678256779845,9.97336458657031,10.07886654034481,11.593403059614161,8.980139875683886,8.310392312905865,9.687722311865215,10.26083096164858
2370,12.099836556887155,9.34694265792297,8.45134257277461,8.403626430722342,10.618897852553385,10.360094066807356,12.816121127356784,12.697180439500539,10.222469535123846,8.925588617817397,10.150461009904985,12.990015663418427
2371,12.281794015439326,9.652181773487957,8.42589205197288,7.908564411642571,10.625132456243435,10.689544903965631,13.143365595646182,13.299757216069159,10.322739359896172,7.936013482231608,9.668174657616438,14.449021620310216
2372,12.814141707620866,9.679305010295757,8.573814743190995,8.171595246440077,10.27018704780901,11.257935952311705,12.971154843462845,13.864290709288412,10.168354606817669,8.21375203941906,10.000121936426243,13.37349261111262
2373,10.386998959908304,7.749532088699157,8.289911872186025,8.47365141678196,11.411303001858293,10.477260692803613,10.813580779795531,11.532789611436296,9.27453212375653,8.325665733782321,9.517506608896834,12.259861317775382
2374,11.591199483713902,8.948306315424881,8.27600696169387,7.9603088257056775,10.801013974390646,10.289798434759398,12.001025784083971,12.224876709248306,9.918083871356194,8.02483130859661,9.446877361655867,14.101234431149452
2375,12.348809642357299,9.579502723401593,8.42492907339351,7.611635826996414,10.685478739222116,10.195882995977005,12.768843030367446,13.204714499608162,10.224680645105302,8.047907366235542,9.855399524349398,14.747445469357991
2376,11.831430167522036,8.978204270359804,8.12873226724878,7.359610131532479,10.555826514907562,10.25818656584315,12.765793603527403,12.656505259596214,10.969983848126326,7.834578255258114,9.397476466135712,13.727445429567732
2377,10.835410804460796,8.069985228916739,8.113435742484706,8.068195739880812,11.160662813567175,10.41606175263606,11.118069292540525,12.510722855641069,9.604431173024224,8.204041805280076,9.062886389006838,11.9766841347273
2378,9.675172687577447,6.795475011727767,7.995053803183479,8.90322519567396,12.205119351944827,9.642679522063046,9.74615103864977,11.223657479486786,8.99763863191329,8.39774323993938,9.298542847690985,10.893170299540257
2379,11.20823198209509,8.184978900034412,7.862328116135642,7.904179371170267,10.725933422861356,10.27530569542718,11.273557471010054,12.099810783292265,9.460498670864972,8.182731602394586,8.868601865427635,12.079178044255219
2380,11.14256012781049,8.422007012032338,7.9284754997360976,7.492727517072652,10.052852453044569,9.857811306388111,11.75836154228626,12.071874315642546,9.756507319495697,7.80264773888293,8.942556758948937,12.594463061583678
2381,10.95536705391283,8.08298658693016,8.002762436088112,8.253659267774255,11.02402317103716,10.044412466129506,11.211305315573181,12.467170473631459,9.806503382906925,8.055908650293382,8.880952697912956,11.640030958956244
2382,11.67026839937771,8.673869625591461,7.91328298718875,7.492955853394649,8.516108644001665,10.442479555988392,11.789104496649433,12.590129025692192,9.668824412490624,7.889912225954868,8.925837640433066,12.217591660278156
2383,10.98485570454228,8.258920128962588,7.757368868222709,7.785981737535925,11.138404486541393,10.261189389060963,11.091410128182895,12.516228524327621,9.634958068836692,7.994886097670456,8.8683134658305,11.7762989258769
2384,12.450204771505334,8.968203410617281,8.029301930739312,7.607613132388505,10.535233461991595,10.634637299123977,12.29554147275265,13.086249377619948,9.864931478778725,8.107983137001455,9.146486190320605,12.601484547913442
2385,11.13136158670963,8.207364164166089,7.87810870407451,7.867217507480633,10.459214479925382,10.274357004645818,11.531819645930202,12.346836286108331,9.613005650252106,8.218730896963974,8.90677548472129,12.19237523355817
2386,14.09419157416961,9.125345037380722,8.909078581352126,7.9546702632824875,13.272800844667913,11.525925114534795,14.062332963980829,14.137907550920204,10.863277217410415,8.535256860644635,9.843995110220225,14.979677727079336
2387,11.923852199718073,8.074372671717548,7.893814517524675,7.652110049972681,9.614100901135716,10.167423833082728,11.238861371551952,12.678388715261995,9.32131624801341,8.175718890835384,9.071189821604637,11.335085670920012
2388,12.37710069748355,8.610044284974103,8.062943411719875,7.185121976314389,10.81813922000498,9.941342628394237,12.008089488773027,12.33474853679579,9.366995211413263,7.840150636747409,9.35525785271658,13.164316103440141
2389,11.682224228187398,8.38168082966436,8.020932255659774,8.655527709951075,9.927219932113887,10.452913074294088,11.170076114848376,13.013723948489709,9.521512167990196,8.275083821048002,9.199402367958616,11.464343871671115
2390,9.548072238031494,6.728054851139316,8.27889422237521,9.040350653030238,11.808141611658137,9.842625989703299,8.965977527695447,10.804265957224263,9.136825202281354,8.654938718907434,9.045329196443895,10.48761615437515
2391,9.437848468965193,7.448898191293693,8.116664446432555,9.224454652088479,11.63317976453461,10.292210926570469,9.681750050180266,12.239403707105511,9.095082644471024,9.061341750659317,8.805311640663184,10.865070553153831
2392,8.892143375972246,7.1735923177511545,8.140993988673795,9.394758707380188,11.513148469640889,10.450507132452941,9.5029652957193,12.288305312441754,9.18261718912245,9.17504489340991,8.755709050596424,10.955315926545401
2393,13.611250485283499,10.499344733108206,8.560957466532084,7.2236442585048835,10.197799442737722,10.438768175444338,14.095621712040561,13.13564710328415,10.676167885776255,7.92851612620331,10.094347973503364,14.778507373786926
2394,11.698855995462502,9.480106340996693,9.004464598767578,8.569883202476927,11.064973810165755,10.682982915995268,11.786685812294467,13.299385105034984,10.312613529762535,8.741202472088219,9.67488736141368,13.088977093254618
2395,11.854251527852078,8.775233382600902,8.243347966314587,7.504618425656012,10.819164394070295,10.056352722210619,11.98166952302152,12.511334507541171,10.130000756488975,7.989694367042806,8.982741836859958,13.437229512309582
2396,14.709701469537876,10.642498773057437,8.702336232457448,6.9172971550179225,11.009745639539876,10.653792979699762,14.399529157823945,14.005496851710049,10.884888653016741,7.9032469906056475,9.519241818722424,16.37315044671319
2397,12.188044196679401,9.223122565821894,9.120419091905653,8.710615681062759,11.333716057240617,10.72088273670197,12.376506653442718,13.25683133366383,10.220171796577464,8.728270291880307,9.75868423333732,13.409052893972301
2398,13.321151799546012,10.366482420706086,8.932324760264203,7.617189933638322,11.063134611449772,11.462461952196398,14.253565624539199,14.295419361256522,10.802218290935139,8.083784605019847,9.987739320947592,15.788847745700092
2399,13.632216932694721,10.398518738014761,9.14071699601243,7.709446341499102,11.232614161168225,11.287510342702078,13.864351311947825,14.238935327462169,11.05192587996482,8.125489998971037,9.931924106979718,16.323480858338336
2400,9.97865243711638,6.685641690229497,8.093091874391817,8.509137510005244,13.964864676134045,9.68758527224604,10.560386713648583,11.388517095287709,10.425923815885366,7.921330747607526,10.48794398616857,10.181118999920988
2401,11.434875857004304,8.516147999170398,8.150773578539525,7.591735730767148,10.485435983648822,9.899919754233238,12.415835379726555,12.315515487304982,9.890346620313196,7.857390335009592,9.281918666703685,13.75913794026603
2402,12.124598268674935,9.205805663838756,8.414710140112375,7.4475393457716486,11.026568337797418,10.128748519712063,11.888939605578434,12.304816737897596,9.993984409405135,7.833130408010327,9.17945935837216,13.580612281775153
2403,11.211973818157137,9.607878166843921,10.802716328251186,11.142093573492202,12.747910216104419,12.563397709576147,12.528593650172272,13.808762744905,10.121814331474846,10.35511183515232,11.518363704543571,12.027529207154352
2404,8.95859573533215,6.07443592130332,7.932013020701962,8.017541724066378,10.57488571811561,9.267009978633489,8.740047448422954,9.156935561083733,8.492306030919512,7.758638068010379,10.035528778008267,8.890236888979443
2405,9.177546029451358,6.731393078228886,7.968168523247348,8.70603488876272,10.882647883138702,9.626921363315356,9.00278895641352,10.442206997250636,8.802460708844151,8.26868805292506,9.171307825420474,10.054686234206708
2406,11.72985532317815,8.391851988681443,8.045380767390416,7.878950042469788,11.680534223852327,10.060954824572764,11.917292400760628,12.474457073984354,9.516909285612872,8.01879022220807,9.792096367024287,11.594850712366663
2407,12.829545957451694,10.048729254192137,8.651535471810082,7.196558628753127,10.698122524108143,10.246685303892738,13.71569496740786,13.250449109599277,10.37535247113735,8.092236836076607,10.105745387642125,14.82301871076772
2408,13.089610114049181,10.283507410564285,8.709427793576902,7.65490003554188,11.021333636148926,11.36589338841515,13.727899424318581,14.179545063632924,10.869694448854059,8.092331051874854,9.739267577945192,15.027859779860247
2409,11.559442998916424,8.706892979979788,8.0439335729421,7.6654490648614555,10.381583250612533,10.243304498769119,12.140494481236022,12.909082384210873,9.993567686964845,7.893894926012747,9.35230009572658,13.327821338249844
2410,11.957167245501179,8.845154079858887,8.119576324676613,7.393008764060543,10.4798616311745,10.050764105419516,12.485619336373611,12.488234552594824,10.07842888773174,7.640345793189497,9.343238917000308,13.33223309451789
2411,12.631585773787462,9.449013670808798,9.3578432184005,7.670922275012455,10.277565781266851,10.15210510248309,13.139958605041645,12.584418291629696,10.284599784907655,8.449804975325277,10.26816357621356,13.360239685801988
2412,13.084238312650804,10.012210747202321,8.333032439035414,8.10127721896633,10.137168744437613,11.177099837015838,13.265615721800618,13.972029296853567,10.490311879153872,8.213011433467129,9.720596011924089,13.97971764453619
2413,13.130209416364874,10.049958532706892,8.469325374185875,7.262221045002763,10.9378446531494,10.63671382975097,13.742334606532761,13.383205389423697,10.642211448299687,8.146234407452756,9.650620002117867,15.038582614274219
2414,13.35693477081232,10.38627952273049,8.623998135066874,7.0532282208879,10.694210465254557,10.53541693236956,14.105272148453954,13.730319449948912,10.799569423060543,7.687166342428704,9.617325734047238,15.555905694996156
2415,14.054159384951673,10.581868746640964,8.683253889657545,6.823921807587971,10.726790878968128,10.786251249460317,14.558431540039935,13.878084334293064,11.36230423344821,7.887300423982728,9.751430735219722,16.159409713230094
2416,12.725847993269504,9.171864308121059,8.975051756686941,8.642611480368153,10.793254494361602,11.092418659619364,13.029374788993968,13.383016308430417,10.217033176142326,8.379173675887962,10.352559741689667,12.894510999916886
2417,13.765073063444015,10.310326523552561,8.51101663025935,7.315940074343106,10.405829728101885,10.6039601697715,14.145822022043594,13.388771454780708,10.718930695601484,7.985157534885821,9.993468585312083,14.8764585092324
2418,14.21007810220131,10.379286563968122,8.637173413931118,6.610550110417327,10.680956585618837,10.703652679707382,14.542858561056583,13.811559390487854,10.973684841347474,7.806882656266558,9.59986215399082,16.176701950494824
2419,13.237052868246295,9.568133355654412,8.305113057154262,7.118561158839996,10.631935973787037,10.441091692721692,13.54592312303668,13.406654551344499,10.50422539645912,7.882855842875382,9.418043139481963,14.998575863253599
2420,13.235762132437728,9.845957917270788,8.255982494877443,6.702093856757849,10.469929714776836,9.975735102299796,13.769206049914274,13.003223117768684,10.589362167138223,7.538247133273373,9.54341494274618,15.256175262758404
2421,13.442581169650325,10.076765803886332,8.542246259409602,8.644064786368022,10.381574405908443,11.80638690956387,12.870419874141493,14.392036191487199,10.409397830339564,8.22608304366213,9.868749072642649,13.178020356238004
2422,13.164347263881586,9.517782838584987,8.156424341704241,6.517769413796202,10.18922502745551,10.083344250214822,13.888300040253618,13.312713458360982,10.296036527912277,7.255328075002289,9.27214970122946,15.299421489549056
2423,13.355961174278526,9.87582457868978,8.230920198450896,7.124073882959912,10.297731437390667,10.417784455360437,13.89433687210315,13.48478871277933,10.448940376887261,7.690369692529686,9.4701832243652,14.7179143921692
2424,11.90856604247599,9.017993611814726,8.596100762515544,8.718961083563762,10.596558203435503,11.192934938524724,11.992430398837072,12.999534915004011,9.939371248598938,8.059262685269738,9.98990421276763,12.619927638189967
2425,11.5426599637779,8.512852332840378,7.7567041773387615,8.690906582339709,11.110302367616999,10.113127211060704,11.277764583883616,12.102801071542133,8.757891648765744,8.94930170369937,9.734682411313091,11.221933068599125
2426,11.494765221069459,8.741841540372619,8.137712954434189,9.676157332049414,9.886893907698244,11.769738417295333,10.882123229761481,13.307767129418949,9.501029713400634,8.703888171374862,9.784223895679332,10.486381892419871
2427,15.005222890908515,10.938167883724454,9.01180255535926,6.550545169985044,10.77884103665681,10.681248492407285,15.397074105622227,14.037296448374047,11.413962811820408,7.882767262998262,9.9190225623778,17.598027374758708
2428,13.874371329492089,10.215486519654714,8.413352655814872,7.195580348326432,10.690820043731687,10.463433666970548,13.64475092302518,13.11407247369067,10.708008532330899,8.072429680681257,9.522718457754952,15.12286370600766
2429,14.145206193627601,10.66201589278574,8.63816712452142,6.84198317224465,10.575181655278733,11.050614381605966,14.916309887517391,14.129415328550625,12.18601542113811,7.8787460406283145,9.664778632734171,16.42468282981195
2430,10.71315427568177,7.87853427890889,8.340650082445217,8.806363378514993,11.020114195271567,10.135149460210258,10.240160257830231,11.374906852877094,9.30464558101359,8.57698268687903,9.308274141574545,11.376642137019514
2431,11.661234904919308,9.304290549058935,8.670491542448836,9.4358715802688,10.638077986971084,11.92574188185748,11.497078881312884,13.489296451119042,10.357984349276155,8.55180511093706,9.939534891652217,11.976350870196192
2432,11.612818909715191,9.254426860313883,8.520134977158435,8.665476409989797,10.638306287534864,11.151256701957784,11.92496495231154,12.6428245481248,9.947394274404516,9.011003349193272,10.35352516733434,12.042449511647437
2433,13.259204986142771,10.314849537442754,8.695858532383074,7.239004345057175,10.251849601764295,10.428887888820718,13.94214395692847,13.13651045144951,10.386401311528763,7.765024442409478,10.077292109585038,14.65308572673899
2434,11.895724141740207,9.297750387158,8.524367242027918,8.250001583732356,10.419007346183381,10.38386509015671,12.696446477971506,12.984150134078892,10.237814455005468,8.89179292406341,10.368811976572971,13.694708962873628
2435,12.833883074850299,9.857028007453538,8.4227046492881,8.276067292889113,10.285840356847304,10.705615881738932,12.90409618114279,13.685338323731598,10.144588573756542,8.61549949448314,10.047006149877348,13.367185487182091
2436,14.457001497127738,10.464076515017151,8.404513136057833,6.490733599445122,10.41095816889162,10.460982093214493,15.038694195606581,13.833873695334319,11.787152064900779,7.669164712762386,9.692770065568858,16.737112762321864
2437,10.827540710833231,8.123389661825719,8.508517947877426,9.646892542149939,11.152920349571811,11.05155374166998,10.314661349671983,12.323008498330841,9.634932957117034,8.85156990860172,9.441873895653456,10.800560658183812
2438,12.09566563874283,9.20120383156058,9.618668373046457,9.058341214847898,11.324209747556976,11.440833490138605,12.699719731433223,12.957804925512175,9.641919518544066,8.627631414372605,10.756484074265195,12.427433298100187
2439,13.600025870937168,10.143303197276197,8.30751517725421,6.8663104567214415,10.102772252699161,10.497102422340323,13.97709485647496,13.672449374744371,10.251284071948323,7.510190469422071,9.6522519676293,15.122674987546048
2440,10.784212628457063,8.21003231576477,8.342096106156243,8.968345796187553,10.587304944245073,10.403879194417845,10.571564448985907,11.430159836425112,9.195535105926902,8.904825768991197,10.007069065960764,10.744192214240737
2441,14.148068734873684,10.715686624298623,8.789115637015147,6.950424314156639,10.80714721207007,11.09153992533383,14.513345871502818,14.024473017357552,11.436412396250212,8.002380789873666,9.707597990283524,16.35785511864248
2442,12.722934024106834,9.996111630769398,8.490935290948887,7.644527749034898,10.5297826412862,10.559138039414233,13.63131707755964,13.553213945884739,10.621095978164945,7.970580045618239,9.742307275547681,14.872566060309936
2443,12.295978959273071,9.551504544281341,8.428663219794334,8.322717908709944,10.61712765188717,10.499214098340937,12.895572830695162,13.5391725677644,10.389951308377327,8.203592784357065,9.891583874180924,13.178443228755604
2444,11.738058703676227,9.254276128479633,8.402792475604638,7.967863270255974,10.833008458577876,10.131957617740445,12.324288167788124,12.46939907318836,9.959237665926889,8.4530061768362,9.766664954011281,12.955630646318898
2445,12.254064008942255,10.162966108137363,8.621867724492382,8.806063239303242,10.385821314329338,11.465690104019629,13.299948687735249,14.158353928368694,10.59215150145383,8.545954561436751,9.981085838444182,12.983903028736261
2446,14.060446547695774,10.27538803713494,8.41687044007707,6.518311243616436,10.451315583903895,10.314673271478263,14.637408792352899,13.757941771467198,10.642613267287084,7.583044763464388,9.604291387898021,15.418448917832807
2447,10.924984733394293,8.513794408974709,8.282186830866031,8.229819495971757,10.812822311103307,9.955087580085682,10.389620268860906,11.419067441423334,9.239680634645294,8.938681944685786,9.86972424547481,11.886062498836793
2448,14.05102878761648,10.387306971457727,9.301164723730263,8.054574791737092,10.717475689464694,11.377528032116633,13.854841557272506,13.609100170783886,10.694380220480642,7.986757707502761,10.170330496319977,14.925494061521007
2449,10.86149786285938,8.159195142482172,9.25492271217794,9.584541310382436,11.543953610547764,11.498376119817015,10.857555133471056,12.015988408193186,9.305993678758705,8.70566709543934,10.286169030803551,11.553470630664798
2450,11.160667838411388,8.55033527751604,8.337768928533732,8.219739928427856,10.82527819207689,10.161410879057446,10.48930552814111,11.485189438675652,9.490058709385469,8.38103888053572,9.550789779725232,12.481180209515822
2451,12.562698268388713,9.19857333231543,8.22799951664695,7.1849923036523915,10.520562555073692,10.012688040967275,13.125056211767658,12.846299154312852,10.061868041307434,7.66168983094723,9.234225167914689,14.248836559983985
2452,11.671328737711296,8.86273039802689,8.23349539659135,8.229727729883674,9.909780052934202,9.606916144401483,11.203505491307173,11.314531595143723,8.991128838102366,9.191604456054336,10.242351636924582,11.853203414001975
2453,12.717295642852893,9.68786510275007,8.204090949620575,7.806254170573766,9.546029901502074,10.138271817515374,12.648047698018836,13.359210390689693,9.818934548412752,8.588249960824415,10.01694408567829,13.303055359015543
2454,10.548108913692282,7.540636779331973,8.351699699513764,8.368581308817475,10.52732395778305,9.638002140108664,10.10183151216274,10.471309078545225,8.707179174680352,8.45622523294083,9.710545668551898,10.227628717466546
2455,9.746081309872295,7.459435916355849,8.282826084647784,8.67781848845911,11.024573760383095,10.132674357736725,9.876653818474608,10.982136642160823,9.128723852375757,8.619018409658986,9.645047864962645,10.677809334237864
2456,13.214337336130697,9.826117224295714,8.382009458271297,6.769924955651575,10.732559214946647,10.061475030344287,13.604646770352629,13.185289375075211,10.307098338017829,7.73856412793182,9.608432558726037,15.232850999383386
2457,13.489318152714336,9.73653977137052,8.23925389938304,6.608832939759899,10.318034515465413,10.722592351944309,14.064094372576882,13.313237801125894,10.353282147231972,7.342108362623747,9.338114626364918,15.357830224173913
2458,9.56877543934963,6.8321038868399375,8.302022321088193,8.372114131364523,10.579940542538797,9.358698826310782,9.542570120382322,9.972759253850796,8.726451257822966,8.07021856986243,9.536673761265638,9.8759208397265
2459,12.455126609072734,10.02142390099371,9.718673783750845,9.295473722220606,10.924383914385352,11.838232817589812,13.01411984308129,13.64346851744024,10.002984253405245,9.022896035011739,10.77789632437252,13.490401282796938
2460,12.657488748646376,9.834249865432255,8.59030303774961,7.60795159421146,10.772551088120633,10.825502332375372,13.050835460107665,12.915976217114132,10.431752874789677,8.054848565895234,9.779932833544976,14.736039922164297
2461,12.829435192572952,9.75248957032842,8.46803687491603,7.425493409997326,10.700843810280077,10.440957606836982,13.412585854917378,13.262785853250925,10.610999624800513,7.985263976651787,9.544565795800764,15.04123561121178
2462,13.26263737846352,10.202114354215636,8.797541948443321,7.532810017718953,11.044899812709549,10.562417960615043,13.869148380397075,13.793605152356609,10.919935475737432,8.094366638209525,9.96076427136434,15.81598551283893
2463,12.16296937191752,9.403711465274547,8.265342846045304,7.948007236394625,10.371892412135079,10.263801010399707,12.659133990042164,13.301885981593836,10.019946471627483,8.027735722911856,9.586132305346435,13.686930578032236
2464,11.920387121215951,9.217867548589172,8.248396805965129,9.319822781122161,9.930035376799388,11.788102047438539,12.408349136485494,14.465374715642017,10.182983441373509,8.326397501129122,9.673625248390143,11.941898825143259
2465,12.779720617452323,9.51181868058817,8.352400470184758,8.567887365382486,9.972960205715061,11.124053852256917,12.541682565043367,14.06960052695064,10.190854431732438,8.378220879174517,9.778256658973149,13.014134098106943
2466,13.598407499321924,9.776393525752372,8.0502907853345,6.758908947622549,9.758374781816363,9.846798316757763,13.671511518799122,13.041185480092844,10.11066519197213,7.888291308494239,9.457546540656406,14.630415838963298
2467,10.991751553294154,8.254618895218744,8.134043263438501,8.084193114957449,10.742887205118716,10.187437550576611,10.983891900990523,11.735009419876928,9.54858233145522,8.066698999769141,9.365429272094062,12.017513974015358
2468,12.52821164752639,9.33745482928149,8.085765581752463,7.20038874667283,10.44091215098053,10.154193561017848,13.026405118122494,12.683787288352143,10.292378071224366,7.60716053294728,9.223810520517768,14.581006951791505
2469,12.453376780477836,10.122258447208903,8.480747959117348,8.08450113041293,10.526856254454529,11.190179461125695,12.86254409346899,13.344268020639776,10.18502898233649,8.118479699548892,9.708190801812293,14.183503191505517
2470,12.035765371778655,9.115793588165928,8.660083344796911,8.06907526497781,10.70641252352251,10.215783121685725,12.765468431238201,12.575167401449258,9.922426990630882,8.765551925433215,9.9952057819058,13.158420754238549
2471,13.653071164123947,10.265400334077693,8.268059138528537,6.7498039123888685,10.22979969263747,10.08631974882475,14.01658245966938,13.362572033830878,10.656726700757211,7.820730657015076,9.741752419982733,15.620816417313234
2472,13.41709282798153,10.189778314082034,8.618275410132721,7.117812173040886,10.767398501737476,10.971167933309172,13.834440381306285,13.505025163965414,10.793104925973397,7.968426658159531,9.612850279729885,15.300728395543477
2473,13.155311488672472,9.913160878554251,8.45167331151645,8.126235727830537,10.446846031106237,11.051817388764892,13.070057498477869,13.333335616499916,10.346735350110022,8.184920633534729,9.768073324872892,13.373113997859964
2474,13.94928120518636,10.3443852321838,8.4214321670191,6.846173485100945,10.852230303969684,10.329920894408708,14.267245282850917,13.492418137760989,11.05182414427713,7.849313142676815,9.722935242559227,16.106245019042962
2475,13.702714427562729,10.173720216502504,9.046603096310022,8.16044902797677,10.611993521762527,11.16263679609359,13.315853699441215,13.748171273076808,10.7774060701119,8.320962560421497,10.036633679260177,14.083632406526167
2476,13.086147559244235,9.631496877148003,8.225907454600893,7.113637834187918,10.459476124854323,10.254636134334488,12.902262156001138,12.948007819154514,10.287135402544816,8.07976304201878,9.293787663706079,14.494668802204561
2477,12.054120619719427,8.941353107643101,8.510456956611632,8.107102832516926,11.093137722928391,10.727957249639914,12.222594550816723,12.025491418858683,10.121163020857853,8.005103594149116,9.707042484538475,13.154907899173068
2478,11.475323814913885,8.139010783210116,7.85167984311648,7.825787948907283,10.05419162822227,9.999345992709761,11.174574729439675,12.408094093472837,9.670853997035053,7.9839354170048455,8.84816178936762,12.274398428617598
2479,13.067735536000855,9.387604885308928,8.936269483720823,8.37916999711312,11.200027232212335,10.81915598287493,12.77446690889413,13.481819820699503,10.363928568532462,8.748919287266284,10.021828102909751,14.279077691058228
2480,12.26809043420251,8.94286465500907,8.596848595203662,8.181980719394256,10.810751895239132,10.230490996568488,12.093874613294409,12.67987870003968,10.003012877729976,8.553899875349128,10.321657209579456,13.32465617504575
2481,11.504674961955423,8.97662507008686,8.237331754226496,9.013769078331533,10.639823706917984,10.185613508112755,12.925199000816283,13.285546946876647,10.527075976274762,9.895277425354546,10.895679571204141,12.421919379230703
2482,12.299639131305593,9.820300111435692,9.69733507403134,8.661162012481766,10.51757481936183,10.494946456494898,13.071695701818001,13.319732753995432,10.337175641498781,9.115687077573158,10.668812854294124,13.106126789567368
2483,12.63626012093551,9.051843522271056,8.810692145848513,8.26040818697561,11.038649315434487,10.295351320055854,12.452399764379347,12.807542159093444,10.267332179600455,8.553080428852319,10.12346659926279,13.419453522209103
2484,12.304710469265615,9.681226565111904,8.657534210746856,8.233874860242892,10.89930505175069,10.93972322212747,12.996790619918794,13.462955742750303,10.311908117314271,8.043656320880903,9.765605580593881,14.007303513325386
2485,14.46240587634601,10.640155831277756,8.703786812272757,6.497411126566881,10.737927696215747,10.492416872314461,14.94191813702372,13.891128671517514,11.37562156195562,7.734539638637709,9.819663062079666,17.115522585449227
2486,13.31135835170762,10.315619980454056,9.12227676106686,8.270921371532468,10.597048678151877,11.208499371909047,14.085092457912339,13.593659086051828,10.42527785465413,8.092060177719956,10.1199784361276,14.971038832283348
2487,11.193201118019257,8.723993893431267,8.16557925501774,8.313780199681489,10.862964077964566,10.519022005007754,11.117427444804234,11.781333502361182,9.614871437465293,8.336187726368154,9.528368164881506,12.544205551144724
2488,10.598734895918454,8.28395188016,8.634814363414097,9.414299429592434,11.87733446750231,11.173179001872693,11.511608954273717,12.648454004227318,10.591982972099544,9.079191472589558,9.858350483925632,11.410347849621587
2489,10.39784149329931,7.972227281911565,9.113614267969158,10.135514432390409,11.887306329524543,10.978062535285826,12.951843705739588,12.730467493642276,10.369292745042014,10.945584837293826,10.821252559786323,11.991888130155342
2490,12.269518943262735,9.343578787513025,8.80635585626877,8.629498646230212,11.41565661915003,10.873489819131755,11.89199042909868,12.754759256338476,10.21773496414966,8.967194748077414,10.362603677344104,13.302572455841378
2491,11.332331160366545,8.911187792090207,8.394868402271793,8.705917426621843,10.638266767985556,10.438488167377017,11.543863932990416,12.232850563659227,9.59033491795595,8.753937909345725,10.05798559807713,11.879854864149777
2492,13.49946395272216,9.952691069316364,8.456819408574846,7.1102170978255925,10.810791429166095,10.25412052723668,14.053940297029868,13.60670641884635,10.87414404224722,7.846429260693609,9.670247817866146,15.65053712945256
2493,12.146256849012463,9.552385839670977,8.412657126701621,10.441347410389746,10.095110634198676,12.600950632930168,11.761669432787432,14.924322838736249,10.0330908273728,8.896925543677565,9.863021839791168,10.781683083908263
2494,14.11118974364323,10.2028500857994,9.667845696479281,7.672369228853092,10.95084841324996,11.587756580785253,14.514282906382658,14.056502299216485,10.817013483055984,7.965327205444979,10.043455492864307,15.74438085744678
2495,12.495885367715065,9.8434921513595,8.530381957432834,8.644561302262495,10.450247855552643,11.7245610738712,13.086943493394791,14.348247036003,10.2945143308043,8.115039911674554,9.784856512653324,13.726218018798319
2496,12.949102401959752,9.865992818000816,8.391961801265122,8.211973109613034,10.362457597976714,11.678247118550006,13.376704345273865,13.638835333666243,10.21870551806909,8.058651526928116,9.844916762054158,13.451281819941553
2497,12.783837716879297,9.809325912723091,8.644071468803777,7.66484106820336,10.999959089340152,10.84221145072274,13.385223582825446,13.69919360516637,10.694765735925614,8.15172777298045,9.749592274969595,15.210507445800424
2498,12.596975420183144,9.57427458349855,9.2612853973642,8.634129828332663,11.537922727991779,11.084526937399879,12.4327969921188,13.09568644771361,10.56612455324987,9.347307409109431,10.970072701491723,12.673932303125937
2499,12.781887206631708,9.625667108463807,8.922180736407178,8.386433390897874,10.523107516792821,10.785092843195411,12.941734926921725,13.549296460462484,10.297690917642438,8.4781057170311,10.614730403966053,13.841524937006339
2500,13.72904701617951,10.466056672026275,8.700581097665939,7.246163284157403,10.963399964504461,10.99412923603738,15.139188421553024,14.120289160565353,13.267956016540111,7.990570717536249,9.691469793447581,16.546137306603796
2501,11.670406283212902,9.166140194980123,8.611888576771445,8.513968574819094,11.00922351684326,10.738506010499531,12.104753293847555,12.863233492355393,10.018836198929531,8.53647291114995,10.159861192302749,12.575826979330191
2502,12.326145923614568,9.334400169966058,9.299359259537827,8.487533527838671,10.892163347236028,11.220576307203043,12.367201036691155,13.267566685440674,9.930388443286896,8.296134966002626,10.505528319321959,12.618579267030908
2503,10.218963781927652,7.945479853171651,8.887581691386544,9.51839785511176,11.938778226396526,10.375494649340869,10.288907839048,11.83928362629275,9.461006383714807,9.174916031674563,9.710589522425803,11.666923569943531
2504,12.67724636925781,9.795522506398902,8.818075188722203,8.685700056071,10.812230137478332,11.462584958011348,13.273875156916262,14.071592626810293,10.34369745928121,8.154696821063173,10.063280113117704,13.769231267927747
2505,13.10492353294254,9.746004694329553,8.442227551479737,7.8673592562122945,10.578018352801738,11.09225862515095,13.550824502470423,13.317067719393181,10.540273840607497,7.958778533616627,9.832932916362331,14.766943305937492
2506,12.189653912123672,9.18614513634855,8.498589839966655,8.899002807026271,10.264165027968977,10.796039263325634,11.500969829075942,12.412617188619517,9.844939235380611,9.546046186705679,10.62599637670794,11.86044825656381
2507,11.87318998584779,9.268659695147505,8.416872008919762,9.179983171966068,10.452907421476473,11.579764150978246,11.436367477033315,12.691573691758759,9.554921053869784,9.212147282510523,10.212958994148867,11.055613176728226
2508,11.99474228071872,9.74926624862481,11.476041210385109,9.840946242424371,11.164152118190053,11.538574696145446,13.514217720855623,13.63925875004474,11.295509181591466,10.712573387997857,11.166410697192504,12.870640690064697
2509,11.377537322581606,8.549675410491666,8.859896780577666,9.644753038990924,11.809036468649884,11.014600778611367,11.374993436135806,12.987036604096152,9.772671748823413,9.393022654458713,10.098177430698032,12.687177048188222
2510,10.887955831791295,8.14194333873456,7.907504474430079,7.997537707072809,10.603088547252991,9.754343063444566,10.729812617666058,11.92012319297395,9.385844584233638,8.331094146772497,9.161008737024975,11.526889633395012
2511,11.180740166719655,7.9384414074659535,8.034964187368823,7.912263705797798,9.879455613126577,9.641728831839806,10.078507447667246,10.668622476058715,8.772126823002633,8.497611352542592,9.522661503012827,10.893495379479715
2512,11.07593812155916,8.409924108089621,7.902985324402996,7.348939024146437,10.996692967169263,10.164582696826454,11.864681626846444,12.144034158671575,9.678163774312264,8.018837217178287,9.053804703659207,13.197650407319518
2513,11.853650569954373,9.035401711314558,8.41836082433771,7.95624803166349,10.831957058494417,10.948300318039673,12.018957691800178,12.772567767739929,9.87057152751796,7.950338246593697,9.700976584737075,13.133041646554297
2514,13.000324002121612,9.579666794177506,8.703682907166144,7.609740331693134,9.878054896289017,10.471288418197641,12.766101107158331,12.972560924669633,9.813100738531059,8.284625448721728,9.454652271948206,12.81303227347299
2515,13.33428344257755,9.80351790537862,8.199373217199737,6.820527030440029,10.05378693443818,10.958154650424968,14.136772996264583,13.84008592947043,10.334728746892868,7.7029355021291215,9.493450356431769,15.307729056167394
2516,12.221144135934182,9.519367532739858,8.28264825682405,9.29226034445768,10.020101350097864,11.516664703401315,12.557644382152708,13.464861586065394,9.856220091625683,8.83936015741416,10.04595081253844,12.130191076598596
2517,12.686837070955644,9.117008434724335,8.098765977576143,6.716631343792747,10.364524048295966,9.922016466822303,13.246063058845863,12.62324606834826,10.191644771854588,7.37189012230022,9.178912179092961,14.021532230483867
2518,11.410350711876587,8.352444790689342,7.948624988928135,7.402843727562416,10.09646530745037,9.999521314372506,11.493291364218468,11.91496304029214,9.61527080410015,7.728650942659975,9.089906810934227,12.633241524707062
2519,12.94233573305331,9.763775518514077,8.109591969200283,7.268353223041393,10.288825488554991,9.843604382347896,13.067623271159256,12.996188232057982,10.165154535567456,7.76953129325687,9.519188113190243,14.928391065294319
2520,11.970861867157078,8.42355534124139,8.204661476017561,7.5120629863368995,9.997022628766171,10.034357816744441,11.664965111869783,11.934195835200011,9.741384332586389,7.682211835262902,9.19788523653414,12.845419263782372
2521,11.910303362076451,8.95728884812765,8.047748444562096,7.624314851048116,10.077067317922683,10.617712302172844,11.805985774066187,12.43805306828998,9.617583998639137,7.875422354787043,9.197694214452724,12.789541856767066
2522,12.801439318997705,9.062513474694104,7.947113740664466,6.911385269551197,9.588623016693024,10.240842088579184,12.791043754010659,12.492488971461139,10.202859721868641,7.498067902498107,9.28325058067591,13.214900031717413
2523,12.75390602790866,9.406099403861894,7.838496195359978,6.365609985695175,9.510330948882597,10.323045091299365,12.896798762795648,12.404914643758397,10.155673008393233,7.541913517368677,8.968453191151678,14.379674218215131
2524,12.480531686449705,9.1472624991161,7.907214738066868,6.920481052010862,9.53095267416025,10.5382620486622,12.397467485060137,12.481193213203387,10.07389475578282,7.717453482205521,9.110529787926957,13.61145093171827
2525,11.714542842107726,8.652050523844188,7.970783477791773,7.350260511969086,10.722214893325436,10.050403549957611,12.451137563821622,12.632084504289026,10.113401482281926,7.6630973757495084,9.04329005933324,13.510133760717295
2526,12.606255305119308,9.382186926214109,8.055975620933285,7.632215838522932,9.838768486047375,10.117641680827782,12.84592060645577,12.93592982445124,10.107166586170491,7.800189785638825,9.33468587883721,13.598266082477114
2527,13.409123273215238,9.79650441167079,8.191711898304332,6.838709365623245,9.920658908707548,10.454906178449386,14.374967603320421,13.085665908911416,11.00357906621317,7.6880959746315956,9.36754186355903,14.815487904474603
2528,12.804407990006176,8.965655140345174,7.910490815569065,6.841988230698886,10.047895310331267,9.947239673496503,12.95939366723095,12.403937233367593,10.094239018107817,7.535729553906993,9.246432340267491,13.597140317590142
2529,11.017912751278388,8.454872151116632,7.913376184485863,8.039466366665454,10.380817540512567,10.143134692870234,11.455402397303288,12.35788670290312,9.683178404952082,8.02038712273,9.088785873365305,12.572631569283377
2530,11.56948510604112,8.613935578522215,8.049077415387899,7.428158885403594,10.843972407910634,9.809490018607491,13.212306513197632,12.47149625943105,11.281452494344826,7.681854676725889,9.166189674429766,13.093265276374758
2531,11.159909634158893,8.000513467171974,8.271373298738665,8.450895137963244,10.49607468022539,10.158641329443522,10.78358851326487,11.587635139766135,9.264014319336978,8.755668818547132,9.549979826692834,10.7940987735689
2532,11.22076920318461,8.4138412787063,7.817804033512431,7.839568348366726,10.385981360202523,10.252454802842685,11.521665145166352,12.514038559911544,9.860704377890446,8.075807979507102,9.02273781728351,11.892686231071007
2533,10.956197789939395,7.988989418653282,8.137707490279329,8.273093445424607,10.396888978730054,10.208036724837935,11.08048393611888,12.143902077143984,10.335948264267916,8.22110908841482,9.13078170411114,11.565002961565787
2534,11.255992502575918,8.302684991469262,7.991268592969355,7.801768918395151,10.899346608030914,9.890024182874228,11.269186169569908,12.439580560737934,9.71933761678913,8.052009602508305,8.999706139973004,11.899986485633157
2535,11.122039548391925,8.185998708363423,7.883018740075997,8.038613467577933,10.202135889335104,9.732894066577634,11.33449711271393,12.07415210346194,9.548982635566944,7.972143159249326,8.9996937299642,11.62619282126888
2536,12.398597464294454,9.180328580771848,7.922650571484723,7.710775634390988,9.458588459772212,10.344184501774741,12.54622203355316,12.923279243463387,9.97772820194467,8.253491222666725,9.299227759214196,13.23226118762857
2537,11.590829513317946,8.516360337158634,8.375121004391108,8.452750953466483,11.633894370235648,10.292891658064383,10.950546986428659,11.850693693195016,9.622899790150218,8.489932801320885,9.490014101655714,12.150913676265903
2538,13.26117577728746,9.72896586525217,9.141100909955531,7.892238956831974,10.867824077682194,11.117798523514274,13.488494175465124,13.42164473973688,10.4189106124265,8.104002245668532,10.301418969411706,14.209791452498042
2539,11.870554559713224,8.566679123340887,8.099365813187577,7.601435104994821,10.488964130933848,10.335389155822126,12.459260127940423,12.600598831916106,10.053809157005226,7.606154148454206,9.27486232197478,13.465842514869589
2540,11.756914521400638,9.181747201475623,8.21154757377309,7.787117181392324,10.69780217833041,10.181925651515769,12.584381785227386,12.389411584419008,10.172638280128087,7.798186042367633,9.390693879381079,13.61141184232537
2541,12.389703727253973,9.557711198492818,8.286527525343836,7.278345207886119,10.788308268454177,10.489692605414177,13.009663939420198,13.189700252610303,10.306566426168466,7.936654970256382,9.293997359813256,14.39449685630732
2542,13.550185719981734,9.725034394263185,7.979216824094065,6.462166967094912,9.918973278760191,10.107779388748067,13.854952695543954,12.95762826521956,10.213817760959305,7.325763931738999,9.195315780822554,14.656626749192565
2543,12.074299531722556,9.515172246789893,8.676522614542003,9.248383465678593,10.407968311466494,12.24060997770518,12.190021560451228,13.98283576185969,10.131266124860588,8.56164906859839,9.850891641046763,12.640759024782508
2544,12.517787414127223,9.484490451741596,8.17495541356998,7.584761994115874,10.320585873963292,10.294240383220608,13.148441623588488,13.290368652883071,10.071633205091013,7.740863955225788,9.5040941562586,13.702891755113736
2545,12.88016486857104,9.450493105660515,8.241320667832142,7.337236620715034,10.613529736542137,10.123676375165527,13.324555251018088,13.220094148529896,10.299235794791898,7.646810458550308,9.369368783781342,14.576910424567291
2546,12.84359768887927,9.683172027785862,8.302719037683554,7.164614189193642,10.515964468552198,10.417732206430609,13.360849661320614,13.127508502216006,10.609322856485797,7.5618539620224245,9.41419757651953,14.926646039144151
2547,12.926092232593993,9.522263371870741,8.174855327744037,6.673877757584493,10.441121144194149,9.829518571412994,13.512507536599976,13.07167149309226,10.212500612440975,7.389767280234276,9.384720400437365,14.934085340825188
2548,12.903074979685533,9.285037523855028,7.871943299934221,6.882728403265228,11.016252478074554,9.78095869729987,14.161581746135141,12.696089305646463,11.284910716746863,7.7958418002559045,9.227043510681074,13.64325812642937
2549,10.351352216680173,7.61937129231932,8.230405818013871,8.379072766339444,11.528025186309293,9.852382722238154,12.037259664466426,11.722527194651793,9.735395011874678,8.878833709688866,9.750886498630617,11.577689911463953
2550,13.064302574473409,9.785167960921255,8.609132985096306,8.854593980379066,10.311430775888141,12.211676832007818,13.30004008426341,14.021326677148956,11.241776652241978,8.221428784590259,9.850320047757013,13.348722148465924
2551,11.453109787310668,8.934155013054413,8.560610237810168,9.027646062981614,11.18819074804789,10.188021706429069,12.229883500156479,12.564782089772336,9.711676093199948,8.742641075496042,10.259050366028326,12.900594207817518
2552,13.143443675897291,9.465070439072004,8.683714579872401,7.934880054003163,10.280064046465789,10.450177720129945,12.249012167732303,12.914478813343724,10.135976916515723,8.641046954874858,10.546547105438728,13.163859671866177
2553,11.431420144646975,8.20087891116714,8.493617816891938,8.418845216599276,11.718705952772659,10.076451801953985,11.345952301688198,11.903125290343262,10.000069172496861,8.975001014276582,10.19542778169837,12.434545751687011
2554,10.871120918900225,8.440520035048669,8.795033617234802,9.200234159437752,11.508072420114182,10.598054245976199,10.403297028851195,11.725864313700576,9.33520579437358,8.970329280235125,9.951160532441191,11.328528681805984
2555,13.683803459851482,9.897125961403587,8.316357268770052,7.430465888402859,10.097187876657747,10.967937936146871,13.859099873477739,14.194983153019695,10.47249998585349,7.708013196688349,9.598084165333745,15.00558816640973
2556,10.806278642868957,7.843682298726598,8.475254112243697,8.621879895939557,11.053477222970969,10.129759320853307,10.486044059750132,11.93898515879975,9.756008733210006,8.465668945039868,9.936685108884719,11.961658374838823
2557,12.386745291093174,9.160027039691233,7.915473825105082,7.783905452534222,9.399877139600981,10.524168278422454,12.262212516795886,12.887659952403716,9.978047735667996,8.091788075426077,9.249330335584865,12.470851562486336
2558,11.848612206275536,8.869217521454864,8.198258654569702,7.818834812450659,10.602261765875863,10.252266341767346,12.463455966197568,12.54155507421244,9.747241100991216,7.867436950983808,9.47051460969507,12.809418189493027
2559,12.556190441552857,9.224556262626162,7.582894161054981,6.940307941115079,9.13406869316077,9.621512744708696,12.369008739769024,12.340313047473384,9.918349593873979,8.223531229087637,9.272292493603608,13.411388707256162
2560,12.009856235449808,8.880389431702552,8.48520028866912,8.30343877128463,10.516436086804982,10.576830118353632,11.584465247721003,12.604430026697713,9.814217403353213,8.656166213242496,10.28377080718002,12.160047587135153
2561,11.586991776858923,8.727259049123703,7.94262136974889,7.550844745626753,9.781928639230935,10.219923917102127,11.951249450560493,12.574898058934437,9.914303299654527,7.876106294968709,9.131152255223828,13.270113937957877
2562,11.605095007734448,9.036200507451523,8.7662421474882,8.654855536156342,11.400254644700798,10.926857434137348,11.334719356492505,12.722735947357554,9.716349806710072,8.850178149113857,10.177659719135844,12.250173828216894
2563,12.052632460848432,8.824929401990737,8.009829291892547,7.527179370112263,9.74190821641425,10.280018400016527,11.707264388567552,12.46584531225648,9.82694707847049,8.094597541569694,9.20035676751549,12.619603108720444
2564,12.855832377686728,9.71703580429406,8.574722460389285,7.781531081180664,10.660438456527483,10.499900128751694,12.646716006094922,12.93490403207458,10.33802253657453,8.568637519063742,9.749427148878954,13.717814704058561
2565,12.449543889984543,9.49514504184232,8.365808212459317,7.561753774132764,10.591749355224826,10.11059374515238,13.168134841861797,12.990856995664206,10.732016942899534,8.529736506509458,9.93656838307404,14.658309032894461
2566,11.60087973467843,8.72639524093108,7.9662580244225305,8.135319990869158,10.384366420622442,10.207503333158932,10.867849286261936,11.535728411375592,8.945813731190611,8.380981243600809,9.425724279002488,11.316563547281739
2567,11.112294903633934,8.314041561465473,7.845037813152406,9.192413610390386,10.081255476059429,10.524570285249972,10.643819225080634,12.822239127101497,8.983442081607006,8.99309966842639,9.833007243184959,9.329350880270447
2568,11.274347501787059,8.614546312601723,8.340070569317554,8.257972575429473,10.331623609879605,9.439122376088855,9.50769071503513,10.098356056655604,9.126359768886037,9.274066448870702,11.185753554082922,10.61648518779668
2569,10.98418396508623,8.338203979353564,8.019365874886422,8.285827178974143,9.976266793530836,9.610849243741866,10.20881426350493,10.701563993859576,8.76980203451281,8.668325464253455,9.94499532391779,10.581934239281768
2570,11.581895671202618,9.616474080363474,9.209767936127772,9.201214873600865,12.855452554916528,11.534750656019867,12.440126720970087,13.045491409201109,9.787148196285454,8.663051476253369,10.04658913856198,12.941164981057742
2571,8.64823767014695,6.973230540175505,7.897863313204633,9.31663282413675,12.19471786151999,10.420213209071122,8.788605477393991,11.767161579024995,8.717100757237192,9.028004853027424,8.833271319138557,10.656307553662097
2572,10.993087264102561,9.008540917921453,9.683295245362583,9.608695452866517,11.947456063370925,12.201971518890083,11.412142490693466,13.121922761688992,9.515244564247158,8.98909631885296,10.499133107106811,12.17560073311747
2573,11.520917644988348,8.074766850974209,10.27526724653465,9.793357400305725,12.010970328564508,11.17301888736073,12.189175889013345,11.409245374045675,10.406812490652218,9.585692102240127,11.945834950052435,11.107298804166273
2574,10.107718410894984,8.35569973765787,9.48641982333929,10.599225801271217,12.761731443823258,11.418840127871537,10.307675538364885,12.410052408890287,9.253224080691355,9.367160494871731,10.37701293614776,11.106691101322902
2575,8.864405270520574,6.616696639405095,7.915663048341712,9.222841843800259,12.30457930344158,9.787090653389125,8.886285376206276,10.625165742731813,8.836384569726242,8.73567713852857,9.163965734995088,10.497610875722863
2576,9.460969797928115,7.111894444534618,8.869449010872355,9.49779940045327,12.001313422405653,10.712732153817855,9.686680335284871,11.195486070084684,8.828810752933457,9.250732410611676,9.746692687690409,9.845023472520257
2577,9.187678191322599,5.784191625039908,7.979780950922004,7.641702232317245,9.513909400020772,8.682323665640908,9.335205611249284,8.514954836629641,8.24751612995933,7.336540721028758,10.351317217916076,8.68160154379245
2578,11.872092234587445,9.824602407131003,8.37835668422774,9.339565210743988,10.976802650095717,11.683082082049804,12.294347800275414,12.90108336502422,9.970603644823303,8.778587801882994,10.20347745492069,12.225550832395683
2579,9.650371823701162,6.405983901429584,8.178793544721184,8.613500173250575,21.440113569685664,9.9028869428241,9.780311629996671,11.6629812057488,9.006093821845042,8.595563268891059,9.21175626711298,10.174689581212387
2580,9.643447522010126,7.442884877330389,9.104997332071369,10.263203832122914,12.018484180250509,11.05462810203494,10.28691033858375,11.87384757779818,9.160109871666066,9.437173785219741,10.16382571102058,10.503196612794596
2581,10.51073521413278,8.016519622495235,8.816302720494658,9.480155535895392,11.710080923586107,10.78985505345422,10.2239262384706,11.481880773243576,9.284829454489662,8.413653133632359,9.88891908338256,11.085097670191555
2582,9.980470563861491,7.910942643404669,7.980561936174936,9.205637091122451,13.626347036336023,10.418479238327759,10.570788790811806,11.945002884990878,8.961293675447614,9.057243493928262,9.908824936423319,10.849698132290097
2583,8.77748015946651,5.9313256309411875,8.22708351107804,8.196830922444427,10.886407389808326,9.602963441050386,8.381250227342557,8.702370280601551,8.401447916276542,7.897404631070415,9.33014333652702,8.832666834624609
2584,10.63592348146251,8.029185787038074,8.039150544377891,8.457630412826607,11.223922414584129,10.369366552068115,10.383290031309148,11.43256085250723,9.110240311420274,8.430534532094304,9.64265219371887,11.522581994839356
2585,11.664108682013683,8.526395250555352,8.151888596201971,8.182036393654705,11.309412272330103,10.845042394151266,11.605322399017123,12.314427313348487,9.666448663885365,8.355484822471249,9.424683789357688,12.619107618360006
2586,11.39617814717504,8.758600411975785,8.164489156467619,7.870088726360882,11.029553152464992,10.799404345830977,12.05272465520331,12.540491708889387,10.005586517213883,8.102463152441471,9.450882117811776,13.271406905378473
2587,11.483303039261706,8.948440054823717,8.54272529369303,8.952197726845974,11.290721458296492,11.11404220673513,12.018736361938734,12.87062779893149,9.822217378922648,8.508819786284022,9.968366893661065,12.045824707188146
2588,12.199817340663412,9.15604334759911,8.171028132645523,7.792200104713049,10.933348729396657,10.693251305486704,12.52846486272579,13.000018318085488,9.986518184324467,8.065885586091213,9.546595110599533,13.438031222951427
2589,11.15715523301353,8.31562937426921,8.202259807444284,8.24827675172856,11.198195310645563,10.620181240050968,11.332210482905829,11.958989358279652,9.699748701602754,8.149012270034708,9.438358383924957,12.519546161406216
2590,12.825170561471111,9.261873092090864,8.515035224543455,7.788773559094269,10.599331648643151,10.907915808249397,12.671141309240033,12.976684142233962,10.154342394600636,8.127118917684387,9.713579470717534,13.995244877347478
2591,11.694076311912372,8.978275721008913,8.018220371326919,8.02618706772369,10.676039623920637,10.558643274737845,11.912138795306596,12.483383546367127,9.924509700242035,8.15610285505121,9.50196785924647,13.105407654251351
2592,10.720727682554967,8.448746204076462,8.002369782517599,8.678551694773216,10.824197569752286,10.493433384699255,10.784451061155345,12.089935226537632,9.346703051761558,8.772325356034656,9.62236919427961,11.805739742678334
2593,12.24020847712293,8.909446387923342,8.14961118809554,7.454456462817841,10.683049521203824,10.376965825753325,12.522411039706743,12.503894547230258,10.087751836682234,7.85760963933031,9.334558451742474,13.610261702967595
2594,11.51571140374995,8.896941588750948,8.268931844986477,8.417265467617518,10.945750653028323,10.619980821344944,11.235735511614962,12.245110227743247,9.294649778019279,8.37418709206451,9.573578488883243,12.254647250682154
2595,10.767655402158047,8.167665433918692,8.12372587482649,8.954914877565729,11.353541181910064,10.781477347029192,10.819122676128035,12.478985807821633,9.48450892670621,8.448497632938885,9.400764834426019,12.04940060406149
2596,9.033056944771616,6.525716135565899,8.191389905589809,9.435679765750363,12.282585722970179,9.85618690544845,8.903717286288593,10.767265074609035,8.781988350714265,8.531404128523976,9.443764396037523,9.967670952015363
2597,11.165976209191996,8.219071623477799,8.13153202033631,8.132205755387297,11.009677593490677,10.411912524156097,10.97026844043768,11.905352643201535,9.426248001534443,8.110973449715836,9.257200300510954,12.549466784566555
2598,11.612538431281282,8.839240531566011,8.082939570270817,8.148108054936714,10.354705313556952,10.067019007422392,12.091674669681137,12.50646598203927,9.716325093283325,8.235933723935721,9.765386100519788,12.816095556839294
2599,11.682435373036991,8.961944752099223,8.028544755830223,7.623722700665969,9.859837491053298,10.191052176329698,12.677772418717558,12.824940655800354,9.932028498683774,8.050744336570876,9.467011606021284,13.289465863104464
2600,9.035821537391065,6.635876176374163,8.051698555990198,9.159056540146675,11.817669310106169,10.108914905717018,9.059253588837894,10.713076585301922,8.666565330698058,8.88452489516047,9.368641023541159,9.949287059821518
2601,10.768055354340145,7.959790716175899,7.981209541536786,8.11442648811303,10.577531166066613,10.032226112082794,10.712274079901364,11.961018278210359,9.692315436315338,7.92956951155883,9.177110586536784,12.270199245485617
2602,11.422817454768403,8.526536565187454,8.177972551905922,7.964938798737085,10.411211677777736,10.033014399539631,11.456605210793423,12.297679557856224,9.703853699962217,7.966064178784917,9.3279995163548,12.411870157905003
2603,11.291293534561863,8.52830655880255,8.189299014322776,8.075075380900893,10.414485998040941,10.12190498918989,11.830273881095454,12.495850433912988,11.38902319627827,8.085938648878278,9.137061282433008,12.66217071295829
2604,11.223210798274373,8.639160620208717,8.065783002376921,7.9169358206743405,10.621230313140622,10.166688135087611,11.631666332710935,12.432186871816711,9.892366645284957,8.014959362847227,9.362023134788272,13.039416483055154
2605,10.850272697379953,8.228332507925899,8.003888445800479,8.17914132688186,10.421193267226123,10.06023656940177,11.178073060234176,12.250110755200314,9.66963941706486,8.11298819079373,9.067706611389236,12.19361379578465
2606,12.772049541845409,9.118358104242812,8.105217643799785,7.027470213480549,10.592049041544028,10.130582172555034,13.003502205467628,12.831385828046589,10.301622418874809,7.790498702777792,9.438228242791345,14.246619816584964
2607,10.756259794729115,8.036126781957321,7.768814282199838,8.465892710320762,10.799258315195079,10.304114864295016,10.309589259916374,12.03616513891728,9.194510274974379,8.243840531859743,9.182294276755204,11.569137020023938
2608,10.640581137711788,8.183984210446944,8.023458810868256,8.386955209754698,10.830957091535359,10.04429865051533,10.668569001050908,12.136582517528627,9.540579319738079,8.359290713654707,9.034590919799532,11.942460424668187
2609,11.339243239953548,8.54310609380526,8.059357422585151,7.660349588300405,9.888987562386443,9.955081116659162,11.96440939088651,12.643723043942346,9.6549122980323,7.905219976611532,9.231825960047733,12.779753838768958
2610,12.758817890858948,9.392502619430939,8.334927171899313,7.442551133793014,10.832901593828762,10.635508953633046,12.96140141146103,12.730089926101577,10.161109884330429,7.9474798372341455,9.550898631053983,13.972036222251212
2611,11.959942458837,9.23712470951888,8.503074615744096,8.798602141695207,8.264029580289977,11.10277727802222,12.24572790975119,13.187934495287491,9.782954755537125,8.572267755495169,9.833540462211738,12.258022060047661
2612,12.784671613612762,9.576380758867549,8.261656833316799,7.451187594705577,10.948651084079973,10.562181374351278,13.04265848607104,12.868641876113688,10.41148847267014,7.831544822117383,9.566292494479432,14.311729689901941
2613,11.379023197859585,8.902034566154104,8.176795929282335,7.6221059882787845,11.130527071433743,10.67935313072736,12.432566954545607,12.89915678630587,9.97570928343929,8.129214683876558,9.316337451138732,13.211960994746729
2614,11.367621478496073,8.853036733857133,8.080945762017551,7.966922753330186,11.075234393171453,10.388624759403225,11.17314936320731,11.909535423067314,9.489831423216629,8.427048188213504,9.535078594027302,12.448844153310123
2615,13.02124777395419,9.585946266620025,8.17007684515845,7.101606229457043,10.769866315714527,10.406011492152697,13.386098044481752,13.133857064690918,10.203184615750276,7.692278691608482,9.509374190554281,14.372344613102555
2616,11.051080697987896,8.545982659309406,8.037886387688982,7.968937757444174,10.895487635552547,10.589856080484935,11.647419029270429,12.511933060321123,9.729321035736955,8.200981832985706,9.426014644168895,12.487780135466
2617,12.97173411609733,9.430681565461555,8.156894896905166,7.286745714134478,10.687266417963109,10.683779904604169,13.299572169901321,13.158473262939435,10.23075726201473,7.979577579570584,9.333249766625581,14.258854564380204
2618,12.742811797905194,9.707568737581433,8.300009220572637,7.1742639459145146,10.877219980799058,10.405460358934212,13.388959232129782,13.233018614449664,10.398803352997891,7.771190440119304,9.62660107274155,14.733035712104892
2619,12.093769433887337,9.077449554604684,7.908085361546036,7.933065623717281,10.517687521505223,10.748739408361597,11.974617385571301,12.408993735246089,9.6352460613668,8.117291461841663,9.39140694884548,12.943361521920579
2620,11.394977533457485,8.841353782705433,8.013197623107017,7.985160570519341,11.1452802836979,10.579877112122034,11.993854400944723,12.637000110586065,9.992420335886356,8.338896459208833,9.411967673073931,13.15229898663478
2621,12.079122215483478,9.271616481282695,8.202624071135219,7.929217985972238,11.014734321836375,10.782648979314033,12.448762307785373,13.003860897434864,10.093187101771843,8.193309693804919,9.409272250245396,14.031571950889855
2622,13.590467752922743,9.972188400836338,8.497098132448638,6.954426423440244,10.981126471488029,10.52120226082037,13.938238398906563,13.762622626144056,10.773571953509949,7.817673147938118,9.658033369370218,15.39491539108226
2623,13.156834523406161,9.687366404736284,8.189454994397558,7.296034920261805,10.949207801249644,10.416200634424307,13.35156231161543,13.176014928845722,10.45262962983757,7.899983671985726,9.599770138428568,14.960076080468085
2624,11.534069971309389,9.31515544047879,8.182797758909434,8.34191586669764,11.152125983245071,10.637348782740748,12.30407764083462,13.07571540430687,10.001966213141781,8.307746462599882,9.76336141957566,13.465883905994026
2625,12.230301183356994,9.277605172536871,8.25766821904693,8.152178463073138,10.904333419184812,10.642513354679554,11.9485819991834,13.00678388149148,9.750901812753545,8.617293865841665,9.68407193924084,12.505786464699552
2626,12.606372708175506,9.425850702355348,8.183354891054229,7.314538824711397,10.866186513999196,10.473473738964412,13.327541319488379,12.997528400684958,10.230749648851166,7.991182136607434,9.486650056790374,14.223119010091404
2627,12.763611124746337,9.549639251922384,8.252141020005155,7.599652385192097,11.011514005932344,10.714288585493112,12.866137217400954,12.956543041955607,10.242771929543698,8.049272442211825,9.611285495063822,14.504307426964177
2628,12.740149538559217,9.496907407965889,8.351304958510212,7.449791333690774,11.037767417015683,10.761805142551788,13.362538956277273,13.423236791411885,10.364594463454662,8.035511801645084,9.49227966905316,14.676888343857216
2629,9.114136460415931,7.174629905514484,8.108362309695737,9.587263853142808,11.729642941893442,10.499385047682258,8.93005908357345,11.52457103608882,9.103780011773647,9.159379106775043,9.200425385133125,10.169600711978038
2630,12.421704172696703,9.609101864264481,8.214169215401316,8.19592104221747,10.627072692041352,10.59728720208793,12.512199310349455,13.464919855216053,9.979918646689026,8.12484345770493,9.84623942690726,12.864183416977408
2631,12.556178303174516,9.411969753933324,8.15717576398759,7.382582486215951,10.672844060355605,10.444848672367858,13.120847511708583,12.826734221451343,10.211583072929109,7.85320733262591,9.454111153659841,14.579240171519832
2632,9.859291940216938,7.284961015407168,8.285817691006416,9.13062455051644,11.31509063874791,10.238720301888435,9.612792551452038,11.633732536669896,9.141789884601089,8.619134517313366,9.159908497795742,11.218466905042233
2633,11.923877231057155,8.728338851230538,8.17562171514214,7.645512937599989,10.942802137553425,10.531285933441907,12.32003367230638,12.665340921646921,10.07926871982238,8.025266303635089,9.420120448691804,13.429588988134878
2634,12.905076393730505,9.735047396893478,8.082435499298992,7.9509635245496115,9.962448536146248,10.850166728341787,13.006650078804489,13.835646396207778,9.974765207822825,8.049429745010103,9.618483194433257,13.496289841071416
2635,12.993218035017216,9.444975201480723,8.030523673819035,7.404474893285301,10.162186066886475,10.32225854459963,13.388549173776665,13.069125470975267,10.192119833884792,7.870448911005058,9.36721991597369,13.958183580880412
2636,11.441885050826116,8.408045400051053,8.047276358636218,8.580390592690067,10.370901829117916,10.623853203577909,10.098546078110664,11.403122249196489,8.868877763170063,8.720080565101847,9.70446290622539,11.14017876260664
2637,11.035566135033488,8.44758000688142,8.044312403209164,8.124108512914821,10.752731017248877,10.299422606070692,11.139317839656632,12.219352494347792,9.698640183150033,8.063075918392105,9.274114265675946,12.40616209076595
2638,11.56072914625711,8.569097024773297,8.09474740846501,8.013840016005602,10.516859841666633,10.121350295069348,11.548054627337317,12.188239271326456,9.618533275072584,8.081734864429453,9.473459027556494,12.309015321397784
2639,12.666297542970863,9.584684209996636,8.384829614130858,7.855917498788751,10.710448293574375,10.981609960403123,13.085026352847304,13.057985474921757,9.738184193539507,8.0739172246212,9.773274267067318,14.003293497806109
2640,12.311221074782306,9.35052409792224,8.290468471851806,7.696437267755298,10.866407256283019,10.41333584096758,11.83501879898918,12.424082954737937,10.112360743040202,8.110909048302972,9.498044758043632,13.987862834377042
2641,9.80883901892628,7.756056704318581,8.199217329121261,8.598582452734636,11.085409751651333,10.055835936422056,10.182299418302051,11.860649993640141,9.205351588260342,8.517718848935719,8.909153968099343,10.79672252519376
2642,10.78215709682509,8.022995989435573,7.790785680454692,7.965565683877682,10.027259441896522,10.37875319829127,10.305494827061054,12.143370247270422,9.277550242252827,8.160455956035904,9.115628049559664,11.279354729708801
2643,12.98065324750976,9.501936478286964,8.912116822559641,7.70066046946093,10.390352566210849,11.013294170713184,12.923373462500047,13.078563460168834,11.249462884678696,8.355454039258813,10.016808898923642,13.735654278179332
2644,12.135880417592029,9.17759038733696,8.534359711971437,9.54666707151965,10.469492255010977,11.93110440972312,11.118885272058261,13.232035542931925,9.806687744768329,8.58882372728519,10.027853071668915,11.550108885789784
2645,12.615399884153701,9.371915974448346,8.448534767383038,8.434881460805752,10.199995101385323,10.368822962451024,11.991208705017833,12.614823036466854,9.776454923267773,8.720884165903005,10.356046611200417,12.244345496051029
2646,10.073216402034403,7.436160266204037,8.212266438712037,8.769375598769917,11.36513832323277,10.298029711156758,10.173579499811668,10.872889629430016,9.31005924407073,8.703197388765968,9.819462780856545,11.276626720226524
2647,11.8646986814406,9.033103067780191,8.165595443432219,8.403094848318897,10.617868703108275,10.410478333508603,11.429955233041728,12.491631306493549,9.604700767066507,8.573807389822267,10.163873917262332,12.373462780545175
2648,12.057346658214403,8.901044210332238,8.20908982880089,7.680959364750798,10.680970282243681,10.592753382079053,12.37286777415013,12.973044367560071,10.074669910600623,8.316218192007542,9.82044357980621,13.61666323601889
2649,10.395207951490525,8.161148625089158,8.05009314412963,8.146303710855083,11.212191459262042,10.294249136379412,10.774565931794466,11.805614870539639,9.61148425801315,8.48515248492871,9.485107083500733,11.78102782778815
2650,11.594719898542428,8.411296800526944,8.269136408765,8.230228125790706,10.693738986979506,10.713944682292762,11.449455459371801,12.636896568647384,9.264620745492646,8.531317020956527,9.449058256662692,12.134428247760756
2651,11.21495910149783,7.777617676754937,7.959304629908679,7.837847686118726,12.41976875325247,10.145480492437693,10.987107383534633,12.11218932646861,9.295343494874478,8.468515563589252,9.213299990504272,12.283760062641143
2652,10.43581431595641,7.475661351376036,8.354058398561772,8.109244143537724,10.921615511923074,10.190119122911192,11.000538141687212,12.35688224277956,9.20250665872739,8.268018902480527,9.09330993891698,12.153623046295463
2653,10.467522214934448,7.6686318842450305,8.073357593543609,7.812090728623886,11.702745199097052,10.340358976842346,11.355721530818883,12.473865814604135,9.19244635792592,8.390402974587978,9.190449684596611,12.123666597536374
2654,10.433424450306424,7.030360816253481,8.082757787941292,7.849055835140497,13.078069229635926,9.945933895849835,10.633928037846685,11.806545848705216,9.210876092848181,8.376513953127443,9.013809784787373,11.771647554430299
2655,9.153133690018775,6.465497393407352,8.220812235803248,8.279303504197799,12.835293335553873,10.18486388435448,10.074537531941843,12.328350458828563,9.165057156839667,8.614437319488507,8.93912876230823,11.5889333311634
2656,9.27961754643592,6.236876919947702,7.72258165705418,8.146463909826268,10.3959370478706,9.072057780965157,8.660451718983179,9.428804096463033,8.804708984580916,8.224309236286317,10.663693959427857,9.646747435569157
2657,9.42144881648151,6.822264227596518,8.523494293117935,8.375755981238171,11.109919042778483,9.705179531268652,10.086953384194661,11.397852043701878,9.134071346232911,8.041044161753717,10.061924280922536,10.397151338596643
2658,10.261790386143028,8.334778945659865,8.502801841290106,9.58830758646484,12.00281589926616,11.463532850283674,10.537584069767648,12.45801618265527,9.1993433997531,8.934906869278093,9.649915848975084,11.593996079892626
2659,11.88093311123306,10.067185422233258,11.178427642138704,9.670883210305625,12.573508968537674,12.388955882468997,13.33985774066387,13.943298286484815,9.935284308360314,9.510410953255246,10.935809877079658,12.905072016547619
2660,11.551972190862642,9.118391810382347,9.680956707933094,10.043408767614178,11.846128878751351,12.262086296471985,11.319349953548915,13.755932981085355,9.545300205911502,8.964862085642775,10.412389079226724,12.114754828153
2661,8.588775222427635,6.857439824046175,8.32914893330377,9.382467689888657,12.286818410094044,10.429232710000448,8.573733077189003,11.819248375093432,8.636928046071606,9.145104847063195,9.117275851131835,10.160827052599329
2662,11.667768238739946,8.891769556707928,8.123335892489008,9.241301758005955,10.248367603026367,11.161248929052865,10.486316728816348,12.403161379193474,9.35828581604192,8.808027393002467,10.012379712060751,10.945949792984091
2663,11.747639502308159,9.183299601643881,8.378038390786312,8.678782251324025,10.495062566581854,11.415592035882659,11.948218025944254,12.477638766089317,9.436237397864726,8.624136983948677,10.083589026081498,12.42229106463969
2664,13.268711123206351,9.4401497129553,8.486493075666644,7.722288736120122,9.96483157319481,10.94970096331883,12.64193163363575,12.658980907327546,9.366587200929686,7.994392929753213,9.597251771777179,13.849065975504574
2665,11.311142489121643,8.830377973133764,9.239305373570325,9.107125487908416,11.703626350383637,11.409694899139573,12.421060252252634,13.000195263267138,10.625227616629942,9.122828923017995,10.752601127803832,12.711476212089877
2666,10.957277364746277,8.375158190887863,9.487889523734228,9.758615644896555,12.036566827446673,11.4341860459871,11.55315477968022,11.65121604412127,9.399302332200488,8.925570464089574,10.826293725641428,11.441806275926133
2667,9.506444749672813,7.279263682745285,7.860968901308322,8.589912140548936,12.124198309265779,10.335564005627612,10.030222368521649,11.753851586797666,9.317649276915384,8.62674740153997,9.104536751170798,11.242491200978737
2668,9.379668955688029,6.5663909476361635,8.295221065333209,8.53095904663688,13.315781981131622,10.052407998131523,9.98701434803792,11.980257159931142,10.417939246178925,8.727449942631498,9.463452998183218,10.549727155485256
2669,12.563096653226562,9.555170036268622,8.54529001964044,8.836478390677913,10.720531557759866,10.829574479240286,11.62178947430613,12.854030435690754,9.93811839328465,8.776977693459983,10.159077625653037,12.44447828515548
2670,12.527624793508519,9.54677217850558,8.403591411390726,7.720528378610984,11.062163329958679,10.73017676099926,12.77705471297677,13.019949476117247,10.286107318853867,7.962391826368634,9.579729928719779,14.24162703342796
2671,12.266075310319255,9.091534808288703,8.137959211989097,6.927010537968903,10.332372861023728,10.087510780383115,13.022051070716495,12.516323578172624,10.269648384483691,7.56775964874968,9.216422510297168,14.36663771589053
2672,11.009369378565266,8.382058846029768,8.072573987403464,8.28312369955287,11.030304232147069,10.423640042082932,11.039795190609519,12.398594740357055,9.697529687039104,8.195873212951685,9.382496430818238,12.457364126524187
2673,11.819989245655037,8.701011399935446,8.52564810682509,8.417064709588121,11.19078612830787,11.00669547270491,11.637005850962652,12.632030707176055,11.196629370448719,8.360381711882122,9.74287163931318,12.471303522351386
2674,10.067671324780658,7.576435501921525,7.966852028511958,8.963348524574801,10.990817605759611,10.217284205867383,9.329388030723951,11.358193592486277,8.892442329690343,8.53019910059893,9.370120508296504,10.607530828192573
2675,12.235799902926658,9.033407964370541,8.181414138700305,7.704413874161389,11.024470568937312,10.456341799073115,12.49196679740906,12.802010454163748,9.985388784032796,7.901756057870884,9.465517101585947,13.334722793201623
2676,11.433457309501325,8.84704746300362,8.155574509875205,7.994850334239331,11.010843562340165,10.523009949235883,11.67673566688849,12.299288040262407,9.825635401192915,8.045159549263929,9.585320624356674,13.179309405808173
2677,13.01723377152906,9.647702231516568,8.838106402377948,7.895327240871949,10.797495465857743,11.064720417091044,12.818894484905154,13.122126899815054,10.489530044279425,7.973669064877974,9.798991636116488,13.90310153435955
2678,10.44923851854322,7.713166877822248,7.837552191792518,8.38349400165692,10.78037410806959,10.000241319822708,10.164974381582324,11.595042898908162,9.086112723790556,8.373848380047454,8.996594581075565,11.326092490634913
2679,11.538391538707533,9.010479565337413,8.224749364651727,7.980339949885048,10.704364909492112,10.711816832711179,11.80443193387623,12.877221086557116,10.875708663812805,8.116426736076116,9.41234840924683,13.206453551453777
2680,12.309320496830926,9.358680112961007,8.378965158148482,7.4923400650579595,10.861264186527603,10.242901954029781,12.62844812584378,13.052636701638608,10.084563671567107,8.309334881378852,9.593131303710702,13.775870517947023
2681,10.977895809509647,8.471513748543098,8.099415612360001,8.293264351264046,10.492033551218832,10.129461693364911,11.747562912870166,12.489425884436574,9.726022408873568,8.161281788436233,9.259634072108888,12.914801244831686
2682,11.178760565238179,7.774986217060199,8.231331907635036,7.968700164921487,11.35232601221443,10.026165417264002,11.283772818671036,12.289092632590627,9.353803291567154,8.15949943495678,9.38533919641779,12.867680014452553
2683,10.210833296819235,7.077187693781219,8.48279457352022,8.33763133085272,12.235736851207449,10.25680131972544,10.925066897544994,12.228553254016022,9.164918745083662,8.392078852173615,9.338323944504651,12.372693814518126
2684,11.581204198127,8.857992953246718,8.163225660191891,7.884728579925194,10.658228735077165,10.390413533623985,12.576233973031943,12.879239804536574,9.970253713813719,8.218775033576856,9.40868501770715,13.397302069002748
2685,10.647231755834035,8.199022226483583,8.129005925728828,8.587645696174853,10.840851479487434,10.467473815888834,10.85028120066813,12.315327249757301,9.345157163998259,8.509880360546356,9.585136981706523,12.07474729208819
2686,11.393616227458672,8.65444754684732,8.282491127413103,7.5862021418093954,10.826393055364075,10.483236345499684,11.876326788299105,12.848695143466106,9.963640412447646,8.104054417608578,9.38387049081809,13.431552589243445
2687,10.607694295289408,8.263997162618194,7.960894313384114,8.984746587263203,11.01796182313577,10.970189511356303,10.356568718165303,11.894746211942014,9.181505665411768,8.506984034144612,9.464195778094075,11.474622031891585
2688,11.613541496554946,8.883458256673535,8.036289090512506,7.782146038191945,10.760228304778511,10.622308001736853,12.10747569442162,12.979504042980723,10.019039006232862,8.10485108375769,9.283834486961233,13.413999763710732
2689,10.679493174231755,7.875150803945044,8.28324010511099,8.118669133263062,10.903085323230167,10.780956485491195,11.68615030078206,12.141914536814367,11.974639618281326,8.149189003355179,9.317539910853885,11.905978526586845
2690,9.766121340296403,7.4649757270839,8.006277120857519,8.71013419179777,11.674428837695515,10.222774585656314,9.867811131126494,11.927878956532146,9.40164488209854,8.605136864866623,9.233442146468247,11.70376235313658
2691,12.894461743565458,9.288609553092108,8.217367905031894,8.214252541300544,10.526564258129703,11.43625963911764,12.353151592851262,13.035088425945208,9.779900702932975,8.223595883172266,9.653929977328618,13.671990561031725
2692,12.584454403463265,9.582391592129113,8.158501300731412,7.529878210346535,10.898720829776785,10.703124021160477,12.925739576279211,13.226853144808432,10.215886869537739,8.072718418267435,9.53928854760337,14.438301958373271
2693,10.177148461399774,7.74438054918932,7.970586133592972,8.69433157427252,11.35010093610519,10.229196986043764,9.724705127560675,11.772057440000836,9.048422312191043,8.771134155460517,9.165078151117278,11.178772634033583
2694,10.83725629201861,8.504683615125039,8.000133915226446,8.82704088737724,10.603422599332578,10.350309030275888,9.868943121474686,11.503830725877172,8.897991459050631,9.062448307614568,9.663591959054372,10.803295652441964
2695,11.840153202671658,9.0141209538107,8.64281769934721,8.344788131661467,10.794482082063956,10.966361614404988,11.641511119663729,12.825876774254535,9.731712829602957,8.41881478886846,9.634361579787736,12.592691598174735
2696,10.169450366491862,7.597785756285838,7.851878616610019,8.596247530075072,11.469459127990811,10.504915010559596,9.810357545026967,11.815793240876875,9.055079121701743,8.48833651122515,9.178521731522489,11.369561270092625
2697,11.391363634094123,8.848645992654639,8.208614003818177,8.163752273294556,10.992344222737717,10.644751317418768,11.517286371169975,12.064824586965319,9.403640487834217,8.227664029753935,9.771081175405303,12.497412969733757
2698,10.533947309437472,7.979627299191878,8.106925189349058,8.310923735202877,11.063522087908273,10.39362314281217,10.751055294871847,11.61924665227606,9.224706869692842,8.295830261603948,9.41888957023543,11.705379090700518
2699,9.533527358280182,7.1040145616975465,7.945971014709746,8.933313820772677,11.956131101699796,10.446442834644383,9.924188856341594,12.450818539655245,9.215755307635328,8.853492428012785,9.147931784910272,11.495501857562637
2700,11.795836933969024,8.817092839203978,7.875336639088479,8.462119112392628,10.257444060764138,10.901945968565153,10.499451233687079,12.17760352732337,9.239432168318485,8.560126502006277,9.647875599332494,12.018351102824727
2701,10.549887008242006,8.357081539766098,8.321227139709261,8.5328178541718,11.161609354774225,10.607703337650591,10.634289727541606,12.37348039650366,9.372120262481932,8.502023343652246,9.368899117745304,12.04209862646196
2702,11.276228274314251,8.547582495509728,8.093160570399801,8.81016779981742,10.579079077180527,10.81651891925937,11.189452632406752,12.21582570942006,9.298749378823667,8.463357571265295,9.345677636456111,11.879020883352196
2703,10.446336547592736,8.180858291837929,7.966699980137511,8.430180308488886,11.722111811007737,10.368965925564225,10.325358129842328,12.121696764149064,9.484794632360304,8.289274087307255,9.159721424184973,12.260121264648564
2704,11.189615399673624,8.49596374349535,7.985638573169007,8.526019446351732,10.717811336588618,10.572151883165988,10.779631716477581,11.988473892003988,9.083094337048738,8.22414221325392,9.461128554756197,11.973487384668065
2705,10.107253767992038,7.719123412335646,7.993687995785256,8.50351091587204,11.567513584889408,10.296453678117361,9.821438044325797,11.58989160207857,9.235002703575672,8.314409405119306,9.398696060403669,11.397371524041585
2706,12.3732670831197,9.37334062300318,8.657473997732628,8.175987219832454,10.390523119663275,11.25057663185088,12.532608259221972,13.258155749529223,9.831625510802784,8.29484111758683,9.753379802313662,13.792497364852489
2707,10.232929407411552,7.953873983475223,7.9822014300545865,8.323129406105739,11.548998423786024,10.476965388697622,10.386513914273387,12.26309045440151,9.558334150076728,8.407888166882714,9.298618578172283,11.979561344599912
2708,12.527245842114812,9.542458025086251,8.39879854754363,7.232030898675161,10.927085363431011,10.693149490136538,13.47843144062022,13.19593341270532,11.24267344844996,7.863755049592889,9.537848266932208,14.479131746015401
2709,9.019244388250748,7.009598806737251,8.331059434403446,10.053467864270269,12.04070487826792,10.071598101174885,8.55180843033286,11.616885969410468,8.990759155161786,9.222165193759205,8.976303782527545,10.254132990435318
2710,12.637787662876882,9.369983998808754,8.47932716323989,8.02596742634167,11.033883641020081,10.575139742615804,12.215476090957743,13.013063471458166,10.27341601766943,8.386131805963203,9.891335164974254,13.863264758713608
2711,10.923520504696253,8.68130692876132,8.451078093225819,9.414756214594966,11.082331169555056,11.386465324311484,10.561759308058754,12.990756100607456,9.826007112823785,8.869565497187692,10.144471374959572,10.969310451471241
2712,13.423168258215734,10.394117881109587,8.957556311163748,7.597608921291855,10.918161867650927,11.281436629607448,14.151451815333521,14.305291435650709,11.327982385586374,8.16837472820987,9.831155376101616,15.800911516405254
2713,11.669343636174233,8.821988293088365,8.757177793499071,8.731499646577404,12.009672191746485,10.842372930057234,11.984794724000633,13.027713980205215,10.257263988225922,8.657833007146952,10.004618073241218,12.767744017880192
2714,11.526463684270022,9.228708797013704,9.30816682238438,9.704747876889623,11.79900611179308,11.742830326094866,12.430393742911704,13.365360956735822,10.294563433419707,9.030792614494707,10.67958551423201,12.670267223943219
2715,9.693876156550267,7.124776079817176,8.316712718807187,9.257926233852203,10.969016921728773,9.97588901419217,9.520596676591152,10.412996885487527,8.636154512239644,8.981546050331985,9.978664018046606,10.247274769022649
2716,9.955074032326593,7.655602777554105,8.357011446653129,9.613084877869863,11.385845304467857,11.025427147627077,10.685407549330947,12.012843060477394,10.660978215780936,9.782813503691905,10.332994263855774,11.145549513586385
2717,11.774282812103426,9.362031792495227,8.849571932694195,8.63462538257172,11.442880507892145,10.593823450940365,12.387358114135912,12.403391555771648,10.291757745583302,8.760320211567281,10.2786387104416,12.778068668929103
2718,12.958325389565957,9.530630983177652,8.2804599245027,7.705566390838811,10.79707541290615,10.71694536136788,12.677415278950381,13.66267671619518,10.409389123190637,7.961874463215993,9.894761434040223,14.501338392954711
2719,12.548578307909459,9.771232966031846,8.952592436785086,7.990529003803918,11.154063144450829,10.977981507022122,12.714007463943897,13.401516292384926,10.245492385960212,8.292256635339825,10.234218659280309,14.455841879249885
2720,12.751382059759923,9.827129321590903,8.89492954996165,7.91991332928284,11.294867832785544,11.023913905734199,13.399881235809717,13.639528110611597,10.724506846948344,8.249270001692217,10.13217907904593,14.949695486265117
2721,10.404835584732602,8.173889462198499,8.723475714787902,9.400236912033328,11.44052233657106,10.725232166231386,10.6881280460212,11.867198263850314,9.720547041639882,9.631208380616041,10.630790788547365,11.425309613269391
2722,14.662129819952016,10.599359378565303,8.786281269069907,6.870252534254238,10.734323327096117,10.984065240496433,15.08264116851403,14.096278936206918,10.873884957796013,7.919804755267129,10.031087597224362,16.351906953459867
2723,12.900820092809901,9.878285535802256,8.863111123171295,8.281490006213012,10.979047853087511,11.326358417207157,13.477649341350704,14.007060195416017,10.462719431291898,8.558177203380847,10.48348796722692,14.803447272129716
2724,11.534591831852236,9.447061348490863,8.992093490356801,9.733964930813432,11.263924557124742,11.628406720624236,11.766239509844553,13.692442853175567,9.858520440547785,9.696010877384497,10.617775898557857,12.131912801359388
2725,12.902518011880447,10.29119366791954,9.011980094218675,7.943863644711431,11.20989132338941,11.083127221983485,14.482373594543873,13.876543401504899,11.841771768000083,8.349204832924883,9.905853940759254,14.718895735638979
2726,10.289169043945641,7.844583889435431,8.434134273220126,9.586253434127602,11.689440338018944,10.579864975917722,10.21169739887766,11.868525012708567,9.444844353151616,8.930114127557726,9.331577561917108,11.639629725700281
2727,12.240219984241993,9.275391256022946,8.526371111601023,8.286060389471272,11.38794995471682,10.808063352212098,12.282271788633757,13.057895612577674,9.985337412667647,8.217586177755505,9.902304483722741,14.024259149819944
2728,12.961876872383568,9.928873570738716,8.482791304955224,7.319126577021536,10.927483249136106,10.43439339686859,13.302698890040567,12.939716242657633,10.445096547799974,8.014396246980203,9.798614543969272,15.085578820492195
2729,12.807516320858928,10.171762061290181,8.824407705319263,7.828833626396601,10.734152575787707,10.889258187930619,13.50215990841066,13.924011000284205,10.609108077470669,8.423661209605958,10.093485732481163,15.344957179479017
2730,12.396890821593853,9.966774796820948,8.644073993451716,7.858989507144584,11.229698844879874,10.554486262637644,12.954410604398868,13.48753123490257,10.954277285727333,8.31236999268253,10.26803746525229,14.644424998833308
2731,13.268032315995434,10.180392539014928,9.410590536033752,7.7430630332465045,11.338652391692268,11.579003375556008,13.687247456111274,14.247935997620111,10.85400401698076,8.205535731596367,10.404605723140559,15.640083294347065
2732,14.456155850348313,10.844943143736295,9.622632201159227,7.187839795774,11.145625876084164,11.062545882429314,14.765324311115316,14.186981732414694,11.192761380442988,8.037483568454693,10.164238903375885,16.934159441283388
2733,12.558213952620065,9.82104462029384,8.591529605052447,7.8183964241890935,10.896713063129928,10.983821947422971,13.225699190588834,13.815392324297926,10.733200354677308,8.226981133956825,10.093813821374441,14.7469895804089
2734,11.241573373979097,9.701385814834266,10.297457381056471,10.673963409738885,12.49201225373357,12.576281717322566,13.601002024294017,13.750558785469856,11.39555252433524,9.933960723616622,11.555906640991198,12.419108503604614
2735,10.215922061097931,7.8219075294898825,8.370516675669162,9.480978913891327,11.289726114854822,10.483902965787893,10.201431380092007,11.74839596372084,9.451284742113858,9.355710261590458,10.324908727198242,11.230430002512716
2736,11.579828435467519,8.631518581929557,8.363997270497759,8.039983566127663,10.610920664568372,9.834935054145582,11.642086910227672,11.856294196454481,9.549324053189826,8.635025899288044,10.691396382420509,13.015929347375856
2737,12.837579510797308,10.315299281961781,8.894340488216004,8.761106994226473,10.772547071567427,12.1432557939963,13.14514314492082,14.403656384985716,10.396371957160857,8.173246082719118,10.34412242394813,13.880279878843664
2738,12.591854596508542,9.19651475621831,10.185341834390119,8.72271501420403,11.533955607603694,10.89761757420905,12.664551313596503,13.104682805222787,10.149772457385954,8.246883531543164,10.661101833358483,13.534570346183965
2739,13.193314269707527,9.829094032358647,9.204797539474685,8.778603271104629,11.16175903941671,11.59420623882522,13.120453624692132,14.139539373799433,10.484673200355978,8.67643704623081,10.670916402436214,14.096904697005181
2740,11.400837339572524,8.593818936155849,8.52674808799182,9.017651651472509,11.31333291819281,10.567608072063514,10.990997279686141,12.60364339313894,9.7386678798821,8.446061701799454,9.979805665869037,12.650049701659341
2741,11.645959178654298,9.041162549604092,8.370334920653047,8.420044007751374,10.906628691101652,10.60065428625736,12.069785607777536,12.938534569566457,10.023632407238177,8.206381291617511,9.744915958540346,13.401096334198266
2742,11.42491270807707,9.588345448147962,9.871910041109414,10.459937903414586,12.272244640891687,12.196454890675097,12.28035755839175,13.669348022913383,9.88338095822136,10.675314389547196,11.520699179323081,12.50809134927665
2743,11.126824231814762,8.51431894166307,8.29571566768839,8.666459470912214,11.059407012795782,10.705519632303634,10.94976758887471,12.64188503706413,9.649033799926626,8.497275657413654,10.169174671023292,12.704306822252587
2744,10.307063424582385,8.379766281312106,8.670419206441645,9.504813951782275,11.359711114270679,11.266190895559175,11.444704581541346,12.356797676031217,9.914411921079937,9.083124347617005,10.219520608040416,11.62081766806659
2745,11.014771918629082,8.681626470065465,10.241615479798195,8.933127991192428,11.81717791455904,11.385488866969837,11.898513301140259,12.830579000114675,10.119862660599908,9.035819738448499,10.24476367625737,12.280225636600036
2746,13.032435999067518,10.11651428695652,8.611064023414116,7.4003883634846686,10.710640983352253,10.450326417781248,13.868239401880599,13.454196862017302,10.712171624981872,7.982282759665916,10.074407107295915,15.366279040780345
2747,9.612761595362173,7.248553765093636,8.212697347355116,9.571496889130689,11.589660755461995,10.28529771623584,10.518566492449205,11.146408652793241,9.695440035313226,9.175644560076389,10.082017721466642,11.105407842088013
2748,12.328225491734555,9.795160279939076,9.620367441125582,9.089541436044785,11.54685583352726,11.861105781054132,14.322431621835001,13.86155566340188,11.78108979678813,8.751183904954377,11.08632694974472,13.749765182692563
2749,12.274249282857962,10.264869143608276,9.844182839497762,9.860299820261464,11.987699198509333,11.97319590095043,13.369593542996917,14.363332202732433,10.481491204256596,8.869242042092754,10.83800206219412,13.128533202870937
2750,10.856169540017497,8.16928559250348,8.511525646181106,9.552841983786406,11.083973308300171,11.10086570796042,10.49602689738029,12.086441142754197,9.528934424772743,9.410681356653374,10.568664039743407,11.136650845885917
2751,13.596077410858856,10.060228727734717,8.251197362346693,7.120169931708643,10.463704054794317,10.404445073435042,13.813762266075123,13.594299435490775,10.650435819105478,7.902353402793148,9.88028884572513,15.326591449573261
2752,12.444441074955357,9.522141338901953,7.473023755946041,7.887286249385332,10.904248286467238,10.333392159685395,13.101930655214876,12.747579524250245,10.41053348101602,8.927717575695201,10.358023469579063,13.998862150808064
2753,13.436299768657248,9.880118698389904,8.566138297217282,7.439904097600426,11.137061950230635,10.526469217967065,13.717136718593839,13.612142786896129,10.724974810687115,8.015428891637569,9.90051092845315,15.021424209068012
2754,12.507229727379585,9.253501830304147,10.131915110772294,9.050217959486663,11.539287758074778,11.276932232126546,13.222756045062368,13.171771903724437,10.169749933544086,8.42399519804151,11.106526863092924,13.670557803922586
2755,12.49986182287894,9.971960589937,8.419675470922833,7.708888080942232,10.913876920404817,10.612522212083384,13.734299215569733,13.281071897474067,10.669894193777594,8.136741824978824,9.856450116934445,15.029718235644102
2756,12.855552842975015,9.6725847787635,8.60368990744215,7.888328127399238,10.790906431766285,10.557748139775754,12.793713684462091,13.079847145205097,10.374064240652487,8.285609742482896,10.090400854968873,13.870720790235488
2757,12.225662839194502,9.682087661490582,9.864187445242667,9.239903272813049,11.855584063927193,11.349494586151312,13.33024143535431,13.322385080994277,10.638337095958633,8.512895070568675,10.829899866576552,13.189385589257014
2758,13.0703198878605,9.92085091605955,9.304397750721812,9.459956769801499,10.901425592193588,12.479611316484426,12.55336691518858,14.518505169663998,10.51859892032704,8.58175145362646,10.252956116784912,12.692352914064305
2759,12.55206781637618,10.340188065144496,10.000041312242306,10.182941007733238,11.716656814393051,12.743728329732667,13.236013170271567,14.173016819995814,10.303364231927059,8.683963217110914,10.620504623307824,13.103316339996727
2760,12.429358904704287,9.917916544858357,9.877288298922531,9.274606799690405,11.802767826793021,11.407764839066829,13.031570871520234,13.481517018663075,10.456076466239555,8.496847126898045,10.874717893585629,13.398147918849343
2761,12.41948761905592,9.986405377285788,9.517854565122903,9.586357464226671,11.85439022191484,11.519156917086,12.551312873019377,13.986828771192783,10.457843039288953,8.622343665055377,10.91157063241493,13.678200727084404
2762,11.370032528486451,8.587598856679406,9.341032986534245,9.474722863401855,11.906342883055276,11.193740253559522,11.943305550998545,12.613303964928278,9.545783376552441,8.881205287567782,11.04746139521307,12.14498264123431
2763,12.646753405204844,9.942783081599622,8.724892963492893,8.336081917811953,10.579628169161596,11.332803110856709,12.493874508912434,13.409318540411967,10.468316797777963,8.526554968582033,9.83668287915615,13.757604403761682
2764,13.840301424962638,10.275189950546384,9.106304425838402,8.803959989631496,10.768323778910489,12.063162818142413,13.364971453683829,14.151696190812153,10.60150216665193,8.576745096542368,10.451665367522374,13.93778537791611
2765,13.514309254794993,10.280992902816198,8.582054998581444,7.041850608362619,11.007191183808956,10.748618838702622,14.609439457944454,13.696263601197398,11.109530629390937,7.823876433024841,9.665816383657432,15.853916696686124
2766,10.65198956489579,7.69114766891701,8.044059131181,7.561768605138124,13.23992987822858,10.196458643091345,11.398901954560133,12.039098183013467,9.341319572835868,8.488271631325453,9.299287703856933,12.971470949651714
2767,10.177202037684928,7.226564422084901,8.029530197437131,8.26879445507048,11.699168492550646,9.84326222180201,9.990349516743942,10.96377111577802,8.941331043973904,8.307566672537643,9.20610757217431,10.943209548210527
2768,11.342192798208472,7.552181616858379,8.135308832421043,7.554105737594633,12.585637316100815,10.203416919543272,11.209622142474059,12.279822678569518,9.34513045912894,8.178975595993066,9.277571683121634,12.389605265703608
2769,10.867487901904834,7.614107027670881,8.236088744103634,7.569045801956872,11.308354346428382,9.877012914584192,11.263312859167133,11.94211269233113,9.32445396857469,8.19293765665645,9.388800190244849,12.718193730480136
2770,10.355690991555054,7.242312868561838,8.482838049670583,8.037752056255627,15.929897005223072,10.268782822762269,10.879610985376926,12.414141888724465,10.419602755137838,8.348160882819542,9.188933545269892,12.235939214641697
2771,10.752807864671837,7.267638803409387,8.219043957152948,7.792575735790955,13.01622855282167,10.135081547980619,11.265143384628253,12.189435556234475,10.514386888240423,8.26096408424898,9.364505273409886,12.1187411574419
2772,9.331867962838672,7.469080189279,8.711149319109516,9.408193684915734,12.173389075267401,10.366267973073722,9.815937215293012,11.752717871297342,9.369885476455822,9.171761739244054,9.204521786458304,10.939782739800478
2773,9.296142194716326,7.582980564111929,8.052291243726714,8.458424935340423,12.244040477471753,10.640348920497924,10.56435964446921,12.505254436237687,9.203749513316502,8.986813287742985,8.787635042559096,12.072507169208059
2774,9.939927627544762,7.942443597127998,8.150599998876208,8.713250511238517,11.657920858696391,10.77570816074682,10.910437090791039,12.740613559963705,9.509016307291994,8.753426711038106,8.933915000597771,12.554821264281737
2775,11.791614861394343,8.835146620367704,8.583623120476943,8.263829449500022,11.119343011669152,10.391335150966839,11.364388037161142,12.285727210252137,9.843168092284438,8.596878135062886,9.26850793043441,13.136920330257169
2776,10.769599659663033,8.31561687248448,8.468457636484253,9.011847527478558,11.348228572235831,10.408837789926936,10.544655362135934,12.028655359462885,9.646258524314625,8.646375034402165,9.18472196942951,12.232924343992394
2777,10.669158158359506,8.375919201712044,8.355761822488125,9.005109624838997,11.024714075533835,10.410181474272342,10.126102002760682,11.840249513022616,9.3890139733377,8.992163422707058,10.084816602104826,12.138937899221807
2778,10.663944984170346,8.555974696592033,8.989393209706805,10.469181307370487,12.443161132504532,11.733663597177006,10.771711136652995,12.628415836955861,9.690564968145091,9.073946425934789,9.834161866872824,11.040262852729679
2779,9.658339549725458,7.382597692577713,8.06465428425804,8.231576993503058,11.463909978562327,10.30683988359938,9.975923356048217,11.768171936550772,9.095382623316532,8.509257595107997,8.939380371254192,11.442573123818796
2780,10.435667410150021,7.9851667675795674,8.225487574227675,8.27061977366253,11.469635788610248,10.439497238202446,10.259029981729563,12.592798819920844,9.544457215903853,8.211438263472747,9.040265166406458,12.473166597568227
2781,8.53717875101237,7.012399526390309,8.03839631185993,9.057814184986432,11.62678794768451,10.190858421327793,9.314681236253474,12.086223181553994,9.022034131975452,9.027158700080818,8.856518627605727,11.193680992034393
2782,11.443970832606787,8.57318558703795,7.985130048892103,7.443170243711857,10.587181953399686,10.498884304459935,11.984531727566054,12.562690012308092,9.603750121626824,7.819540812585542,9.162642005745514,13.1725319169859
2783,10.546385178639209,7.824575967512116,8.034201076319365,8.287868798146786,10.691844343438564,10.017107599263724,10.630953887789008,12.020630190777265,9.309896723660424,8.471405378296378,9.120609153778087,11.729783224584988
2784,11.807088511751171,8.859262212012485,8.460202032686173,7.9466881288098605,11.527298492307668,10.907554150007378,12.419231327178064,12.839461385776353,10.064782931816598,8.069716263080966,9.68129090794553,12.879330213267588
2785,12.023626850279914,8.93103030902343,8.140672631733086,7.954097056619971,10.789622653129932,10.984080958566366,11.861946676499848,12.787057748765328,9.334327848754324,8.335642187907082,9.48387485594598,11.94854187093732
2786,9.452421211945282,7.150611286137788,7.778042988206703,8.553065379828674,12.482555795179813,9.982892788284461,9.24201154841329,11.49476373400162,9.01556219787237,8.502744397171604,9.051106167985559,11.060285217935672
2787,9.2479775469874,6.840973576857944,7.919199217187868,8.726664878891048,12.578805958409637,9.95191871304703,9.134165510621404,11.692492010686248,8.991988726748236,8.57132745383678,8.833117874488648,11.369607944589742
2788,12.424333912865563,9.703933851527278,8.794865804395599,8.09101228776629,11.011057162220437,10.88328508773655,12.875485309712332,13.73836996948328,10.555264637851991,8.250277575447129,9.870154672060355,14.290040018913086
2789,12.482809302236998,9.935100544259335,9.019409698022665,8.124106880156358,11.243018005323044,11.00000566408459,13.453150800190294,13.771537401455735,10.462862794224403,8.285911839880663,9.587086642807071,14.345621793974065
2790,12.96771398227596,9.682616645712926,8.48605484713522,8.092359164777587,10.417827127540935,10.367243865202862,12.46082982792652,12.719607439994439,10.082848358828098,9.337434159949225,10.59078249436434,13.384341248611786
2791,12.247353449600352,8.718009132266602,9.330256050320395,8.630477520971988,11.279401423482277,10.858136484744087,12.779491723563684,13.020857420166521,10.048879500566613,8.509371766095148,10.802904410822642,12.819184598375479
2792,13.14141471684261,10.582513188202531,9.524002609476977,9.357219537004628,11.084334672132265,12.342870942825519,13.091632523136404,14.228035110776881,10.622560574641236,8.770713589559879,10.743948966836072,14.03775896136862
2793,13.81437865734171,10.459972209805994,8.696520653297286,8.385311748998014,10.517003283909558,11.884822310932654,13.394409264525006,14.173363250744565,10.619761499113915,8.185658897925949,10.104434177698447,14.528573282287708
2794,13.26521027943027,10.160106236186113,8.523151898194493,7.222079745323325,11.070094740830324,10.498855509638613,13.938260840912552,13.480234270817956,10.837423303876125,8.067995558147722,9.708028322942614,15.336271218350756
2795,10.539729457799385,7.945000242169517,7.282628723379624,9.221880072111437,11.272534944503516,10.1377151091869,10.094728734493307,11.657523896868046,9.290070758642063,9.44301551407477,9.966969820887698,11.168138701978187
2796,12.992849608715483,10.02078393799821,8.541858105843954,7.428333843892597,10.794488892063221,10.306328268009846,13.546270457475048,13.414056138156235,10.523275296361302,7.996061733093954,9.87403531179131,14.589916483233914
2797,13.899504859084935,10.49387212073616,8.4307069537398,7.16731571911453,10.40179606705293,10.522454212995836,14.037206099749467,13.735319114572668,10.85526266368101,8.0729037567528,9.966713128620086,15.434231622926704
2798,12.534822392393362,9.962185172658593,9.460696309029107,8.611673567343797,11.106286720687752,11.844360137341646,13.41281154550827,14.303301717016979,10.648440427714046,8.631849842439737,10.440118130000972,13.912487827898149
2799,12.798016627557615,10.021193368664054,9.62597328565743,9.214620026721228,11.077578792793407,11.847241785127082,13.787331599180357,14.051442950447669,10.392876759312964,8.647580269945255,10.381817656057425,13.158480965477569
2800,12.449063598873142,9.861179352315538,8.659468283160551,9.462067955683542,10.476571304055593,11.996025297895269,12.209402839250426,14.262844302699808,10.257823151274742,8.650041246708476,10.156781602712163,11.563932347105963
2801,12.608536149447243,10.007568526369283,8.595933061899117,7.619442987184687,11.018810467236307,11.053267248815757,13.189325301611019,13.393396839147858,10.225090961033155,8.080090680248844,9.673369717635412,13.727814162946489
2802,13.092801540990074,10.069028800342476,8.58414048411875,8.224408630707336,10.248583795928917,10.757329457242182,13.346342886928888,13.70282819017309,10.459204486266005,8.368179809413963,10.116176637854899,13.271893878583814
2803,12.000879078329843,9.810373001206841,8.991937280297403,8.672083173990236,10.979893380272165,11.128511898762865,12.078822054902053,13.6708153666732,10.153798622488608,8.678483897651553,10.020721976570577,13.176656157863182
2804,12.497702245601854,10.200781292280444,8.541310251518595,8.333799557193414,10.543739791011507,11.072192413778392,13.308034878589819,13.727117423826707,10.409621849514238,8.297814282589645,10.299566199545502,13.490838964221364
2805,13.550503487545715,10.15848736934704,8.676683287443105,7.438461334032434,11.002041066798409,10.89469931752708,14.105747300041772,13.938276297753122,11.145181799742163,8.092543522702762,9.82121859934497,16.168057800825885
2806,13.496720180745756,10.186336069141372,8.426408061312195,6.955427369785545,10.809126733121193,10.541045766803364,14.047594408916632,13.684161808713476,10.725466461816545,7.761132612918196,9.835907888615312,15.515011186112176
2807,12.532602905448492,10.224540074515458,8.518595844072813,8.198688560886463,10.712281196201634,11.080636328907474,13.244994645355707,13.463132271573132,10.174089786272539,8.476624180971015,9.733499873778152,13.723332203915731
2808,11.493512395916287,8.872285511711198,8.764320498736307,9.218211236908527,11.178571002837792,11.116610138819329,10.978734961174021,12.633997655170027,9.771568147096975,9.932033686225804,10.514612036301692,11.773073221154512
2809,13.504692666059958,10.219864900166339,8.304163963456293,7.364098821152253,10.563142534797858,10.489348243700885,13.749396670621504,13.45933401002069,10.644772600184167,7.964824425009223,9.866680548021089,14.898451821416145
2810,13.025130039725768,10.057346105584703,8.49680935465453,7.560202713996932,10.946580546768317,10.454591933929628,13.698597900882922,13.689460292213363,10.8821090325899,8.149210235762448,9.733243920357289,15.195719685077673
2811,13.782773820785241,10.289169043312818,8.45964927846218,7.165629691128677,10.386675581189657,10.298034404656427,14.08679061992392,13.583717575776227,10.630647688511614,7.82837657983637,9.778513421061158,15.068459962772394
2812,10.515770353819713,7.727467319953091,8.31583146859697,9.612784760487978,10.777755110989855,10.290302272978089,9.692739513806728,11.159796577184487,9.182263570462839,9.292078448597797,10.159142733195655,10.528218194905856
2813,13.443928434066786,10.354575754083868,8.719672480961128,7.8300867547647925,10.578991772606093,10.900677296258998,13.634976407610056,13.277461144156357,10.249428664185462,8.20281497925021,10.205507982488157,14.597860862332666
2814,12.043204107937107,8.051694230246564,10.549252391577532,8.430354396453534,12.092458326583944,10.3332461957376,11.979129426815533,12.637425793399984,9.89569299194742,8.332733960474531,10.13160302786745,11.99027654008686
2815,8.631066824639003,5.8346813994906785,7.875001128181788,8.57879440540218,10.19590590512269,9.136123067868379,8.27473540177035,9.053723223669873,8.413756620638873,7.4286310001389,9.499904214816855,8.489954179556841
2816,11.116840667378373,8.685465431041658,7.8431366145484445,9.91686646748811,9.707356766876142,11.533635581557167,11.271794663250198,14.222992296540397,8.846923241644234,8.403606952827044,9.483246741639787,8.737713394331518
2817,8.857148126013364,6.3835747966738765,7.760485341158328,8.807510574783516,11.255836706141318,9.384083307052332,9.132168296987679,10.813253148497461,9.157061324041187,8.642545905861148,9.81192848029222,9.827054005007
2818,12.72122701086522,10.065849069543601,8.528014738678243,8.137225331385672,10.760454119825788,10.981654172021395,13.209914339494508,13.728948341307923,10.474121979883453,8.364762240388394,9.685050739934825,14.170111188086201
2819,10.60352001876195,8.247645984820691,7.9308303453949005,8.1895690995688,11.292113148411072,10.441494842287906,10.936704946106941,12.235228482151836,9.736123376495794,8.224902976272531,9.284863363673214,12.357265257052259
2820,10.504515735048624,8.079812754528431,7.928005113826591,8.353331220730475,11.123636750540097,10.333875358057472,10.87322374498476,12.13461160550618,9.337930262090778,8.387230655109077,9.224516836636969,11.834658451126053
2821,12.775552424607248,9.198753446598337,8.728202562418257,8.217031539740088,10.815372375200354,10.881202704922465,12.486714438819202,12.831986958770802,10.15159580472065,8.107721305274142,10.0220346563447,13.926522982800696
2822,10.363689902256127,7.804764352667522,9.040478525222024,9.116420925048534,11.718033313181344,10.872623175975324,11.056743147669318,12.158957242357342,9.797191423103925,8.55966140119417,10.089103738462947,12.375047615468311
2823,14.216106462652803,10.752045841002094,9.551741135094442,8.563917133352447,11.107373745337537,12.196640781893748,14.047989912569099,14.437377469024746,10.738861748917419,8.334751430205364,10.295618936335615,15.708561940766202
2824,11.77382938072444,9.227051943464062,8.408464078808107,8.363269620034329,10.883323632732122,10.603151170305397,12.313405976305319,12.67371925548445,11.08328795608233,8.234508838697181,9.672197906294901,13.488390994610203
2825,12.783484194428816,9.9828749362291,8.506106281452569,7.592126831857362,10.959426528557525,10.54537270313427,13.68349337965627,13.227106727021042,10.568418534022989,8.190132364551609,9.805672582667418,15.044966927463694
2826,12.298781146107467,9.610055880634635,9.346312859909258,9.20858436602386,11.478987269460248,11.590991217181966,13.706866758421095,13.912533571881335,11.369123494256817,8.588610781988056,10.757420697122225,12.622754809783608
2827,10.001068704324283,8.006342426358048,8.33766086220957,9.320346325122449,11.216256499266004,10.6817585407792,10.392208888486552,11.975707139975293,9.502144359324168,8.871361753366145,9.602383934706136,11.7189653586763
2828,13.825322365378529,10.301183241817316,8.80833191509453,8.264048157123952,10.653515862752814,11.120970687095086,13.461102597091864,13.932724592166547,10.633452440032645,8.383396132550534,9.996505780848942,14.536490409316812
2829,12.389879003901804,9.847242856640232,10.528023105950505,9.723839298798284,12.003409755723304,11.856137624957544,12.825327678345177,13.475881532876365,10.051887737196875,8.738909054428056,11.165010421871358,12.726406928969595
2830,12.124536632009693,9.208099868875559,8.87858593358402,8.422218175809096,11.345447982600096,10.470497808343824,12.098571949676543,13.187092114765116,10.041386761730584,8.60924353080265,9.901879889683059,13.98149891403585
2831,12.359497727314771,9.910502080756526,9.75521958475055,9.529713651440206,12.308368223107124,11.755608092994887,13.117027957720206,13.65467806478695,10.519927243775559,8.741098745753954,11.191657812038265,13.533724683175683
2832,12.432286704092427,9.639433485383176,8.577019801782257,8.247347208022706,11.188975647647435,10.802008122295973,13.650419983775883,13.500259717963457,10.629152096427985,8.14701466817753,9.771969178039216,14.828389838202698
2833,12.321791127486645,9.465341675440206,8.415649643517058,7.933366606047704,10.79305512696278,10.47790800375794,12.798268462860499,13.100351043684519,10.45023525305766,8.219929234183542,10.234878359054498,13.933856108330332
2834,13.0915184457701,9.863903704188168,8.698025578757282,8.53020043001666,10.619172990551352,11.680065587375847,12.559003915780115,13.825764408639252,10.167150753767768,8.593655352876123,10.513298271990571,13.578405388531618
2835,13.074485203628583,9.457078258852432,8.607703603471533,7.771285184123633,10.395374920429695,11.154886971347988,13.021050900638283,13.466840401549682,10.369035706263944,8.261092459132128,10.151748452194978,13.610295205551754
2836,10.683170029455038,7.882435134002277,8.100102627254554,8.748699900887013,11.381409361798354,10.54589891358243,10.456831677059132,11.745911651524075,9.524561151705225,8.384235189614957,9.995670365703091,12.108312122332343
2837,13.167348414464474,10.098036067054856,9.262990608681996,8.613799502267286,10.666942305570233,11.325326929586275,13.861247109313723,13.576185607142564,10.713167474285155,8.815046428246081,10.992900896922453,14.331298437063378
2838,14.342734207867505,10.319710085837226,8.613066239495744,6.78470932889726,10.503309927324057,10.472588616335162,14.018648516611911,13.194071227086035,10.68320954688399,7.812037629977304,10.30070237281721,15.716410061294791
2839,10.676894354318575,8.535515270322888,9.176139642724628,9.91591791511136,12.068461810134043,11.58025399949235,11.51174206887769,12.50631952755151,9.731995124767943,9.554581733778473,10.527174353638689,11.707478355332658
2840,12.503758056304392,10.212283826922896,10.443070692656535,10.165694139618175,11.104793948395663,12.770254415016513,12.823042872935403,14.020891478770057,10.498422161716622,8.975561492460105,11.03884856618638,12.522049657484352
2841,12.487021655597161,9.039129167816537,8.681326419201797,8.483107570521522,11.47976625919259,11.174019400358254,13.222201775253296,13.592907255086768,9.824849276770614,8.505738749590542,9.86547240042632,14.049231401571168
2842,10.713223035809577,8.222528652108789,8.013598926486392,8.21515560251277,10.993522230405256,10.298340250045769,10.763524281590017,11.828283919117052,9.653605220416022,8.231254887516034,9.569464203056182,12.382811583943958
2843,12.176356038401112,8.810879052248797,8.378411161239143,7.713641943592707,11.072837618791617,10.654518265203937,12.347630228402858,12.73861358269177,9.996242296576959,8.232233131135956,9.727844243553792,13.896257363032174
2844,11.970338162496358,9.056275258514207,8.411499131990904,7.435954200069996,10.904654825919161,10.281245893554898,12.675883992964732,12.471505344150632,10.060194238410315,8.252461364383961,9.754860706246507,13.73617173701
2845,11.891587375169909,9.052266687121715,8.31362888548676,8.063253878376152,11.10668264145499,10.740185047604307,11.672571869487054,12.327795417943431,9.538887364733542,8.209066086319794,9.596613964139442,12.730081363767612
2846,11.267474509455393,8.339295128174411,8.088451981692792,8.312264810676673,10.589912567009456,10.825242145502113,10.958502266747871,11.98701055763047,9.55538339166516,8.338472761853048,9.789859029591797,12.20754515432192
2847,11.221994933392264,8.890934846594776,8.341533698547376,8.409789439336773,11.010554530739004,10.373344036162502,11.27558721203319,12.237977093959037,9.437776867697158,8.840281016415705,9.914150210515105,12.40175142126661
2848,11.81588784450799,9.118186536392887,8.459168472564205,7.592177395218965,11.011807199199724,10.672203237234196,12.291446032773603,12.755404267419676,10.133894689165134,8.092608401468503,9.584032265677436,13.581106069418569
2849,11.307980714548131,8.644766735463117,8.362453068356057,8.12883513463853,11.03135787094266,10.676795150326583,11.900021627609547,12.720973015612996,9.929246450651354,8.01202997971429,9.45681911439452,13.262279766186897
2850,11.270791611231655,8.587275295239273,8.168310160715677,8.117227034162095,11.00473864624109,10.488669240533444,11.916515756985412,12.384615340710708,9.861745333170457,8.494593851386306,9.71317034444602,12.727806244646306
2851,11.528155696508506,8.86116477880927,8.541847067313732,7.993786608716554,10.990534119109414,10.68256621413985,12.098644457423394,12.859695935715047,9.9050483069609,8.107533006104342,9.543820013666007,13.172098617732772
2852,9.400493198440028,6.973759914674716,7.959909269788035,8.725170411437281,11.29679632943224,10.041373865474513,9.223365792845401,10.581528664005681,8.686075279589105,8.843712406532909,9.368209754295126,10.320964796561865
2853,10.204563696055061,8.020840337398472,7.947829410616238,8.663949583744179,10.813781380350378,10.08662273112877,9.591069928887023,11.039330958521553,8.834738549537542,8.571455375116809,9.522720179752756,10.80307781401612
2854,10.952782166363388,8.347905710618491,8.178721274556572,8.17459846641724,10.790626875712668,10.615919668913644,12.6684357370152,12.733903650495261,11.45369432665122,8.280208619081911,9.37344832384738,12.582148449336287
2855,10.50054007746176,7.931309867651784,7.960561969016774,8.19879847541977,10.781903848367275,9.909441451329148,10.571542073702165,11.218055903059156,9.626224142238307,8.67631346348109,9.720563741895312,11.242143609108378
2856,10.392465529573595,7.527740781892071,8.38056262164049,8.147971442266908,13.202756649071347,10.267179016667702,10.34328690342171,11.55080008602604,8.901901144666247,8.4414616681785,9.609892847244142,11.533218433099723
2857,10.101280160124793,7.8128539252375075,8.012421217428711,8.483649002337545,11.035580159517526,10.441232517329532,10.220023212527927,11.46431459878882,9.117623316970084,8.402663174371138,9.415184256474404,11.335183054410578
2858,10.809957638039624,8.282641008969286,7.9595892336042695,7.896004778649073,10.761969293799655,10.004579751921971,10.466354354746537,12.18298335906151,9.293373101076524,8.648472551876043,9.452273912834528,11.802993968701067
2859,11.804978440831272,9.027285550289868,8.88189528413,8.122551682609924,12.180926243135062,10.703520381924452,11.4354547128588,12.20155527553074,9.593267459950777,8.328654717500127,9.686934040363678,12.548612848799202
2860,11.149434687764808,8.67510691262552,8.047516907863457,7.897826897397863,10.780619426450649,10.51651564463089,11.623575052570601,12.599769871369478,9.730860683096397,8.151899190925985,9.355921314621709,12.691416270908402
2861,12.716712472336255,9.163344839164138,8.524195255668428,7.500341199214327,10.901116428178922,10.667922811310827,11.71567469417353,12.299602350146202,9.875342227806907,8.19859714152601,9.920180227470142,13.199512989411389
2862,11.614811817935752,8.88688556038347,8.447325774296031,8.264359999947768,11.195139899144923,10.993346078070823,11.815079225720435,12.441703169332502,9.676045678765366,8.386910700989956,10.127659871745912,12.834180334750231
2863,13.107353412435755,10.131280055557934,8.826898927066633,8.373670493331439,10.780841165311658,10.891945886587676,12.862568501655838,13.22098932235107,10.080092663033252,8.439944666057222,10.825194687942263,13.15668201186488
2864,12.555511097129196,9.59075451458399,8.67152777414076,7.987743234884135,10.981019063697026,10.56098095895209,12.553554877129388,13.16789957684506,10.444556611537537,8.168989252917187,10.114963140297867,14.530804370315531
2865,12.47103567857685,9.584285596772638,8.509617192449001,8.793999687544833,10.908468981660093,11.299042329245596,12.213886313267574,12.957172139108094,9.86350803102128,8.293966028674646,10.291670047570431,13.124726128877885
2866,11.448985893671209,7.971960287185137,8.464785611620488,8.574166926568733,11.364297134454013,10.611752111064009,10.883598132436054,11.878326607199337,9.77547595333683,8.276004691614595,9.983666171690803,13.01083669961034
2867,10.946627961609687,7.8196591214193525,8.583634984982712,8.868206932066073,11.264024978315444,10.844200997111288,10.13044954326947,11.084322245261887,8.743000722834719,8.493753094204525,10.394787633603386,11.315960864512565
2868,10.772086441565865,7.405571606517308,8.66574923290342,9.227467857729959,11.135681152863587,11.017167315831083,10.421574835646078,11.076340562954897,9.464933275340988,8.537714890422556,10.357267134046703,11.019692272068024
2869,11.157580943293398,8.994647568616493,8.893797263077062,9.435566555521333,11.092385613424732,11.480582393874194,12.681644053904169,13.257797137205863,11.832540371608811,8.922704311180718,10.237873396381332,11.798745785939877
2870,13.272471529847856,9.998959280066252,9.006026579483983,7.512635046924009,11.360712731863872,10.586211520360667,14.147502276706755,13.555917815863335,10.857620787918595,8.07230647906492,10.12989067271691,15.508228747376135
2871,12.882733465079625,9.587879036223377,8.54489408819855,8.564025403946633,10.679226275871791,11.055849635829409,12.509933555819844,13.33727431779717,11.19698992632367,8.432414575735866,10.504977968537464,12.99438939760365
2872,11.933686015222257,9.37966484604199,9.070916903541235,8.768781320568435,11.292214850201768,11.229786149478237,12.144902527494477,13.188414449155069,10.048250179218488,8.49800148391105,10.371608087752312,13.293111194219325
2873,11.24328792929653,9.43783596653872,8.819499207923398,8.650230762199879,11.336981071986568,10.850022867655582,11.472808001125827,12.50240878024565,9.644368441662994,8.538737941499749,10.279237105298922,13.102678227759831
2874,12.069575984852175,9.672959283545536,8.847988904246105,9.376749116739022,11.088992068930413,11.492652565400546,12.86806570282485,13.800949538798061,10.457575109519897,9.36194664559731,10.695806528867475,13.543651706242763
2875,12.795035006534121,9.539824191961845,9.714285794726223,8.085353828786097,10.188075301480328,10.34051889617431,12.51946077740387,12.73895443584526,9.960265597879125,9.161984022602173,10.602877283150546,13.44117730142368
2876,12.641467471532565,9.907087713862875,8.763845265322981,7.986211319040573,10.714492262688509,10.425957791226532,12.928978879570762,13.014091345204477,10.120112493848572,8.711885089983335,10.397049645058548,13.491989018117419
2877,11.660680501064402,9.532491270603778,8.38039385061756,8.350114502273406,11.115294551153236,10.426863707418185,12.036373642963282,12.718229398930607,10.01600211721205,8.18549962366836,10.049626433964857,13.758145200378067
2878,12.589069433414016,9.632914370519615,8.48450602914375,7.850158422376408,10.7734588208102,10.430321864515424,12.924507369953165,12.884668576661806,10.225987453796606,8.072183498574486,10.093058149081838,14.265164911008943
2879,14.652695206282718,10.680099941679275,8.961314772184654,7.2720201835164096,10.782151523340454,10.786153898534781,14.493396950274324,14.301110606286862,11.231363206554374,8.096234274318252,10.0080757725278,16.569621606805487
2880,14.550452058058266,10.592746636176951,9.071941450053384,7.0190902074408985,11.318668001363378,11.078973876190346,15.030975744346469,14.299488485346462,11.320325389245347,7.987886543960412,9.976101479410564,16.88534097798542
2881,11.37836089547444,9.14729186845463,8.349927775756754,8.539683653861875,10.896225362735802,10.634049035829891,12.258856838856957,12.78619017350352,11.346652249590122,8.434445346946546,10.14683009016322,13.609666144940537
2882,12.245756898068812,9.421582661189984,8.338213347191026,7.982618828382631,10.994618722309509,10.69812206740748,12.861817656360243,12.972579980207044,10.27288040616219,8.047011955331204,9.68484966814956,14.386845746753016
2883,13.363765508865457,10.348063660439275,8.927195953509408,7.376707096293623,11.142141788923137,10.85561342566398,14.34372997418794,13.822845745653074,10.89554034181053,8.291552450946313,10.010096756070359,16.473824847157395
2884,14.398229316847551,10.550299912036396,8.914262896891252,6.727415001377476,11.046053654777278,10.942275051379575,14.889394276220264,14.085682485515331,10.976141495461835,7.698327149505531,9.849527810316939,16.632387926360575
2885,12.306675500777358,10.352984604512406,10.28581570314017,9.869604323917686,12.139813461315194,12.579468537123123,13.96500221790288,14.806965558963203,11.139297076122752,8.96078235700351,11.074785157998436,13.648801050152459
2886,14.541592108852097,10.781987549975621,9.181999489063086,6.7985357736763445,11.1608251510536,10.945874521930456,15.279271981230275,14.27918514390853,12.017669526208685,7.921044155102463,9.912342473820427,17.006877791696724
2887,13.994758247528903,10.31517273335233,8.996872765910437,7.3838162906989,11.40955761559113,11.362303283534466,14.579335662703354,14.41285552848485,11.040311858213991,7.980423777776698,10.196138085338212,16.396239784432026
2888,12.103556810690627,9.573563848154992,8.924139311881106,8.705989536389051,10.88478339481873,11.335294578632485,12.78890013089475,13.270614666258677,10.548599159349745,8.661328891426635,10.566771827216161,13.7441581420677
2889,13.137361500057683,10.414622439102907,8.648858989760296,7.444064806482374,10.922928470064605,10.81861123138036,14.11973613069116,13.671603425992362,10.772916537788394,8.24187960320455,9.455773183671472,15.449424358249201
2890,9.771182597931224,7.525044298125385,8.084996961588885,8.514545170332976,11.592623096548838,10.556816679928264,9.538034211882572,12.083191758203514,8.97398893030433,8.590179970394647,9.102351978911306,11.432895496576851
2891,8.768171392352986,6.731071188071658,8.120351513690661,9.389673692990653,12.146252996010233,10.234826528401987,8.52244684068059,11.475722210804712,8.847255866284284,9.066223477091693,8.74893268632609,10.539253315289015
2892,12.330290768884456,9.558530164660695,8.486143105947306,8.185927485545651,11.054896466148316,10.647791165210705,12.983004603846013,13.671781693805283,10.43667165592826,8.19850163447949,9.91715892152693,14.19086709816159
2893,10.721812409624107,8.4854361777856,9.995770521790355,9.098121945629746,11.567797037729054,11.090354474149752,11.919367832598954,12.332884770941032,9.710209982091067,8.649012806825406,10.45315435791754,12.71505431747868
2894,12.944644576148253,10.170701318628542,8.989330233140294,7.83573797209705,11.155546262626515,10.84961154826087,13.69771417753157,14.051443149090142,11.001386678746389,8.311851313964311,10.400949201210064,15.546881933156193
2895,9.798337796182947,7.43515719470331,7.96817624890858,8.73048142168046,11.78503587140564,10.285870309816058,9.970285349668107,11.687642005066696,9.299746640884154,8.786170255133818,9.47657865600181,11.2863824674682
2896,10.83023379227948,7.965793264126257,8.010147606215568,8.253295620768034,11.111996284721204,10.381421630655366,10.581700067974037,11.793839438173077,9.49224895009068,8.297445653633726,9.764841578030246,11.91235640468933
2897,11.094992035993334,8.429824874377312,8.180752945318169,7.969646497416375,11.187805156000188,10.525537136307726,11.284061272418061,12.157317974235943,9.874197745944077,8.276992032491936,9.449376208816822,12.673082123787985
2898,11.714594727689004,9.094449574691133,8.510600832294454,8.46382963824319,10.708674009582419,10.566047913161988,11.519569715875026,12.663451170496751,10.01485104789126,8.656317732352726,10.179290694285353,12.992494463359996
2899,11.693723838753392,8.877357424901582,8.276375387556703,8.806505155156696,10.839652260704867,10.93114649826775,10.588941955722216,12.03580257299928,9.570848937006652,8.851209702678492,10.372385652986157,12.182295843472044
2900,11.629697938004494,8.703233965222495,8.60903095351145,8.696752173725132,11.36616730854423,11.203218551771403,11.596438389542431,12.608612525314566,9.90753112350836,8.459185364437916,10.0891031541995,12.83679641111398
2901,11.183132263262703,8.238759663341012,8.111967027445008,8.19418010132085,11.060481217633454,10.387945627747694,11.129473878146673,11.882495912535088,9.631527745518076,8.212304179867969,9.771014959890145,12.538875630701117
2902,9.987533091806515,7.5011287332779,7.790100979086557,9.062486918684689,11.008011505611329,10.50056009165794,9.97222225267474,11.249718812095796,9.152309547526622,8.398475404499735,9.767238466077039,10.794539184033386
2903,11.775494580968646,8.895987650332819,8.129910417739211,7.9254029180281425,11.638761341455325,10.599464168121902,11.713986143026077,12.55341883675433,9.987628015426655,8.300917302980224,9.516392505785157,13.192835963656911
2904,12.717465228375005,9.272730962427003,8.604403547446735,7.607887838294666,10.694535219385966,10.758910630484339,12.877370961123823,13.166407363338447,10.269734377618605,8.105573783727388,9.81164984160508,14.208238229876795
2905,12.458066569316168,9.25693276327324,8.287701827429558,7.461150027826036,10.585342537040734,10.116598415169317,12.889362897788839,13.02835391348562,10.142085109118948,8.2255870804461,9.989847665578774,14.396166014915213
2906,11.755729102500304,8.971123966652966,8.143914275405173,7.92263529732195,11.114667723401451,10.64095961125857,12.131963961371394,12.749128385516457,10.178529166330586,8.202650649242045,9.529074944660374,13.50812998766608
2907,10.191397958256932,7.735072736399549,8.11304841736247,8.497806022926717,11.22398350798339,10.152243016442299,9.622687017713767,11.250710881875008,9.168535318842832,8.710688123835991,9.976255787707291,11.150341042874647
2908,11.23200307494901,8.791529111529746,8.202332377093231,8.215382450440668,10.925199741857085,10.660416721411035,11.894790214366427,12.802396541837055,9.969387982261093,8.400445881826778,9.821173184033725,13.054155144212533
2909,10.884571717305718,8.176138394265214,8.21503788309339,8.153524070816324,11.156351942826044,10.466192481809237,11.05682071744346,12.08900479964203,9.812618978920323,8.448752796576995,9.550244125041711,12.69752043165734
2910,11.077972308430427,8.413243101205632,8.180692092933587,8.227329576925698,11.385171595707064,10.436890722461257,12.07196005937082,12.453126869778659,11.037536852340374,8.604543945289574,9.7803108244802,12.746799088424334
2911,11.151291287344874,8.74142668208356,8.239980472603479,7.940318774275834,10.979034321957442,10.60207559397426,11.808169173207919,12.731755104841536,9.987847694083673,8.097695247009634,9.461884110826885,13.340975049731345
2912,11.550410449308314,8.999580961430775,8.193461866610765,8.092517731433443,10.833414311905491,10.660005288513247,12.116048868844905,12.991303221437086,10.016729380820214,8.420693442672157,9.75398654797522,13.241863759668961
2913,10.476898993364498,8.221959844345768,8.256404730552303,8.763947080523904,11.295527757474765,10.413766438796953,11.078284334960228,11.975389695778102,9.055787521788599,8.446577821564901,9.979622089477644,11.68564427123754
2914,10.887010258560348,8.354205309907499,8.186827477480799,8.387817111508994,11.230524680347358,10.585133500925828,10.98230718733334,12.138709497012396,9.57482102118156,8.327585447910254,9.64595223943069,12.36611441478558
2915,11.097886908173614,8.522945367413987,8.046973464678057,8.394504038956509,10.69761580811597,10.30766719884139,11.466437062257054,12.558358259253362,9.891811830664736,8.557003543634018,9.828162766261503,12.667122017328808
2916,11.5204933585519,8.71190483640437,8.024787105771372,7.921767995702244,10.904331084316281,10.693137531134127,11.719128765698116,12.548970811097808,9.648402150109796,8.053085943937717,9.49283613477433,12.709192335559276
2917,11.469180320876628,9.064947775817851,8.15319112554786,7.913386575064719,11.025898935586772,10.595597143016473,12.139252437331379,12.743183660933475,10.040439991539705,8.172558723165762,9.587371786859176,13.526970660266759
2918,11.09283687074089,8.463040798721718,8.127030741831904,8.029510344020034,11.14626674932384,10.517397853216785,11.193187293224138,12.194317612897358,9.686211794239894,8.478533993463094,9.499818098544129,12.865187885280264
2919,10.867861310640006,8.461017894495365,8.094713759832784,8.072642943239227,11.211872854357367,10.607380518595027,10.874667561508225,12.408189357194694,9.673797436626433,8.41546965700541,9.396852922249927,12.398052571377598
2920,10.057698722159056,7.7916776339097815,8.146322668699955,8.501619903366505,11.542292405260854,10.639249592084543,10.920946021425529,11.772621419249527,9.124564506730891,8.58006157098633,9.569031385252718,11.642004754500345
2921,11.868092530344377,8.923101774836926,7.967843413358652,8.065422678403621,10.5347692366668,10.416039663408778,12.104089512476577,12.28376205780161,9.582304066755421,8.15773125413791,9.779733219659445,12.819357670493737
2922,11.730415027591336,9.095456710678308,8.134310591901793,8.474524335082462,10.182839149449494,11.140479747972869,11.854105782014583,13.57999746295727,9.826790886359923,8.413340418202381,9.771264315690718,12.519250406090432
2923,10.799120537224146,8.206038383317862,7.994703491727469,8.081168441288492,11.064352560585222,10.401887599819586,10.783105428158597,11.819088588612264,9.354007715254937,8.150205578804492,9.477307869291163,12.210483966464505
2924,10.608451931295768,8.180532239685611,8.059910391714762,8.286849218870888,11.062847710943608,10.483971516429303,10.55076409051991,12.002000172583177,9.506523809493993,8.406109041975427,9.47318902942677,12.597057773555434
2925,10.410123638491797,8.023795523057721,8.099373775237114,8.38249419679376,11.294671369637662,10.430360193653886,10.718163817283774,11.738099275172246,9.260075062209904,8.4728446330407,9.560541768600913,11.663115512036471
2926,12.299319034947098,9.50591566178615,8.24935694780307,7.243931307853558,10.341726748109387,11.136384810747959,12.917036601118328,13.216766059660984,9.996901880701405,8.010271914102486,9.440962815517697,14.478092428956465
2927,8.998905253920217,6.700460745205309,7.864479594490719,9.069998913246913,12.577795261190474,10.313248956238699,9.76599141909945,11.33774314139896,8.79484707909369,8.614994643021353,9.042422300065581,10.584052506427582
2928,9.743305110510661,7.197838310677204,7.931378156558623,8.53855924697454,13.69223293957889,10.33218082897471,9.75182228421042,12.320638468130326,9.210229520188658,8.92756609625607,9.164339063924501,11.969676214099099
2929,9.774944754192148,7.145092390877826,8.074548591459454,8.722236464282267,11.803547905907603,10.518294723747026,9.568443671960452,12.108584365994256,9.183602485484556,8.69366273775952,9.212963804073967,11.784048771491623
2930,12.035284495396377,9.49731723656356,8.459544473247073,8.19163319052084,11.162328182089022,10.666658602417186,12.700808615442943,13.128007770670099,9.895215887047796,8.734049195043065,10.189349617505231,13.28465025493356
2931,12.55048661398007,9.540892058644244,8.492372689751667,7.432671673247693,10.331371190092952,11.098919448127866,13.044434151828645,13.296074545603098,9.903770315192347,8.161356978533336,9.562226182694417,13.988832030029764
2932,9.754203794619986,7.281950797115936,7.991144174008905,8.375187580157192,11.870143634203856,10.451955684541595,9.851579352358804,11.964730413740664,9.304473014929128,8.524270454977417,9.095077982457944,12.044272678710097
2933,11.082730569188342,8.506091418919826,7.915845629433001,8.013688041985521,10.73116234215044,10.37038306905341,11.411752598066842,12.649856301435516,9.65272000913379,8.20715162473396,9.363534414487262,12.352457140183219
2934,10.917943553175299,8.42889492373221,8.199116720461527,8.419201098423125,11.252531397458458,10.566400671114438,11.225864790212498,12.38238205185758,9.473365525774632,8.42637885231676,9.34511761883926,12.49809343154434
2935,11.628160392136941,9.110771273957935,8.187913908635455,7.904489456358288,11.007901121269825,10.572522217101184,12.235928925188757,12.760260027643877,10.090082027429649,8.096598872479724,9.566894495617351,13.514515522450967
2936,10.743015551823046,8.589660187568592,8.854476212197632,9.847808862080518,11.201755245498669,11.962031600108812,10.401280844235858,12.984291012741414,10.067171350377148,9.233688642637054,10.365283154211728,11.400751651903839
2937,11.205295209791025,8.7172338933083,8.978139574046232,9.451736984846747,11.15957180894264,10.9746833244259,11.430649891612344,11.983080288200014,9.70487277260649,9.959561711360262,10.760392762490872,12.098914590389468
2938,12.403055161368462,9.696837383050207,8.373382796634695,8.047489841892716,10.375712852338243,10.438371803568398,12.668106418581955,13.183962207273813,10.139632786392928,8.341961291016409,10.221844655825764,12.919311802818903
2939,8.987295348271935,6.1588935597905525,7.748129091667613,8.179750618213907,10.002051769974669,8.714554333661326,8.482631605545118,9.100172860995261,8.683393145916412,7.918327143458699,10.2300005641119,9.575098417796447
2940,11.279071276279069,8.386915604882152,8.435858944530477,7.7772482879257785,10.798906753875404,9.98441574983061,11.844377454952625,12.562149264389255,10.473180577586811,8.01252565567137,9.357023614963689,13.222658173221202
2941,12.288322164429953,9.153049247762358,8.43559821475478,7.699043231993526,10.919209464412983,10.672957938495266,12.701673033258812,12.911880734663212,10.052908382221574,7.954060517861931,9.620137559776605,14.261001538970708
2942,10.85651933283958,8.315926424066037,8.159509758652476,8.150521276166234,11.172856895356885,10.496571506983415,11.79535271896902,12.225506707144444,9.43534569435825,8.35223724528372,9.3575401768713,12.215616248915698
2943,10.539388003295322,7.925568433138997,8.001097391852696,8.27448865755262,10.282911827191388,9.512566330864207,10.464016402196425,10.563704172342877,8.893071071872113,8.631450645472754,9.68199107851565,10.86205301877389
2944,10.740280488280964,7.687147129744099,8.272576468901129,8.111708328967069,11.035087371149611,10.213411721999638,11.420993963661708,13.116351040082938,9.583237274515543,8.363263973791145,9.586448766176076,12.220174583132476
2945,9.824995670327525,7.777676617598329,8.022701379793856,9.366345529779212,11.662128363692084,10.958790354388494,9.724069483022902,11.802174411657422,8.955850383600506,8.501699310611926,9.14903039109429,11.361876506949805
2946,10.521544206869578,7.931560323173577,8.027691466296234,8.296402268050304,11.249149330990624,10.419310811415379,10.44401839842542,11.474877892120325,9.295669504966739,8.487461232824211,9.66675304847527,11.51608590058151
2947,12.72511835216627,9.80080280760458,9.082177709288944,8.465294797879936,11.04830140830607,12.12694293084147,13.31892632064974,13.979002978795792,10.013384094873164,8.283311629944041,10.345235024625705,14.227155920544034
2948,9.190883065979135,7.3636870305013025,7.943049145191023,9.269713267767175,11.990329214343983,10.738706805394443,9.755512800154952,12.248492246557568,9.029435373728475,8.909746791024133,9.06445112399612,11.179985482490757
2949,10.884109642049253,8.099132771159372,8.148936591026507,8.461734498384484,11.073285236615533,10.50215575852043,10.616943838511663,12.068432804054634,9.518429526163228,8.140915330646855,9.685843274724528,12.101025294417077
2950,10.946385297556699,8.366086062842468,8.157137190071282,7.981910605200209,11.387143241210243,10.647594462215324,11.745824233670668,12.672944806970175,9.883218513970201,8.400385253313615,9.500974959878397,12.772396953119205
2951,12.858773443557372,9.160436540385227,8.07739932489354,7.415160155533043,10.317812145933452,10.395643173828617,11.932384412931844,12.284539388368465,9.83210143622026,8.176087736197493,9.788368099451565,13.278272762805626
2952,11.896049341619195,8.899568858255885,8.298754228203142,7.840459936628964,10.800676945872716,10.54863289024976,12.382295433069965,12.629355328341322,10.035837094010933,8.016868264805515,9.60203015629986,13.571851358511132
2953,12.816580550403911,9.363802312417846,8.40434433771358,7.307988199426852,10.851423130762692,10.62700105632738,13.308003345432509,12.903147531114918,10.498166890338865,7.781018419748703,9.737515060291614,14.5649398729247
2954,13.348250230626018,9.984645494209033,8.535820474418866,7.6352327157655235,10.607879710911154,11.279344440466641,13.699590770972748,13.951540603261513,10.42899661323628,7.949609765481622,9.782219698120006,14.973747183759492
2955,13.469835485799921,10.212112011956071,8.846676874702487,7.67701489556611,10.929289223889885,11.548428708086412,13.576174755496668,14.028882208275341,10.437602839497865,8.153783304526947,9.806078593857062,14.858106364397447
2956,10.80635865145494,8.34568128455066,8.295127289859531,8.279479928698784,11.229497296420675,10.427577360699756,10.664030970283697,12.089523937311355,9.395294783122296,8.391746707724288,9.649072224623737,12.554250137833236
2957,13.355205304565688,10.178196842270008,8.240985151704542,6.443813398620191,10.318934711938663,10.559261733292736,14.016105494720573,13.545064870309535,10.326480857952571,7.501423983288577,9.666247997198717,16.055824211094347
2958,11.216864944596644,8.738685663800615,8.078860019004587,8.563874910941852,10.868271924671259,10.54140056765119,11.66567309577744,12.716879881172371,9.907716124215753,8.494697468174277,9.763111679713298,12.94626081791429
2959,11.451521182640523,9.044814499931858,8.22877126837373,8.677328253537304,10.710150159524247,10.555711798025456,11.053762326946611,12.473539313833093,9.539516630150311,8.856236501491876,9.89188578077517,12.248601933640494
2960,10.987244001766726,7.8624120621591,8.092342377620449,9.107314417107677,10.79068501579927,10.595601981268507,10.499896806600358,11.242424252654624,8.834220215746825,8.848276053725698,9.97197159236566,11.363391602673705
2961,12.270946997551993,9.770556198762659,9.050568216350197,8.432016580489476,11.180154563922743,11.247892504752556,12.423880744299776,13.314238854149721,10.181814515910176,8.639494312600668,10.581649943539034,14.052966491620747
2962,11.033656754267332,8.623019011273481,8.330419505126534,8.239415894426477,11.200326750235996,10.583738265259559,11.26088706165745,12.4907065123146,9.509292504049462,8.424863338343945,9.34510006910057,12.563320766372435
2963,12.579556696713862,9.797932317005841,8.868370853492692,7.927127188068157,11.133113287793334,10.671327077841497,13.500001103413101,13.68460430679268,10.670728908765401,8.305942379514429,9.827757561778828,14.765622169221455
2964,11.633842753204517,8.574468955359174,8.697788318771217,9.552261778645931,10.798201656580755,11.11585679401406,11.92450737260509,13.546950912179222,9.506221949783296,8.862329933672704,10.532384431654036,11.203184858340427
2965,11.606253505672079,8.129905264742863,7.945438453732495,7.350431362069617,10.535177055626251,10.108001544982388,11.737379694453528,12.35473238603791,9.359122818607151,8.283087034564481,9.50554980059597,13.231034994773786
2966,11.006252694638894,8.112363904440071,7.968834889170976,8.301501441496438,11.370857439774884,10.774399083169044,10.710154662136826,12.313927886445486,9.604453990094711,8.73634944239233,9.341643895680322,12.4876120270799
2967,10.999000130556382,8.488734601818477,8.127650870437819,8.26272019305145,11.400127054058569,10.648524673112899,11.174523309092347,12.223044419634544,9.832062459083659,8.459938240646546,9.490389197705051,12.460340408081056
2968,12.412046156625951,9.295360597012627,9.218839240403355,8.945246527307992,10.635774847458343,12.032763501898376,12.199037393495306,13.341752111375769,9.727643821370426,8.519291120882336,10.087726781928648,13.21319020126528
2969,12.163993996969442,9.302078578849141,8.316328070533295,8.556748647062772,10.58885381358942,11.202955905730743,12.557327576271728,13.47377494871126,10.078425618746603,8.399607461121192,9.872812165027751,12.681778113486732
2970,12.635718804439403,9.722810628503444,9.252032845635568,8.659907627644678,11.017145369811335,11.584294705447643,12.814102070125827,13.375152663549711,10.053999607483727,8.225755935730593,10.154249642643366,13.23980453416669
2971,11.709930154730584,9.198121621817608,8.36005243433367,8.033146483627977,10.720273882372826,10.801557281187236,11.871185603426856,12.472048223440337,9.492778791757598,8.293789280300771,9.636445139366806,12.959441380388778
2972,12.21846809122783,8.95626009318637,8.070240918962273,7.497141737340895,11.03624504922265,10.399223497567519,12.265200130710845,12.559798265963778,10.070692806472861,8.12353980670369,9.567971167779096,13.263740953315587
2973,13.757118673335398,9.82921382898503,8.264490045272431,7.373579821284178,10.5134866232593,10.653223624680228,13.68172757564204,13.27049291290656,10.218758306064348,8.08010092697555,9.960582481145092,14.699725413270311
2974,9.956966360843452,7.366708136665949,8.049405269101593,8.851018919424629,11.615081271563145,10.504311265084965,10.034150155402001,11.536033071465535,9.267994982938378,8.429775084744913,9.411780598758028,11.680756196936782
2975,11.605695078861395,8.862840711583514,8.20601408268591,8.321582185105907,10.861494942904887,10.892494638144381,11.362859732974698,12.512685843467052,9.492945591485856,8.443688571928151,9.50150699129301,12.66947744866226
2976,10.232985342055622,8.082343803556013,8.100151539207053,8.585120122446185,11.69162253382192,10.493044546644136,10.132625821670285,11.971179618097255,9.469757587016128,8.563108397873966,9.216664280453948,11.751298455377022
2977,11.591212511373456,9.099033891366894,8.3721784126588,8.201835785898739,11.129979000370529,10.886480594718472,12.014434567405434,12.696258630230322,9.996273522598587,8.307478747233027,9.634569985467273,13.80760778121709
2978,9.155764087555017,7.101264905462058,8.163285893236912,9.398414251979439,11.572325293112563,10.301721799070084,8.957123297280333,11.132233776486832,9.023635745883126,8.788321124139767,9.326262948286699,10.5037083615027
2979,9.746498307963156,7.331614165244957,7.840257753926501,8.56760487888485,13.448928467757755,10.101951386302577,9.831299615255926,11.560011961694471,10.067800038581197,8.621295038581847,9.28806928923549,10.609484985551237
2980,11.264216537007325,8.707043923163212,8.195609053588846,8.057713779171621,10.367070807118234,10.526551023490782,11.765020642409155,12.870985243420197,9.747468490387574,8.163161579068515,9.293361987181813,12.939567249557197
2981,10.68580673751438,7.622272215156547,7.926658424752445,8.47505241272329,12.241856459751048,10.172464457979581,10.243140881601146,11.885932952001848,10.195218695937804,8.583545304506476,9.50627185421444,11.104978429066641
2982,11.242642614654322,8.427204519190944,8.085653188057304,8.07881873395881,11.197990292853074,10.527014991938422,11.060151781196286,11.97589352461093,9.637174600063386,8.299858164326263,9.617789062783654,12.508265586021999
2983,10.855756881816319,8.619092756650101,8.494180647513192,9.015530550384046,11.356649435859437,10.61040940934955,11.487714467792273,12.044141496630578,9.196362934010594,8.743606232420621,9.877049248667603,11.897447255451969
2984,10.048910286211504,7.327616174953538,7.9324109729817485,8.453053291852159,11.710828097239059,10.2014324645114,10.034398033459823,11.64472378152348,9.023690538585855,8.594019691746919,9.301308187301503,11.45927976038588
2985,9.481134918710213,6.99503653742693,7.940039559762356,8.721004109917036,12.095426630688618,10.316202667786236,9.459882878901261,11.577452210797404,9.174758971207712,8.785995112432998,9.187868944903933,11.314426931476994
2986,9.356614176000738,7.111286435634602,7.779319037570207,8.576860283022242,12.066002385012872,10.220986799637362,9.507601858349178,11.062765869545629,8.658507567881154,8.630075021338584,9.243464927180955,10.881401596121684
2987,11.369453467234749,8.399487773850494,8.019841008103002,8.62796407660531,10.691560841088393,10.727865038683223,11.120259244983526,12.732636740333641,9.234556382888352,8.613317636852852,9.572601159662888,12.261881128061255
2988,10.633653315282656,7.9986302255891175,8.009194566301641,7.8308164078769895,10.829761879191128,10.082087666880064,10.603285657040585,11.943461742486885,9.386697306157469,8.417200580076933,9.357551984426992,12.25913785218554
2989,9.02137948216657,6.85425016713462,7.978592759228022,8.981320282731641,12.37164996698258,10.071930372257622,9.056081099727546,10.999440652789612,8.686674360387096,9.002817098317209,9.358023342089755,10.34544944845904
2990,10.48541171792997,7.580697386462534,8.118104554018615,8.063414120308757,14.100006712764088,10.434817095473477,10.551711293444228,11.8233640580265,9.155048024488604,8.686689371444059,9.203006301531918,12.742571132232342
2991,9.319134023321979,7.002622166045269,8.046594008593873,8.123589816924968,12.819425241762321,10.226672174159432,9.81337352034194,11.973629102601144,9.19890817412292,8.740695843209956,8.967222400570513,11.586949506763666
2992,11.210087702908604,7.864961859334093,8.049991280779688,7.429430673112212,12.310907599392056,9.920143057834963,11.163217326667986,11.567877043418822,9.35056602734437,8.362438568156314,9.493665482132712,12.955402971429402
2993,10.810581037658702,7.2599255264813305,8.134202633866957,7.786193202504071,15.377450306758062,9.983926212908198,11.069931438352873,11.45311151854666,10.516940062972473,8.377448014400983,9.293620271769452,12.150829966997508
2994,9.215797937238644,7.263660630269411,8.366964018619058,9.990282312367917,12.152199697006242,10.840985600735053,9.43202714966765,12.58249773775831,9.124178005506305,9.253937446287525,9.592683407482822,10.650668569237443
2995,10.87671881234458,8.476794748779438,8.357935500320192,8.667077844242627,11.290481562715112,10.408056957669332,10.856488048403001,12.198599622666688,9.585343632652934,8.591340505378653,9.943744090918607,11.818886081675043
2996,10.935374669565867,8.400415218602749,8.160828012247116,8.571457568620119,11.069835682790622,10.340325390550724,11.315813247869741,12.147015269351112,9.734495480926451,8.355517777461925,9.847524325747727,12.436342262828479
2997,11.999250148508514,9.233461697226028,8.299183353252722,8.227863988923268,10.90204213458744,10.945026223757955,12.185017027613618,12.711599481098979,9.762887117667074,8.329308670736278,10.211589100650858,12.987925102009623
2998,12.40499919998527,9.22446757065229,8.475139814105242,7.866650826303063,10.969178033204397,10.513532160695073,12.715844112891986,12.814013738543721,10.185376976963806,8.216748110220871,10.151567781287518,14.223602645437468
2999,10.7082725955918,8.51351712285187,8.050770662854429,8.18764227503359,11.244452039657347,10.819918337382028,11.04083243936897,12.620884053092169,9.269417204371122,8.394152697984511,9.006070665666781,12.27481169204976
3000,9.553761929655918,7.155557619737992,8.048852553281748,8.700134465245444,11.841800098172826,10.5430609969251,9.79299498465084,12.169905434806939,9.351850569908512,8.594146181459426,8.939948683970886,12.03741820859479
3001,8.756986265774296,6.56276747298654,8.026598919426695,9.186753132351761,11.994422341775746,10.10935825487479,9.406210119069165,11.024427083600878,9.177002573067046,8.553157925300273,9.162427782784864,10.300385685758524
3002,11.196822785790667,8.695464885235179,7.791171633937745,8.27129962693522,10.306556754605086,10.267588723274029,11.2372002600424,12.147515568576335,9.509875604698436,8.731985838043105,9.807546930485604,12.700957884870654
3003,10.422226486355097,7.99917505648474,8.034941540068116,8.006145763779088,11.848643152252231,10.495953443684424,10.450813438353437,12.103480279244195,9.474491535868436,8.504831556267014,9.260815779960861,12.473297381464793
3004,10.443636751117698,7.93346300740168,7.958365105415241,8.441557123424754,11.519499491628757,10.424548148676271,10.69003891736001,12.036861672697064,9.411945138625764,8.348823220135287,9.262837856326897,12.101263624656013
3005,10.478710648344872,7.959059501342505,8.115599091689734,8.66790450725706,10.918821377589357,10.392640256496811,10.593159916396086,12.287423382318446,9.923382666125658,8.566386442980036,9.476506922618169,12.02796077631675
3006,10.91600681826273,8.164052377393945,7.968793592066266,8.205602081207758,11.350323017914626,10.627133671809158,10.744462684199904,12.206863602581512,9.644197737744662,8.360932372975743,9.242308748432828,12.458682021505279
3007,10.44142379967499,7.861642503243928,7.960439788581308,8.221627809313567,11.154197539479583,10.394446554450816,10.242033532991202,11.860604229386201,9.289828751579991,8.268543779781712,9.257450879129337,11.661943190634512
3008,9.136776012003098,6.76707016369475,8.061668383388104,8.625872679351183,12.948083354344803,10.45287992952752,9.611240400599907,11.923491348839345,9.278810089158274,8.664269422748204,9.018994327327835,11.180453489553633
3009,9.865649394852863,7.385995947424105,7.842175201503843,8.469603715593559,10.532119434033454,9.814130193799397,9.915136874863538,11.45370383712643,8.998236412218855,8.70732068271359,9.54739416177693,10.549054258693204
3010,8.375418445990846,6.2897142652830125,7.980754583169238,8.881569899315693,12.32969454900098,10.02795433406206,8.258365059582731,11.134300066821957,8.744603237358573,8.931584221102211,8.542715407831677,10.659331760061992
3011,12.208831675990375,9.565717782726653,8.411931020044761,8.409275557402763,10.735957686699354,10.482928111622218,12.172238263029541,13.337106907160264,10.190708841572178,8.654669720785904,10.13309706610809,13.385998704906779
3012,11.62713885439798,8.626209164934982,8.306254353550806,7.7882155905608625,10.887465142897176,10.42609458402174,11.982880025952404,12.565466041357727,10.040303012404186,8.213242221164158,10.088040850632657,13.085811628434566
3013,11.718364779632243,8.810351568252997,8.217416308604312,8.245604213288612,10.581791939283939,10.901042090316313,11.431684668861294,12.215491298248933,9.589580173647047,8.404694039117604,9.783559563582699,12.060494974341061
3014,9.1749668865742,6.711072670969678,8.028128251341293,9.046412419568233,11.86429954255036,10.030804416595215,9.108471930757176,10.580813312528672,8.750104562320306,8.758162918013488,9.732182589053075,9.964700190082734
3015,11.41368326317889,8.633327547079052,8.291907441504017,7.749644077816056,10.83091347306361,10.55715695064574,12.202319900215162,12.340656679126372,9.84796926653088,8.31840527221292,9.595862522767508,13.347703718200359
3016,11.0609840222901,8.573510463288365,8.150788108089223,8.271371718670586,11.199936577544538,10.509346253823232,11.070178470389369,12.027698158875445,9.698995683970232,8.307145475496409,9.447197341565317,12.361124738579356
3017,11.936729619308725,9.178761333245056,8.320008343913921,8.22148323895,10.546753413941614,10.70516712732286,12.042694214034496,13.135553818607722,9.8452348053926,8.298070391706474,9.867361055849619,12.963565261665138
3018,12.00667608530349,9.38495643441388,8.34843440085021,8.198378054170744,10.516569494617606,10.873631239483206,12.292352088073354,12.729455915828488,9.837941836229032,8.353144626348724,10.044452905487102,12.617736074342565
3019,12.795804477771156,9.351785434412589,8.762937621383987,9.179806850633,10.552237530593569,12.070252345551609,11.778996144327547,13.570095799948266,9.867148855795346,8.36319748940538,10.023503360981088,12.611971991718567
3020,10.00414142344377,7.3165988236004535,8.213999105294423,8.867708803125023,11.488480957236924,10.286196391392064,9.848211755974589,10.834321218238447,8.93946136531339,8.715571554742791,10.131063753664423,11.166267140677192
3021,10.596026209845466,7.974730519200048,7.925560049342547,8.060903291699475,10.819885025837326,10.180433465537652,10.622917056364662,12.299124756868729,9.490000343889164,8.482759539311996,9.215379303713686,11.50070824658566
3022,10.753437985774386,8.07904195747346,8.119034067023215,8.222348828862387,12.015190395281056,10.27918453541353,11.186417085958283,12.30932593051141,10.597838289335634,8.58646308474097,9.159064184132394,11.559872543859573
3023,10.067008474140522,7.253255149758969,8.280495171732039,8.340839366603902,14.372850870393087,10.27735314706965,9.910026998326513,11.828547239161185,9.06508085408116,8.694447809203222,9.261103177191433,11.76334268939901
3024,9.965669854269883,7.590350461662154,7.983709036733012,8.724863209467365,11.8544686470832,10.339442810534738,9.825873482127495,12.21824210411556,9.294647427537267,8.563451175356004,9.068753001407252,11.491274821708888
3025,11.080084210409051,8.296125145113459,7.987418743010691,8.180614252247677,13.209195266182503,10.342003358163524,10.914725182469532,12.090656439834365,9.254312544285218,8.565366710568355,9.32006468962335,12.535761357370202
3026,10.10211591045717,7.435299060387605,7.962126604672753,8.252065612334992,12.749718962398669,10.416780019708838,10.648392802662766,12.082927030927934,9.218000391946198,8.609109327630389,9.09657471250715,11.732996384564172
3027,10.99668251671352,7.713518170356734,8.249551628834253,7.779755507202622,16.642510502620535,10.357617987226943,11.287192778706197,12.2139010437877,10.463655782586908,8.30563109674158,9.33985920895491,12.594204178054955
3028,11.381352866215536,7.861357789443585,8.217713271098162,8.037430192784477,11.461040535116659,10.488302079716028,11.42087582348077,12.41039961909049,9.261762054688575,8.424119003163915,9.454774878350413,12.526920209103965
3029,9.582881295653067,6.937510080251007,8.033528817380697,9.117082585625948,14.877262716117581,10.247728448456419,10.029016110557926,11.702099546361922,10.375159912810805,8.503479473689298,9.28839460532337,10.630436183166067
3030,11.462082267123412,8.023422636085728,8.036712860910757,7.719099288203354,13.094841377244899,10.688622313164045,11.574708058552948,12.59452801362825,9.125279596775407,8.294375712014958,9.196331355820178,12.400499211621042
3031,12.578184434540226,8.488573866258143,8.165065670237091,7.409744194611905,11.325409206805972,10.14432241243372,12.214989984589199,12.482263348516483,9.263749220490693,7.880974456847449,9.604937717543885,13.715614128410628
3032,10.880778500186825,8.566114053694218,8.242884616928201,8.262752478750036,11.047982778420753,10.874994626666115,11.192738295847581,12.297310547634368,9.675776844238143,8.316338275880277,9.438996757352516,11.799846001106754
3033,11.317496958117612,8.32885243409737,8.628693298462501,8.693061225601534,11.01545335447673,10.616173658517464,10.997023574846981,11.621230489192467,9.432021997476038,8.18716077530342,10.057606992337933,12.072791297163477
3034,12.313081735840104,9.22097137216831,8.217172231152851,7.846618825533609,10.604420180138783,10.637502656998532,12.172051216444785,12.258066084781124,9.710546575750888,8.313529082793856,9.94484089931682,12.942684470171645
3035,10.640234773412613,7.097040804141321,8.6314098544327,8.7511461185174,11.507310811490857,10.338000794676507,10.756854508208402,10.635751624344179,8.555237289690064,8.340253791321631,10.02370120970443,10.22051385262801
3036,12.22757733951701,9.47999620545583,8.510033951650197,9.222890310560217,10.53795452438953,11.613774693545363,12.118853003007274,13.876138517934223,10.184638131857813,8.2685449574188,9.748390017174733,12.601871481228546
3037,11.65732528796335,9.149577672022247,8.178653413969833,8.398945402525168,10.618012797341525,10.480097079868939,11.3033965063874,12.078802135627587,9.306913535899657,8.624074108811426,9.950242018777788,12.288747921500715
3038,11.823683661131085,8.930583813480816,8.233370190907374,7.766769848814752,10.89244714795139,10.75471992889128,12.298918586431991,12.739991333299,9.992763137207108,8.0335970462321,9.45983588707632,13.482243502214413
3039,11.53579030476526,8.845777732810811,8.040199160842775,7.971212758630376,10.968516266847443,10.49523113779663,12.22554604792768,12.61344889463641,9.829185302414045,8.044893952521196,9.465101605172508,13.019038276312912
3040,12.200346865389767,9.241388333473477,8.288831573388043,8.059035422175791,10.911526628741925,10.72198322899912,13.083677580945631,13.021088866799179,11.939283784588259,8.250319595592519,9.590285357429632,13.958216889551966
3041,11.6109979029437,8.651798609946606,8.445406487041177,8.42519160470467,11.367986032857216,10.635320284390295,11.413268238944088,12.304856445254607,10.080871177892483,8.412575719880095,9.411398322915751,12.75599958439838
3042,12.03621196850596,9.065589719216497,8.207204197582513,7.7187617118575265,11.12781446801904,10.759189001612214,12.226186424398257,12.765848224493398,10.214877916100438,8.209746125932577,9.483352029191707,14.085429859618412
3043,12.926907868641058,9.60030292533466,8.039865419539547,7.121971994483103,10.474254143288157,10.437539728972524,13.541967594259923,13.105521770872816,10.136571750297477,7.7976148508628125,9.628304908143072,14.099534893718062
3044,12.313520846970789,9.499945617840499,8.546853089420079,9.198360764587237,10.289807362540074,11.117688977315026,11.660452006541313,13.006031246676224,9.906747151155242,8.708780496266288,9.930932208251601,11.982903784828808
3045,12.317313157271684,9.340736948326878,8.915581077327143,8.392968772800536,11.20585901225191,11.008119261622124,12.392810556831247,12.991534120379976,9.938167893597434,8.23648142891198,9.942484380882549,13.156653309588766
3046,10.932199372706705,8.81607085596482,8.035744714148915,8.45908477541025,11.01908538880921,10.506106237688467,10.955172069045465,11.938368080748662,9.547969128604652,8.496601162506524,9.665407390523516,12.019961529254623
3047,8.858853324540878,6.703412282212469,7.868496824370568,9.650799131563597,12.058043044291999,10.47746738734747,8.604986629879384,10.999332970052075,8.79819592678855,9.103196788626228,9.21694026478958,9.88387056303328
3048,12.725074239223762,9.323399264509177,8.21816195508276,7.664379020493231,10.927535221128277,10.65587811118506,12.323160239441847,12.561647724505548,9.99257518970295,7.997460800843944,9.54394322257088,13.927419979549846
3049,11.105289384961747,8.9305990523453,8.023339866075268,8.791517773765566,11.003432577561373,10.677728496816833,11.597841719533747,12.568606771156746,9.610498255528832,8.519670777829232,9.587862706184637,12.570428576445618
3050,11.305154479893094,8.673173973057093,8.143572595918101,8.150618135460856,11.070750579823493,10.463992845315278,11.67696562930854,12.382334802748074,9.78116834476208,8.242167609821209,9.605102108096801,12.868063555343214
3051,12.309846373760173,9.556557996764452,8.333548246605229,7.830416021192316,10.63806559778915,10.485078754849113,13.200965468023924,13.294192354011603,10.370328776085765,8.137659810787074,9.627732766073894,14.297791487654164
3052,9.767326999331129,7.248816294348627,8.09511890092255,9.004209562375731,11.3478381193807,10.157736338540506,9.22619956959696,11.060326286259174,8.786652504924756,8.64173915488917,9.492459002058514,10.336008593076812
3053,12.515646078900843,9.266004961001759,8.500142101178454,7.600550138158125,10.930348464228278,10.742612618585262,12.774146736298674,12.840073651615413,10.273940405006535,7.903671417898212,9.683773280861026,14.430672358528275
3054,12.889912671815512,9.285861143462986,8.431947526163864,7.702806634034675,11.173969790690155,10.675225137169116,12.857922965434277,12.696930396500024,10.121365351405384,8.04542865086429,10.088426073354942,14.073054325507616
3055,13.03053967381789,9.80856752118508,8.391440394399535,8.704220006013855,10.45532300176162,11.78273512744024,12.662665873331056,13.715248932679685,9.965047383199227,8.213505075991533,9.670565648882832,12.88591324358231
3056,9.950871167028113,7.496682628116707,8.048478827991556,9.10534229373028,11.537440009617685,10.323197664256478,9.51396861462856,11.294179503483067,9.06636410145344,8.555556730568059,9.521104195487027,10.804290563496403
3057,11.130737770245435,7.755262245047932,8.317214069958194,8.510968125764913,11.355164199849508,10.554640628375715,10.91055752596086,11.608132966822438,9.447424745118614,8.089167546101184,9.442857457985248,11.937099683435047
3058,12.755171800562943,9.958526688715981,8.48234832776983,7.913380071848723,10.599886354371735,11.147473533197726,13.027059682834308,13.57926526587066,10.240156580021495,8.04812908488625,9.694086889806197,14.12703484014052
3059,11.518391061849378,8.866184955529917,8.167820132839593,8.104667869660714,10.81131746903869,10.667481560672995,12.29999429993326,12.650625043326333,10.026106396112104,8.04872848355766,9.507424024737228,13.156696174177196
3060,10.596827954366228,8.144117299208023,7.92213016085482,8.14548956527557,10.24136961978909,9.701231168933006,10.54839286268656,11.649579170342676,9.081522735839755,8.374131421346863,9.566292137888878,11.507285443659232
3061,10.360485221513986,7.666568830029325,8.051883718253526,8.41710639213129,11.316531569447962,10.036213540546983,10.31314394907704,12.01622701312736,9.365840941488488,8.272492353348035,9.161638726817529,11.788539113789582
3062,12.027686153860596,8.47778082222928,8.318507058952587,7.752618036137682,11.79539510853434,10.516350410601774,12.36439535403531,13.474428977195586,10.27522105102006,8.526797464031311,9.64883365504047,13.170420090591389
3063,11.203622434026299,8.199219468202083,7.869289603206075,7.662298986629994,10.5499965136724,10.400963993191796,10.918170850182094,12.395030699459785,9.438824434544433,8.062413317297045,9.015848740692263,11.738023879144878
3064,11.939371083328652,9.241899508932736,8.18016817134706,8.03833981511934,10.353215944267781,10.726382559154619,11.791990451918501,12.716628551242259,9.552273228637105,8.330906963593733,9.702195274114597,12.58591221858589
3065,11.052213466157067,7.911669974835868,8.283358854861572,8.98303735981435,10.396159640290703,9.863896244997964,10.20940388971012,10.749683496983852,9.193344921348835,9.652828602556125,10.650238816989381,10.785911186611076
3066,13.472679764046465,10.251426219038365,8.95894570338156,7.557616910822359,11.44704104737838,11.120685255949795,14.060717222503794,14.381143601082666,11.006252653276483,8.225451616099965,9.998077527928224,16.28222593151098
3067,12.437821393468901,9.460345203084845,8.520821019198241,8.215717603410873,10.422140085481384,10.519611458743823,12.209189688656389,12.825127104321567,10.040892858604504,9.300485260733327,10.453346591096814,13.018760066141652
3068,10.951635011433185,8.58227008877871,7.9957153308314135,8.008958912065818,10.78890845577994,10.286444289451737,11.257793831118025,12.357914518288485,9.806455639378857,8.102862683471272,9.299850346745464,12.691871614122249
3069,11.275924324608708,8.563122679084014,8.007295074570548,7.802894131537387,10.670915600399445,10.468512747425876,11.865010874834294,12.481999285204257,9.811028671314563,7.938034705645746,9.283414959053973,13.218552740578767
3070,10.87748878643652,8.335297869073884,7.987602278692295,8.068965436142644,10.523605287593032,10.049208370443962,11.55299914333315,12.519535993729765,9.702484837360196,7.896123222399996,9.158781415854694,12.940396641696717
3071,11.021466150513469,8.187557884860816,7.843237529383075,8.06042009103408,10.460869280714993,9.8941840368479,10.935232699126406,12.36755702544507,9.43335288066249,8.270378950711894,9.241012378434636,12.042428255245156
3072,9.308038379585764,7.1904508939976965,7.782962269866992,8.987996859482948,11.18896141953772,9.934029696882146,8.719371236525253,11.156183759409094,8.885429683976897,8.53708499745934,8.857406710292667,10.455524702872207
3073,12.183425723224346,9.209032629305876,8.279543217346557,7.872438530696248,10.451980560568872,10.76749108616722,12.527729821424176,13.008488583686098,9.835694669716634,8.112969797619396,9.573646087909243,13.167228849040363
3074,10.517595461433647,7.84009108378312,7.825646979865464,8.104413440318535,11.260258679527059,10.11769325961353,10.506334453233972,11.670518909138865,9.45805460947954,8.096051975633786,9.045744786519261,11.874392862726877
3075,11.519459637683429,8.95523937652163,8.149627623949893,8.021001724377824,10.923913864070947,10.917893070124585,11.443092385220504,12.831874037006834,9.377641227585146,8.118017530325165,9.429701021083147,11.855257549296661
3076,11.210513094870162,8.181551351966549,7.993307673380534,7.828736861157527,10.586167635318203,9.836676710838121,11.69439445232167,12.383041518853856,10.180952065726416,7.847236693401075,9.025517414374658,11.813300867188904
3077,9.799329355004911,6.970235641829468,7.8952206126409985,8.407805773790145,13.59468780283842,9.854778941022678,10.515104173779868,11.627340475448285,9.180507225845346,8.292352845490834,8.99648075903931,11.258974965696465
3078,10.968885472611724,8.222465558852768,7.951937243946398,8.360570228610882,11.089652139525501,10.265881724973429,11.144844442268141,12.244306223705756,9.516219432808725,8.225378562028798,9.183313520636617,12.222933410869885
3079,11.068233229714298,8.21017342448496,7.859296924731277,7.754609087799885,10.599243731693889,10.192608318046764,11.123131442685299,12.096208249878577,9.340063036106516,8.038112497030161,9.219660956742844,11.710567880374516
3080,10.749629824480785,7.955326780733265,7.866187952520456,7.832470739648952,10.120210507706508,9.902612307167526,11.245384244834927,11.878651667285649,9.216535284779532,8.15530427779215,8.965063166360508,11.627759745524125
3081,11.094740995151401,8.230929220439103,7.988939066673544,8.66054910902648,13.084818760334873,10.385952190193175,11.273480710740666,11.970773108207531,10.482605313187438,8.611002028858277,9.442696013087444,11.404241369149492
3082,11.831219944047835,8.927728836712216,8.422518011364057,8.186945946096932,12.002825018596859,10.852757842117985,11.697017068702316,12.681585319902865,9.668962848501762,8.489234188548384,9.89257400298257,11.957721713441174
3083,10.93096909182691,7.959088038650359,8.245834974149574,8.033747324877943,10.645636083131508,10.026024490438484,11.746229438008093,11.981058526008631,9.518617546447015,8.162256735458943,9.050611710329623,12.038183267526072
3084,11.08111050652466,8.171765207177302,7.933850604940717,7.880254390589748,10.973919592823425,10.205398586774864,11.379221575225309,12.285860120818167,9.583867480090955,8.059460732436259,8.984372327526357,11.864435805709777
3085,12.257821851538289,8.726221136401653,7.940280016002186,7.298403211090999,10.47415700528749,10.267520057987198,11.892351999626605,12.578156562240554,9.477889764641224,8.07662907575165,9.351071164451731,13.065050916684815
3086,12.025809389922822,8.229716403881739,7.936537997094852,7.603521989794845,12.988730291920879,9.939767199366639,11.344364289607121,12.010088832112542,9.279179974049768,8.224170479280133,9.39527100152338,12.419454505571574
3087,12.257513217792036,9.103521165587038,8.757263484635372,8.12407548167071,13.630776956829827,11.19670432901787,12.552731693050681,13.690727344490439,10.093962044537946,8.868811099468637,10.029272348435146,13.289388042927154
3088,11.257575290270957,7.693694667864127,8.156974520259052,7.58239738988723,10.954854927079388,10.073982289618248,11.317950254747966,12.184661717793357,9.330744347984904,8.029209019374552,9.20059056431655,12.619287080542652
3089,10.225552008640078,7.293540256591146,8.114312319115395,8.140604418858919,10.254820856072085,10.009312404685582,10.683541955418,11.621084910606044,8.892439160932067,8.263721688293845,9.64811678507399,10.401518876069488
3090,10.799615932248349,7.31546349659123,8.003163873600109,7.558924874493149,10.563714302204302,9.590003509683784,11.49711370048713,11.949172271012191,9.264703303650952,7.810399791232439,9.466627194424847,11.526008897669922
3091,13.80021923869891,10.424914763651756,10.348248024533705,8.353551693737419,11.276679536157658,11.854248799441788,14.142392856577565,13.995014703472169,10.688235462568597,8.119769606174579,10.372891044627982,15.881505974038381
3092,10.43070171670319,7.818529167212543,8.1319045037037,8.426289053568505,10.56012570090114,10.425002772085284,10.9266060840888,12.253255049812076,9.304737678175123,8.250218993571549,9.318550607541852,11.633329241894138
3093,13.692872498847208,10.011626567775522,8.839608444017257,7.94400642025586,10.873892211054066,11.160492958568483,13.295244132117293,13.220025208853073,10.503025781293264,8.51399542869651,10.530546635301164,14.342863090083274
3094,9.673901343028367,6.654151688044849,7.989034428452888,8.23710877717109,10.494981726649272,9.319539355339215,8.627511816457528,9.559759770465627,8.653970574229362,8.314086741871384,10.897153645851635,9.141374853095195
3095,10.335860360493303,7.7996641212930395,8.032575247754663,8.942330990732389,10.109217294176673,10.43370559408215,10.98309152193378,12.606719726087675,9.025898081019509,8.209725173925095,9.58857769648834,9.831755498951571
3096,11.505889532513635,8.292803612678163,7.999734342104867,8.253714988971428,10.202434019920055,9.300653007345748,9.966056419553372,11.42709308838552,8.995111300238953,9.198021646632618,11.48539955542731,11.00068385286762
3097,12.268495795136612,9.332752462237876,8.435661729506322,8.067170375380954,11.073388948495408,10.800788828839515,12.736547540898446,13.342748903303837,10.447857522278145,8.326404871914349,9.4740442913889,14.346048260854245
3098,14.127058348663555,10.350249820894124,8.848475755329897,6.959764485913801,10.996941106300287,11.050112087259967,14.583385042921998,14.182759885511775,10.937449953741577,7.992007379950261,10.030999818531615,16.422940531587514
3099,14.1572715053072,10.683885104676072,9.322117840113329,7.418180144315235,10.797970811378434,11.033595335630707,14.138384367310323,13.951174478633156,10.820393758597419,8.20562909272834,10.398638716954427,15.950554432777945
3100,10.101822362981817,7.535296452829445,8.10471676266043,8.593831583004887,11.496721505166432,10.275111336139275,10.429829352613897,11.810970143590641,9.250071870465547,8.907069507509647,9.52025141027004,11.741867243298303
3101,11.24816217852499,8.771302569542103,8.77699108335461,9.24560061625428,10.936936156582309,10.887692857108814,10.779407421828886,12.241821690530402,9.157127457208464,8.625011509531006,10.42083105889391,11.415247096289875
3102,10.445212820893428,8.159476139865816,8.034851613487742,8.273907414321183,11.585888469856684,10.659902959103285,10.689870363909321,12.00746271527439,9.567969914083559,8.625682439405956,9.418930409080442,12.49982221144261
3103,9.376421083850648,7.128095649340407,7.934584868333806,9.006979455218335,11.457097191591519,10.22292378435612,8.9672574986773,10.951334227858144,8.971703640641097,8.679707910217456,9.336301006795017,10.668865348231286
3104,11.254951697820548,9.099668343034237,8.13205608633751,8.527806127668224,11.007066329362587,10.87443114322548,12.098627239556773,12.745282564190248,9.74512094918854,8.550524608747796,9.73467856222591,12.73814542860761
3105,9.747200147303769,7.3464091677932295,8.045572595293281,8.876701963924436,11.437030765476232,10.382250054375845,9.661515839714244,11.466651039864953,9.025826481661152,8.5674192964787,9.227366492723416,11.08354321272562
3106,11.545008342442078,8.06454417067821,8.223439007393567,8.261752402964387,10.794257838835353,10.093944231571271,11.771296288797561,12.919663817645045,9.636214098814568,8.392189682740003,9.879832831006595,11.887949313384736
3107,10.154945769090492,7.6157734818969,7.909169404733483,8.532391303947936,11.297447752875684,9.952122260892992,10.001480534467408,11.807765187372667,9.31798921980918,8.311216197508958,9.101944004240725,11.661375007724981
3108,10.17024819006096,7.914440674819205,7.953614935612461,8.069555567180705,11.36742220261802,10.128305470049927,10.531592798325061,11.457387452114546,8.959168220287154,8.412594605632297,9.372474569587464,11.222297794237452
3109,11.025406932723298,8.328788972079955,7.733414090662944,7.882691040374061,9.51462093268101,9.513548265272341,10.24546075096986,11.290170979276393,8.733811263528874,8.936942212861284,9.764417467333029,11.19443510837533
3110,9.071619224018548,6.627777135182364,7.933484942129096,8.858562307662751,11.954974271792516,9.865761095126944,9.792777476506775,11.53682761481306,9.084505117619646,8.389267542416423,8.944958437951657,11.098127023994742
3111,10.372497832837919,7.801792248747342,7.801439011410373,8.112215494339999,11.272715238559886,10.115080227061595,10.492340613972132,11.751981774842715,9.42075218988458,8.121410347938685,9.027852056063802,11.909544004010648
3112,10.66057319369839,8.134129096908046,7.943845743003672,7.99230031381692,10.117305629158714,9.678292152304788,10.832095094028224,11.69177432742248,9.120682883700818,8.344939382104272,9.494974745371394,11.809162175730386
3113,9.73784736878504,7.037474874224231,7.855676669506537,8.422321819505477,12.687236877582604,10.199340648091244,10.227871300026536,12.06937528609701,9.38058950629916,8.53712445378362,9.027718227641884,11.26070667592198
3114,9.770016440604499,7.232208267452805,7.892250042278339,8.406809076078567,10.639715327038193,10.185830857242548,9.594562421221836,12.185295121996749,9.248280388538772,8.349135908057496,8.821603622149192,11.262765153031435
3115,9.526609394923929,7.023995551055818,7.845028125791817,8.641588256588957,11.650139601174367,9.738077272344114,9.233172463644866,11.424629570771529,8.989593330594163,8.283212805045572,8.835362610773757,10.72547908904181
3116,10.943409196968847,8.155068069287728,7.917767015251375,8.050312142389078,10.487032822353534,10.012735348302467,11.555764939611588,12.359038451861966,9.801731370200372,8.031735940256665,9.012237566849937,11.678087724513784
3117,10.588215985657744,7.430572081319874,7.866400051020111,7.977637611746765,12.522755163742424,9.866265972708144,10.155295682296238,11.141132985596688,9.448642671386448,8.506814737613858,9.261248010321701,10.652879365723
3118,10.531643756987052,7.628492744615656,7.9980059803921675,8.054683284227249,10.826739229068508,10.079093037226812,10.704592534348835,11.718650786023836,9.29847111021168,8.296921819624743,8.95677320139611,11.684516632638015
3119,9.908388063293497,7.108624414485586,7.91213530315823,8.109206367376814,12.862510306401514,10.050496078112772,10.057416948012644,11.488647410944802,9.070658608784251,8.373898674020506,9.104164403387564,11.065579689374356
3120,9.184921169367795,6.649658022476024,8.179040453947222,8.61477877484354,11.441305457873451,9.33420953848961,9.150680374530705,10.516602755508142,8.698740259580688,8.646051614048096,8.986222123036022,9.694723958654684
3121,8.590912570311955,6.01281691561668,8.20507401549085,8.824555214385391,11.227860534915283,10.062929740330173,8.31632240867992,9.836544723576434,8.882739682137188,8.658558980418888,8.671667558656411,9.355654205071431
3122,11.029684283853916,8.110233860762175,8.022540428987098,7.966396370877393,11.9812614863277,10.228689017628774,10.868734216886635,12.048399185508632,9.511186841891512,8.40394637306484,9.408161873309002,12.537792194536223
3123,11.634977307008763,9.044699752939689,8.220894937178908,8.122252846234943,10.986023714937826,10.836535588940382,12.2939746765,12.987921499142391,9.990485596018637,8.119716923740977,9.48208106067303,13.672992694520401
3124,10.514312680589567,8.346748572646707,8.160046814688412,8.611106037916961,10.757979024520967,10.262603760715562,10.291282952789498,11.231377329651494,8.933774182976581,8.84039073308194,9.880510544952687,11.235593627760261
3125,10.99466465304652,8.47326327709887,8.008459015770459,7.918001115381623,11.266333335078148,10.566178183900234,11.381015376124143,12.40403567445139,9.692420923190829,8.495936486596161,9.31839019447732,12.473040671818085
3126,11.989394512517405,9.407092375085671,8.231773744171615,8.903075646922062,10.767110841988007,10.808432387410031,11.9514927012251,13.587509197809236,9.905543770087391,8.464024153065449,9.929669600521393,12.619058421413172
3127,11.685358655504482,9.094787974900715,8.069421758178152,8.43356890750507,10.688419584186484,10.4958138155426,12.09321857034993,12.877657012525757,9.813661172690253,8.477114894324917,9.893966132507538,13.12967371346269
3128,11.209280967496262,8.418615513179606,8.05293487071412,7.932745925664674,10.74045118176674,10.24173056116533,11.428033911651536,11.898940127499433,9.702330247761667,8.09015107344038,9.372549562847846,12.346637810113993
3129,10.683605866623523,8.38417407990123,8.071526680140066,8.111286621116164,11.210999965579866,10.368545489642703,11.372948502160423,12.461827349010438,9.678819570505807,8.33143052623679,9.110479987361137,12.63734403534015
3130,10.85084944136586,8.139280097049921,7.966830605855224,8.091302162864885,10.440612950397316,10.007163111232176,11.025959122606007,12.198082487907755,9.594526474308095,8.469378062794245,9.098630585403939,12.677220106742574
3131,10.810487121595745,8.065848142946091,7.971090986284413,8.112860968906077,10.420899073610425,10.299784773076176,11.03787800918549,12.367144593592514,9.609937694581095,7.897510661440785,9.127032866337872,12.562703858865138
3132,11.105429684145758,8.303931762054496,7.967175278993846,8.356278873284847,10.629532404032954,10.473060471319842,10.592767142859653,12.061380651079833,9.277725250252711,8.466883332685315,9.479969151116304,11.563055925990666
3133,9.224157207352285,6.791634173768969,7.735560187957059,8.687729514489716,11.32134784110644,9.714111843290988,8.727398692553134,11.128347907654714,8.825963925451248,8.484979873267797,8.891533125028452,10.765515938459341
3134,11.630849213718491,8.597509009628496,8.028461077821781,7.531122017358326,10.755214465819286,10.326193900923638,13.225488437459262,12.422628963440093,11.112222986504685,8.033637701927493,9.349007733230309,12.444126579131291
3135,11.597795474644967,8.610932328226367,8.224946793084722,8.430991876206278,11.214709918347006,11.010748010707683,11.082573041456175,12.403894866619023,9.563215345664789,8.429700862404767,9.638723272862375,12.063472571525697
3136,11.852952675856404,8.65751449164673,8.366990864850695,8.77825076921027,9.956041232977695,10.276047969371508,10.303558181689318,11.782526097234033,9.20648272228593,9.099399262780306,10.437798927462058,11.191129106051065
3137,10.54189977251316,7.881950212097582,8.021542930988643,8.41833641217702,11.165325867036604,9.941779315804741,10.24528925260502,11.666005392850371,9.387305506400203,8.270354249625173,9.334982872554171,12.089063072475648
3138,9.62087532999497,7.036206668545082,8.487974128752859,8.879397928661461,22.4937693605618,9.666564485486886,10.074099896298145,11.250266018142119,9.06189092957878,8.54527124617939,9.744766573905826,10.360599510730164
3139,8.952144635453811,7.028313140490035,8.125566692840493,9.6193513677883,11.619504851280162,10.339440566225704,8.895690487732063,11.731828518737561,8.998985515028338,8.87364032341543,8.922361309293262,10.268829924803553
3140,8.990577384408393,6.978831181197398,8.161024236081758,9.171621960484522,11.829510685099658,10.407370736061837,8.878735166975996,11.432796730333925,9.107122974112816,8.914381631712569,9.016029935560171,10.842802837921932
3141,11.115333482458468,8.554507939033627,8.134417773593297,8.406236224442866,10.799561191642294,10.254838374179538,11.147042417526727,11.705947423152463,9.349784571540951,8.570541619036254,9.871863325706798,11.814065592656316
3142,9.14449490985065,6.948216540943079,8.069800530910602,8.909701624367736,11.504593505784234,10.308927526704938,8.76067750625264,10.842604871603653,8.990741539739084,8.837929655683428,9.38693292986454,10.485276702254959
3143,11.096341755166105,8.454475270216356,7.99502188092387,8.027941686484732,10.931165008159418,10.422328750691042,11.54844361867997,12.249287530646823,9.663800217223002,8.574174371575797,9.778819538423871,13.031618019049725
3144,10.617179386783484,7.429622983749267,8.356116344008194,8.220677991424745,10.450497881652636,9.95059444680886,11.213957188564267,12.151582743205374,9.305178120195613,7.916522678226343,9.560856248698762,11.432701495383004
3145,9.587136631491488,7.3006536998040685,8.588743013120888,8.712110281452404,11.124836786455218,9.6704155666681,8.833767204266875,9.27504044306999,8.508314647937677,9.292849466780297,10.652853887005937,9.526494782596275
3146,10.877623872023662,8.315926579033244,8.742311278059642,8.84357161360301,10.7943776005717,11.225534286507683,11.220330818499006,12.417288060606491,8.777818767178431,8.382464148822335,10.016457534782571,11.351293480537567
3147,9.691464742570133,7.59097814517995,7.861276878546882,8.785294136524314,12.494858696047181,10.398204762479596,10.212348533892698,11.507126213608469,8.68734203643869,8.726028195061627,9.107861298950432,10.795608453589193
3148,12.275968431375052,9.26913258905939,8.487611720018156,7.810847230734124,11.090482719733348,10.690948683447626,12.261123714717733,12.96311367018503,10.124303894602647,8.09295048682121,9.56866071721911,13.696874924904321
3149,11.591334429840858,9.213047409094713,8.012607378938975,7.9899789732118585,10.389188344501312,10.388118133437096,12.279684075864678,12.741278125872398,9.903332819669423,8.236648759723819,9.760683760725287,13.555401573508911
3150,10.848387732000903,8.38778801472066,8.048413455832597,8.417671589419067,11.127114256984495,10.606159789555285,11.31943069625978,12.632382112607683,9.799479906352737,8.181294968566515,9.442601333185362,12.829200759546886
3151,8.92628404919635,6.544479529601602,8.071050101324083,9.21121879045514,12.456494110291946,10.130454019139531,9.017372834720053,10.833102712399302,8.781103564774071,8.790934274472797,9.197257524098315,10.125724557494456
3152,10.28019920000064,7.106635479263046,8.280029444078219,9.368739877652347,11.322599459259909,10.415825231508727,9.495445329669241,11.169576361625378,9.197130052931149,8.845169088130888,9.664997665968349,11.5502617105953
3153,13.049361052863173,10.139554214072565,8.692318037600744,7.354337500460197,10.816438030693103,10.489800499873573,13.35404738391353,13.346599571222026,10.895892400346478,8.241217386761083,10.22667792738947,15.029580178991425
3154,10.874621000692887,8.258327917692288,8.10811647509685,8.133303507705422,10.695348163378625,10.400944234432753,11.196928316817786,12.583861358335241,9.734127941462482,8.332080482948665,9.155009572045966,12.026086345486824
3155,9.690521764153186,7.522684453931836,7.956437993169767,8.652937553938859,11.987583252096798,10.449656297169573,9.431825541640409,12.044769296413506,9.167797112978478,8.650124171952017,9.136331663081187,11.507328891597435
3156,10.0969630572312,7.418734902556711,7.8899358981322845,8.268424366594516,10.739853400806933,10.450155249591495,10.395149943168695,12.00714609780843,9.260500951116995,8.516232809116623,9.03902670187065,11.342239123778542
3157,9.084603208808048,6.839711142123208,7.9314834485675725,8.51682905315073,12.120590703948473,10.303534440700286,9.250107307785342,11.785097603448438,9.029015063652867,8.696481327732482,8.927906322362519,11.132568236669332
3158,10.15205122543662,7.438263350194793,8.067869494328818,7.947023478249609,12.427417196663466,10.479280862959147,10.779034526478327,12.060104059275467,9.300969724972006,8.503031502380674,9.134237418173653,11.554795974780632
3159,10.469605896774485,7.757838712088988,7.891827479806746,8.415130768803973,10.62905516615196,9.671013964430397,10.023451962968547,11.000176450960113,8.676045452289257,8.717625304487084,9.932333049989984,10.792871368179519
3160,9.473842947785627,6.9196142058012615,7.9376145463497565,8.82034361966371,11.711281097174915,10.237850334404303,9.160188956642404,12.025177537801115,9.196680905383953,8.587523190085768,9.140745586321614,11.853149746918135
3161,11.256626314423833,8.874207620023896,8.198803081869439,8.480642560514148,10.57293526201545,10.445501967950491,11.782567607696723,12.71278942053236,9.798983459152701,8.520837427178881,9.917609454351702,12.701925315911181
3162,8.583301629878703,6.865230799642264,8.313011647915612,9.697840892836545,12.0084290908809,10.1175685031894,8.531133098648997,11.160039240768555,9.068390904522644,9.100314960517768,8.904097541368127,9.745639494651416
3163,10.519592272202026,7.9081258272023165,7.844417217610413,8.024124020884829,10.70139924901958,10.043915574075719,10.663425002469554,12.009726734023756,9.404064840845802,8.170823561702687,9.056616363406212,11.565195279054564
3164,10.685562460144824,8.245414293169274,7.990666639544768,7.874733299087101,10.943200572135094,10.040895576618,11.267656584850037,12.335879885546074,9.759692445008238,8.138514539368185,9.129469437040129,12.632299746059214
3165,11.038971323828257,7.6832090114312965,8.041858990713443,8.359265338754405,10.642385856179484,10.443498618543083,10.827623097663967,12.086708534670471,9.4198937212544,8.132290766293426,9.28945741139858,11.978374837980818
3166,10.197291728766572,7.543942694827342,7.851098807377121,8.286071051068504,12.33270673352934,10.016656956322443,10.1004952384807,11.59076909385552,9.129741060930193,8.274619508120615,9.21313272141133,10.876545420012974
3167,11.622473874623637,8.583612907525964,7.629366739041337,7.844449909420568,9.723906297694494,9.692476295474016,11.237507106176814,11.756605102988296,9.291968194796114,8.388542819481774,9.350102557742984,12.162769960393835
3168,10.432274358024763,7.7363865648803,7.910316394113876,8.351660412591674,11.026202351590396,9.945626911018627,10.061567199093616,11.621019226609182,9.335558190950913,7.960980816688839,9.091657752452134,11.877350585548934
3169,10.914102931360285,8.528825146407293,8.059446425029932,8.484141794951125,10.679293439754753,10.846858125456444,10.937008517379457,12.464171901657853,9.406852015942794,8.427782403377813,9.577766872492441,12.032608518559265
3170,8.920446433769502,6.2440145713073525,8.070024951715768,8.832354469072563,11.757274331980799,9.398975891488845,9.232392119647788,10.02856692317543,8.51020385889258,8.588777758250027,9.080520220425521,9.659210916131876
3171,11.204085367379555,8.319543872477194,8.310843890830519,8.306656426963063,11.358975827911848,10.414114591708366,11.22598327815469,12.444974702014445,9.43065509535283,8.37427226860782,9.555681214550532,11.593819383510311
3172,12.494078085705038,9.238471131207831,8.200372163651489,7.258971688056246,12.416688292929415,10.780769943884856,12.616299218537824,12.909414162711197,9.77606177464843,8.188087002512386,9.547046816670157,13.733003277200694
3173,10.675480961465421,7.4778947779017075,8.10325043625731,8.003935007415594,15.561837510387102,10.089221745147098,10.751298507808482,11.992919045525644,10.483114670976914,8.500755088149546,9.201054405198867,12.214274486561056
3174,11.246718553549833,9.00739895142097,8.403601969831332,9.179921453637506,10.82215586770553,10.741582827695005,11.49587671829695,12.924532971499811,10.166031905014016,9.365810289096906,10.200092090208798,12.529580320221623
3175,10.965181769620003,8.917785076175647,8.33552635130936,8.851156919033937,10.936298355587468,10.359356907537585,11.515598320486479,12.306335409544381,9.669564729991823,9.240354502690488,10.072163501671596,12.451372427958498
3176,12.499221437838266,9.666776337533651,8.413560889141852,7.835735143348966,10.83319567826889,10.421827900324734,13.030762956593424,13.221384585329085,10.465531485143302,7.996606676182828,9.635402058501557,14.452177584516289
3177,14.038367172519296,10.367551702651788,9.067556005959247,7.994050595066291,10.72046118106412,11.788063115189093,13.546800531318077,13.740990340343476,10.700750418910122,8.142634325462922,10.019708381519589,14.893684831620273
3178,9.60595437731822,7.7968700069041965,8.267789710261022,8.989688996796698,12.28069266488884,10.941067781893588,9.981733035370043,12.755909228435446,9.185599645359181,9.021574469909075,8.979979619608663,11.862357971553864
3179,8.951632896009247,7.402260939000405,8.496135745941697,9.801794188598627,12.032652756482616,10.356629776675696,9.311404056945795,12.04181522990086,9.007696096553676,9.331282345518424,9.137769222157392,10.176009828616131
3180,13.417409492915294,10.406854728061797,8.896877296418392,8.123779538651526,10.878813863131231,11.272756397629713,14.281511631532922,13.877115965651088,10.777380139418888,8.262572505923494,10.052536352161404,15.50569521656039
3181,12.392899984103655,9.801706929815884,8.708886688024375,8.119994590589851,10.74294089573428,10.61615595429824,13.138788872427735,13.597708041896352,10.53770086680745,8.260354567298744,10.119866938599673,14.680292544866116
3182,9.98433691492874,7.120143226691033,8.396431334873117,7.996773676848893,12.263230066719306,10.267213822168102,10.77612132535401,12.096401974272691,9.14604115930699,8.46069034162697,9.407384414463133,12.307917133509063
3183,12.605011269046555,9.61687963080377,8.52887249998932,8.13596268070198,11.037269393095702,10.787943488760625,12.969659277991223,13.593345372172951,10.436530098976302,8.109267358026987,9.648606355269173,14.74710026420663
3184,10.714638001371634,8.019612815657993,8.496515243202957,8.769283717225568,10.964897032764803,10.277658161421838,10.126397807775952,11.337330984126293,9.255756249466103,9.31970044745385,10.385992527772327,11.684358642133175
3185,10.85686069156636,8.487893356377477,8.180581829996086,8.410174480261466,11.209686408829832,10.539616864424136,10.710648613798796,11.938692269400008,9.442791946304498,8.33651932254811,9.56760653002554,12.003447294203916
3186,11.698599067396751,8.728088519589043,7.985706391358194,7.718223207741048,10.273758048282376,10.36120581638038,12.283476488824084,12.514365430825112,10.404238247863269,8.224375590415637,9.464160419037437,12.558910109781582
3187,8.063709954044244,6.2170786351620695,8.177823219932922,8.977400740867594,12.359630570737806,9.877012420299717,8.355263279868069,10.757275102457207,8.758065970602276,8.795480129939461,8.738557655527055,9.795033147636607
3188,12.80986030533254,9.907357434747814,8.3864771108222,8.151556486787525,10.762831663691179,10.818318393118627,12.743643179256475,14.122365511211099,10.37080658234196,8.433924131944252,10.38790079122819,14.45447568200572
3189,9.187239776508797,7.054901970984651,8.037404876517826,9.400045080979014,11.938661604553864,10.540521345924457,9.69373090301047,11.479388749643107,8.911497121815035,9.010763858022328,9.17517010822584,10.86368883169922
3190,11.06673975989033,8.70528059465331,8.407744370828471,8.77624078607397,11.576675807725096,10.92766107328689,11.014288760224922,12.925632355140394,9.797481669500476,8.874698906602973,9.37374923700816,12.827587857625819
3191,11.642881507495051,8.255719579288359,8.213838098738513,8.509264071716993,11.323943015103154,10.644654858639484,11.007458480797858,11.757824795827354,9.512780946279356,8.261139776096794,9.511960761447995,11.871430733764203
3192,12.226225261977035,9.650177802539481,8.38152150647321,8.013923414654098,10.569174578936671,10.581356817925528,13.013574804870846,13.530157060207552,10.232636234116606,8.281857117098122,9.829766423044129,14.282654395456905
3193,12.29371292769489,9.241286138940792,8.83390488239363,8.409700781482577,10.761059941327598,11.15343239690772,12.659384316270604,13.333199836671884,10.252158927937707,8.399839807986798,10.40666852030207,13.260878945192738
3194,12.485702452757561,9.75166624798046,8.425411028227488,7.977198796072039,10.533396488290403,10.245875470721831,13.146998262794831,12.83350094723023,10.546420005586743,8.697158535963087,10.323728425355885,13.841180886229374
3195,10.824924705724971,8.175931868207634,8.344353097760038,8.716092086392909,10.74669500456058,10.339040624024168,10.713199823716765,11.211687547084466,9.175561299617364,8.332145432543882,10.04969812033654,11.16273296839547
3196,12.258801810147162,9.480875669899717,8.437768671629152,7.867640671438062,10.490643732879995,10.415203744523682,13.898152060892457,12.868753405475813,11.295098373252891,8.417258403077595,9.98567140389687,13.725517818819124
3197,13.593426321981994,10.012343217038191,8.376110870879536,6.886075330523388,10.632974578762779,10.484895245444772,13.995515502491521,13.37613504969551,10.776405051005945,7.555903030676252,9.678439281944467,15.439889614118805
3198,12.823856197661938,9.45507629052759,8.335696979599776,7.351342765598369,10.473661234991898,10.566670232764604,13.481777758240602,13.623027385752838,10.506584078079683,7.766103247586374,9.59347151791896,14.66235880103758
3199,13.939725402948035,9.964824015325082,8.27693140802036,6.758199980741678,10.373918836155891,10.533827945398784,14.21719666499822,13.731925849374619,10.544574392129793,7.678118902532263,9.680594180381712,15.710754826357846
3200,13.383560752984828,9.817383398008477,8.167626483190285,7.2134970249117,9.84574478255276,10.311666107660503,13.535911931634077,13.481380110127617,10.177075629360441,7.973593230064726,9.54111505329,14.494939769209296
3201,12.913523395536467,9.687462829814637,8.089950558319062,7.513029595820295,9.740166027972666,10.679946741019432,13.046006969753448,14.120361488891039,10.193286367338281,8.443281618027225,9.382909208278415,13.96985785606061
3202,13.04489219272284,9.795985221378437,8.376854646925416,8.265690115691083,9.963029820289282,11.010568373925038,12.52728785895627,13.735570513831345,10.124123684184443,8.427656362581336,9.606478581826813,13.068912237953764
3203,11.476100953865627,8.822003445703444,8.080788863722779,8.062538078024065,9.881898666726885,9.769415250890262,10.713965976448403,11.235630835707115,8.862800232110803,9.135502368709297,10.34708090186309,11.50710622844653
3204,11.424309775168307,8.424437130994576,8.629775946969502,8.051790597856774,10.18540029574182,9.486296190389192,10.578514852341344,10.448409075898775,8.714583557862277,8.956541138236101,10.69163803552332,10.604846742937958
3205,11.75112020434254,8.792993771197807,8.25042323249146,9.426437334970297,9.752338457045429,12.083418356804707,11.379125095270282,13.972659628726941,9.271495261250873,8.428969221665508,9.2933059913277,10.712656477056743
3206,11.750638114896109,8.283491067552516,7.94124952941749,7.599559936357964,9.749943439208375,10.009286326105673,11.628785795547513,12.613978165904468,9.418527101300857,8.05524294149227,8.912589840154196,11.653477216458352
3207,9.134273539189316,6.511440690617096,8.387714510273101,8.684060669285882,11.252106457928402,10.041206418670305,9.094732433722506,10.412802927609544,8.93897515581046,8.622865782594664,9.381350147175036,9.425617774364484
3208,12.246818117050188,9.35166446128775,8.421121835912503,7.975089476503104,10.723455417420972,10.272505366383857,12.676495608733163,12.828555049567903,10.097414727611998,8.35994085176834,9.863386853705686,13.829768567048097
3209,11.440334708539112,8.476852093564366,8.299232452784349,8.698133917172225,11.626468754636289,10.27998621994858,11.274827420633798,12.670936361893487,9.789638415070856,8.485361958728738,9.571391216332366,11.891126657005412
3210,11.731526378141888,8.987866458149693,8.127342161679703,8.285936098070737,10.599947606473036,10.97144597135157,11.921323449505252,12.451551443653551,9.714689879747043,8.463743153480975,9.660903710756717,12.862288691726596
3211,10.705235865788884,7.739062356010398,8.419423407938394,8.39839440323388,11.190260298354689,10.398304170387549,11.060400210656965,11.641447438362471,9.302041644586687,8.089772837580991,9.778882546996831,11.456480232001688
3212,10.193037495922933,7.979033863110146,8.48755500162454,8.553743622166783,11.757168824480722,10.55155452378434,11.686917639702164,12.315280546827449,9.557715080478548,8.658694262555324,9.788811263826688,12.23837672188322
3213,12.579351777139973,9.314188742356661,8.126459105513867,7.228409302861054,10.20390980838447,9.866286169378778,13.378900682831391,12.703157321077416,10.947969795597011,7.96338894609002,9.599680970382169,13.713448677588943
3214,10.325783798025807,7.458096046883085,8.050123293731412,8.34252113773401,10.917929402432272,10.145337996014185,10.534219347414837,11.550448415945128,9.19973778910817,8.260024075165397,9.33441921496551,11.778847868526197
3215,10.222153104582542,6.493686736218084,8.272927026248249,8.17008998577915,11.125802981976847,9.900039524377572,10.618663344891516,11.406128479121715,9.132542563705933,7.7951561383751615,9.480277770643037,10.521055784033955
3216,12.036490810600345,8.47570225212364,7.82651942494928,7.404816047440588,9.9856181457895,10.153738238773961,11.491749726179325,12.633926350764412,9.425580895099063,8.2224085040515,9.167241908964117,12.0123458219085
3217,11.009260221922304,7.644828301676151,7.978444708197741,7.849614558648878,12.930517634733814,10.125144455060187,11.114163127306439,12.559462883538888,9.509805639366206,8.262824607955828,8.925017098116193,12.045269903471283
3218,11.212600159375699,7.445866988688098,8.061435387240707,7.487423452902032,10.606262180614456,9.520122857318812,11.44641779448172,11.72782771375485,9.48827675537811,7.581631203807918,9.350721880189594,12.163150638612954
3219,10.914892204688993,9.141270416163962,9.007690635379229,9.982564775802825,11.841792266362997,11.367895135566256,11.475757667401123,12.744466147224172,9.842468769135593,9.007454086897138,10.123506832578006,11.989653631639506
3220,10.65194891608743,8.509960679036526,8.670487792235892,9.062906834688043,10.734589578635964,10.463986810118083,10.464803678519587,11.971989989269264,9.407909063948779,8.863032238930494,9.856842282731312,10.754844072056542
3221,12.76480915592017,9.625026155454798,8.339271424755301,7.366867852341135,10.583453453935363,10.469451325419826,13.132576524751869,13.163631867167512,10.269802212626665,8.064001979813902,9.602892302704062,14.266062441996194
3222,12.33714814246985,9.426704918241418,8.824646370318018,8.319567374830859,10.863158218240901,11.18763102663549,12.577795463950228,13.293516083158003,10.240222057976695,8.215842575672719,10.00403347524005,13.470246992963304
3223,11.143852101207042,7.620541007665231,8.01427227122122,7.856694157494413,15.982247442907408,10.16881556102465,10.867487211977114,12.13409776935476,9.956212121466487,8.334228028403965,9.222305406835673,12.09465711311013
3224,12.325021374563509,9.699702636503257,8.419259661732092,7.509633414723641,10.640792773969386,10.14386545806511,13.20108599489977,12.928164272223857,10.346760451417438,7.910246962309227,9.635326771231767,15.161533168491617
3225,12.517832088658107,9.179278021883754,8.255517972847077,7.454825697595215,10.790683219387315,10.40769225035941,12.617216105994592,12.742281664117602,10.350716432274114,7.869919261396352,9.592309091947694,14.444897454169723
3226,11.836288386321776,9.274111165527332,8.398400570829082,7.835078788272988,10.767684671641865,10.228152473662572,12.068945631012614,12.406883216280738,10.22178980185863,7.986722378585421,9.846895669968385,13.945957637763444
3227,14.603596625477609,10.852371550153535,8.703939982716237,7.302297302115865,10.92621148307681,10.937409814844031,15.173696964081632,14.575242903703906,12.096375513966432,8.0318281683044,9.856045220775536,16.6834672180812
3228,10.16737054747382,6.6463521543998425,8.610103304228925,8.332092321184593,10.464943507192594,9.009460988481784,10.305981406416358,10.783086157202671,9.625407527018714,8.583421992848905,10.057566172097818,9.981423473118017
3229,12.166746959172983,9.022347200653556,8.098082256510176,7.427924683489359,9.602950506841738,9.939936097682164,12.947553838043987,12.79521940301495,9.973603726348287,8.078929634995927,9.455110479455467,13.179678371095441
3230,10.26457792185073,7.453494978362739,8.004443378993454,8.33894776355855,12.395364652343702,9.951496432090796,11.082933658761121,11.728195287613593,9.21487586904473,8.153744687235301,9.294702729640674,11.595368316459375
3231,9.883273844987073,7.554155233994056,8.183528089078354,8.840154577622782,11.456229041957899,10.409451527425785,10.324461359893593,11.58644836850009,9.254404194353878,8.572016315100988,9.430461193213848,11.755020137228776
3232,11.344921619924346,8.430021631568561,8.004452633897866,7.380965284680235,10.355527633633185,10.186325341252918,11.79776116044542,12.374263102585022,9.641818015091054,7.906973571610326,9.149078640272377,13.51932443268019
3233,12.309573715017628,8.872002285926802,7.997350542596518,7.679145358104497,10.113663038770541,10.692852016631083,11.688697647634854,13.00362868046853,9.643049324100621,7.958741899671242,9.52077590724541,12.927781636283541
3234,12.749053067671738,9.758590598311645,8.392874170728742,7.399159552134625,10.848971932243717,10.573895561877155,13.27945607198749,13.214369914534075,10.674820823939157,7.919036954560777,9.653075462012957,14.876049330246424
3235,10.135078194652383,7.15232791936584,7.93151609629827,8.550686303977196,11.399119782332981,9.78200557178505,10.042771512202552,11.23198412674985,9.18950630195046,8.264392908601906,9.150565433199482,11.025006256119816
3236,12.639745099823944,10.244800876475416,8.63959180440632,7.881999702300247,10.640703489535522,10.813023684835587,13.631257681527277,13.811764774017842,10.376786130066264,8.07745162741389,10.223405069620885,14.835211150840276
3237,12.84908146087037,10.006143116153956,9.3998136948159,8.391578880214988,11.073861057549426,10.811345221442728,13.736565896165377,13.212577158045713,10.247379499751926,9.015477914802347,10.395522763639164,13.750904618064723
3238,12.403879071445449,9.346273477178574,9.045019578413342,8.193680852928289,11.276880228370352,11.193507679286489,12.759116368429424,13.75294176991213,10.22780127234774,8.261270354302772,9.821784037118812,14.258355587423715
3239,12.29393689929121,8.988772214025804,8.45324341050268,7.975638620320475,10.954788068557352,10.507231619484816,12.18072347160113,12.566383994824553,10.157399810161344,8.075692813092699,9.702824978058183,13.910402816195223
3240,12.73952516610412,9.878920339595695,8.709986239352604,8.881860985058438,10.333574900319508,11.679861731788364,13.260050872780878,14.09405593817597,10.452555230494909,8.373301961214818,10.087140046329104,12.8940826407283
3241,12.840487038968526,10.27629653733931,8.584193011006704,8.286564166970805,10.492616627547804,10.977125384322648,13.595601252561186,13.980817858712033,10.644138610826067,8.101881415953134,9.841878760048024,14.230241836489176
3242,13.649499688961498,10.424499214357287,8.74441233628836,7.97164318444401,10.64638854879064,11.323399501895366,14.571323617889462,14.308339681498822,10.986829497000466,8.006047106668387,9.659754222269616,16.311931007794342
3243,10.523604655830738,7.89281658951371,8.064477662836659,8.306182977097397,12.310154889601456,9.82775314310337,10.384417551411275,11.361586903256333,9.511261738904063,8.479152242316644,9.678031162514573,11.321647945625763
3244,13.06044591306222,10.032948229376737,8.24761870338866,7.54509982066367,10.138641043472397,10.66186119174645,13.587943291939403,13.270288069721829,10.221783131752472,7.931726817905731,9.742500191813095,14.580692370844965
3245,11.597663020622191,8.894674906950364,8.576761698877064,8.256958835399608,10.95600520814883,10.458302109881012,11.936213792101425,12.40248545256456,9.90496502792088,8.068717236340083,9.755560454831288,13.475821757362095
3246,12.051553949476784,9.117352725521947,8.179384139663352,7.647666662689118,10.55924488484725,10.104621443779129,12.373393415472933,12.651730054156314,9.967695421582661,7.8838967354653615,9.165833633521295,13.800612875243665
3247,11.13112553593078,8.31376319205955,8.248347304297507,8.121421714675916,10.73374289282544,10.164848855817592,11.534406937655408,11.881603633753546,9.422727445840025,7.6035696349772275,9.352871596982604,12.397615464133768
3248,11.227747115256774,8.286538051902756,7.971451144605373,7.662881178343742,10.290636045177381,10.039798817319605,12.00317642495629,12.244811177713357,10.256735587443494,7.827489813758058,9.170717442436091,13.20238842657682
3249,10.142868849244081,7.793448284228623,7.906918214701472,8.07999822891734,10.337403674015853,9.859738972911192,9.902343074436988,11.263725026462527,9.251252897107825,8.087365606915625,9.029124449577102,11.457700785780968
3250,11.441502451769146,8.373533092354293,7.864109878153626,7.698023267820035,10.646043672785149,9.819644602109529,11.576674274277837,12.139485964078775,10.790655479268395,8.201286132176328,9.290865459157144,12.461304554194513
3251,11.509779475372955,8.628028144556723,7.988435910011905,7.329941092433563,10.736719940936252,10.589907162638955,11.89349583343829,12.458173244365627,9.708750653997942,7.743817103979791,9.101911656079091,12.936180585896558
3252,11.16400006991043,7.401547808812574,8.195542225087793,7.971204395802877,10.588789555555728,9.851801772193689,11.480272786000608,12.26916015939891,9.459045466185241,7.960328924159931,9.535938511797747,11.561678341228244
3253,13.784299634565048,9.433492280981492,7.978148779805619,6.183660691350345,9.94504750260755,9.87857180223309,14.095031159751198,12.866793484997899,10.394831535652349,7.285822579524192,9.380884182239384,15.008212607108
3254,13.526868828375775,9.566063057092752,8.067251268677385,6.519977370279632,10.017398644799215,9.816311796412371,13.673210278231375,12.906664054285969,10.367218161922626,7.475226155351492,9.268607893018995,15.145680599500668
3255,11.363291909523717,8.226304037090479,7.833617269547761,7.6350164651107395,10.386904318745449,9.851541885402302,11.057928326455055,11.934081895527974,9.450938209129482,8.249254316373769,9.15218769480228,12.49461035258579
3256,13.103100358123521,9.368484661403567,11.688895285171872,7.542142509870265,11.353465072334481,10.063286677791304,12.145453591249854,12.596604664328133,10.277263659141614,7.855668980052258,9.603789169488694,14.362336780277158
3257,12.779919611317169,9.130676927193997,8.158613257031774,6.940134416938633,10.244134345682983,9.952012810528036,13.211518304854259,12.413254654295951,10.249228922520839,7.3062065972611885,9.00078676212121,14.05013751573376
3258,12.529779964299165,8.894512794147015,8.113223787317084,7.1823162779281144,10.390192249045061,9.857284900897108,12.610008870607619,12.434617484676856,10.028849674540883,7.592600706150591,9.33685587879518,13.256760874040271
3259,11.926567133612046,8.500288804059554,7.520360076146359,8.179028849999654,9.404619983909818,9.798734826810538,10.089615853601236,11.86125676210655,8.709537601761397,8.893044829870572,9.545571378123036,10.673131355721786
3260,9.77369082672772,7.054386728211922,8.013195533820143,8.567481806041037,10.988637845224694,9.680255433858825,10.330361528177853,11.287802203704377,10.733978363083896,8.877011622223428,9.787505563067674,10.64668627576782
3261,10.215400432138487,7.278550478444401,8.10235044488207,8.072337932358547,10.461927623800612,9.47630809528564,9.686047167912385,10.239879272761307,8.791329910057314,7.93436754936751,9.229075879386738,10.560263444720515
3262,11.430934018965113,8.421974539390382,8.049055528747147,7.46470651361024,9.972017853215078,9.672846525677969,11.417937497384942,12.403125239658616,11.535398193096269,8.085654562924908,9.204635762057656,12.179320343945149
3263,11.040406820580445,8.024742593185708,7.701076495142241,7.889036074652303,9.830608296664515,9.378730446186351,10.635397589656645,11.429190088042011,9.15705925192326,8.40641874266475,9.47465092424857,11.18281421966839
3264,11.50462053726907,8.238942194125626,8.186582741017894,7.6189169485188994,10.11883208032298,9.818713129611844,11.411634744279024,12.048955659745554,9.580872777298357,8.178619461717735,9.281810446704945,12.456771545272254
3265,12.829113560378024,9.031381058403795,8.601668922860004,8.143259795431625,10.676983141085085,10.22377988621363,12.13673913612934,13.032027415606631,10.036497064913938,8.64877981669752,10.268378373315922,13.719045081243868
3266,11.253778191992446,8.258843119484496,8.573929217425562,9.294660905819084,11.67695882336691,11.449071231764243,10.630398902000666,12.853307138974847,9.481764811065393,8.59850283020426,9.89382470427509,10.85563460147505
3267,12.319117030941,9.59878568358971,8.418589304059555,9.106426649177026,10.30001584249736,11.473073487437965,11.851892274843824,13.342012694712933,10.330189275296513,8.948059654824572,10.030471987986349,11.397549913145484
3268,12.673525313995773,9.654012940780797,8.505409311120717,7.787132644509899,10.78863046956387,10.732251368926304,13.229183289626338,13.488349645359023,10.444344152973922,8.125972858176235,9.643665783695994,13.98925098065655
3269,12.569907264361063,10.055762820291722,8.858665671449273,9.012240505409856,10.85708955596975,11.637455013865928,13.586647204099341,13.658745097484635,10.373079401569694,8.69028005316904,10.362308389358233,13.917597929234248
3270,12.716411446390241,10.222784038335336,10.009596752981123,9.478167900593688,11.910165276755084,12.188387153256517,13.749943636398502,13.969829059049928,10.29140573416026,8.51666765629449,10.931706231191278,13.867354029229478
3271,11.284395048949065,9.023372763665922,8.388142966306512,8.974491114291382,10.61071156264895,11.050460430773395,11.408959811742225,12.49388862884649,9.690322412322761,9.038781959588096,10.220302487968322,11.85508780435648
3272,13.658281009935642,10.4351497490164,8.599412326359516,7.063970923219886,10.638180233530484,10.897009776061047,13.774024773139569,13.980792934034696,10.497347682258969,7.9258268771331135,9.685951776970608,15.715254964036951
3273,11.133025345573865,8.790760030192542,8.510816718169899,9.251853049090533,11.192541873852965,11.407785722122362,10.739992343256404,12.636990679618577,9.717793924279132,8.615745258767122,9.480882848220684,11.682317507597777
3274,13.217943934706694,9.842819065226108,8.201796145125085,7.060241763955334,10.100104953928472,10.3127774470823,13.686307156328613,13.253563152283139,10.197536913463829,7.875886878171569,9.529576449549431,14.327594442094696
3275,12.245295670826348,9.791797074676719,6.401546075809927,8.486415950768652,10.696683249562582,11.082366881740205,12.202456354986456,13.642735184855244,10.089463774827347,8.413442032665968,9.719337436634603,13.241441712658656
3276,11.875672257820682,9.349647482014582,8.464632057951375,8.059583917545257,10.862986969122481,10.457135794502566,13.333644785469161,12.754171707369249,12.58188854461946,8.115253627722584,9.80963147782977,13.605734850115317
3277,12.195400133133194,9.468819007441617,8.329312149142934,7.946254621663143,10.417617717688719,11.09653667254414,12.217118822558405,12.519999861674492,9.560372175160943,8.148017506299862,9.827185915530762,13.500225216456599
3278,11.66219503309286,8.707094809793654,8.506666832510986,8.47627880038409,10.938653409664829,10.178810995753617,11.57699903137648,12.515551757602463,9.778707810828475,8.432144246397385,10.035139203003688,12.938476253837223
3279,12.767720724902349,9.601556294718646,8.20357261369581,7.607699355016198,10.186800525957429,10.683992555313992,12.820133113621022,12.772728971502756,10.018917631952416,8.036342212293118,9.703675831118721,13.696533109914649
3280,12.302604642595611,9.93107662257055,9.145004366549887,9.732395921976403,10.65775195047036,12.385205571105576,12.575663389841868,14.409111185539434,10.28111062153732,8.70678495202155,10.14906296355042,12.219913984833914
3281,11.540634223817072,8.666006823619778,8.275821366433789,8.305118688890115,10.297926024333158,9.717427110270783,10.668291500673178,11.32627238479465,9.187675620933348,8.626054024345464,9.736056233542428,11.83374503817125
3282,13.134769504627469,9.677374755184106,8.132915012153177,6.840156159495551,10.07726968382252,9.976947554744891,13.84273829676693,12.958304590862081,10.198521265119043,7.6820059733309165,9.475608483890383,14.548404743281516
3283,12.226909498887903,9.324428710622715,8.15221900607611,7.311052748776138,10.663256704436769,10.19055002836285,13.002702343780662,12.955551220845436,10.153758808441287,7.817385464512922,9.334699715947878,13.550320138404713
3284,12.856572657159834,9.769761513666623,8.862896786594465,8.16970973974365,10.783273375001368,11.412377796917847,13.318232881924718,13.842532444332976,10.299933454667404,8.187122158694898,9.980729391061733,13.748028401124067
3285,12.673381728780464,9.0666425510071,7.938304681510646,7.00063912689632,9.698266551027725,9.65644856213132,13.00166206313433,12.498418449277807,9.96798534194906,8.04704512145589,9.546984529313733,13.789809094377015
3286,13.367464634255459,9.960503982530774,8.41870377478136,6.837947678640403,10.69545881893355,10.511065902574463,14.321822749006836,13.44705842836128,10.812503966912205,7.755385808542208,9.642083797967175,15.663478639819669
3287,11.002231805319536,8.199540862840434,8.11959815613016,7.845590828976649,10.399549069811703,9.774736323908236,11.512813372370083,11.75340320132468,9.648196081807203,8.013492105926925,9.293669681629591,12.111195367392419
3288,12.303001098526217,10.318270883953268,10.07723747201436,10.777890730402877,12.17285512219236,12.51671085157858,12.861705172290764,12.959905224385382,9.893769562505945,7.930645316413001,11.375384414429005,11.411036552099514
3289,13.786686919718882,10.146420753738646,8.154327383237813,6.742116515199171,10.036277368237206,10.086093988372948,14.195593316514262,13.520657235967576,10.334948450924461,7.582548987234672,9.530080693528797,15.456492443277988
3290,13.08330829385905,9.88073228680873,8.397247649579867,7.570744695478492,10.120407592136836,11.074547202968743,13.704429837632702,13.283685335657744,10.213252350116843,7.893078883699311,9.570178157650396,14.801953041265701
3291,11.004722371826457,7.517695218811498,8.508225586788562,8.490865893897041,10.25814812993542,10.288854443705965,10.89688031965468,10.885338733827382,8.74782226126026,8.188993266491968,10.041512550474813,10.984531769482981
3292,12.46280678134693,9.484812236635726,8.113520612866587,7.296780038248068,10.172464804701438,10.18213127551137,13.295840854455786,13.066120706468663,10.184733152085814,7.794305281784384,9.299041397958707,13.657954630199384
3293,12.08592255678964,9.357270574371938,8.429059947526666,8.884512747317679,10.002612919645173,11.341667756211574,11.687414334860566,12.909603476606655,9.506531733215438,8.764498984468295,10.20547267330982,12.6357001639928
3294,12.618351680426619,9.6885361925954,8.221605083354337,8.46578065982953,9.936998870534335,10.885037258119251,13.120482868091102,13.765510689412006,10.07462508095983,8.14441065392058,9.542733967751262,12.413751290428037
3295,13.178532621252806,9.507945336148172,8.01086132774217,6.646355091136812,9.65039116143528,10.079872093304575,13.443501291622301,12.886092455606418,10.180202296328343,7.894842944329627,9.403540791842685,14.306576435997922
3296,13.11958813863793,9.491586894110208,8.165472945463321,6.923054196114138,10.351169160222977,9.973200190257154,13.205077281261715,12.824028298188011,10.18061725743577,7.536607255846391,9.313123481190981,14.618704250969774
3297,11.315707341100868,9.272604283082348,9.265115510075276,9.955480589430032,11.3697107548229,11.443701199993765,11.32955058578887,12.410098271883623,9.71348333280999,9.689251877050848,11.454753926409127,12.240816842890286
3298,11.3957361771452,9.538850394237633,9.15761567180697,9.509355893264065,11.01865587145612,11.413886758288584,11.253029638439838,12.643780187782136,9.918296220218377,10.064706060833235,11.720879557864428,12.086938088340377
3299,12.481866828685156,10.596034693909544,10.914628355100959,10.813244100571115,12.281174533754047,12.919524324975132,12.594181218071537,13.602134760903015,10.658735160918905,9.096343432295473,11.774170628032666,12.583845474583763
3300,11.253008119208413,8.990180965567214,8.537597972092659,8.867171193874707,11.309297191072845,10.75128512943278,11.003416643080786,12.209172193088378,9.594675660626056,8.936307184639892,10.193816710583112,12.48435375687743
3301,10.784418749473833,8.180055649282693,8.914738151200876,9.139154701374121,10.635369594068004,10.247551123656791,10.063271673938834,11.073756815858898,9.104278211142038,9.580262480167233,10.610519164436873,11.578579399836613
3302,10.797582642983492,8.494988757852457,8.781888126901494,9.385782179147109,11.318342467690341,10.943337101988064,10.864430535134737,11.63661435510296,9.650595639963555,9.130166918810463,10.472721672153934,11.603709789190326
3303,11.470632546866955,9.455160167003203,9.496679122460645,10.316390722968201,11.577504190856953,11.876257992967108,11.795768898405138,13.021071880881756,9.97518898385052,10.087574044302047,11.69972567544116,12.057190121540138
3304,12.166269516850399,9.411006232921283,9.079576875869027,8.386845255866913,10.76905368362177,10.840239126173564,12.749145450456082,13.256671510467324,10.176344363734106,8.76374075869873,10.68107053175309,13.576860951186791
3305,11.514565013084269,9.56444962393073,10.06649478981145,9.931815127931463,11.86038369754801,11.681321870248459,11.62992811587425,13.035804474564934,9.609186808985298,11.546717479077605,12.720670271521406,12.62133267800884
3306,12.177796660977073,9.33790450566576,8.659889310601535,9.316752743633252,10.768585535757946,10.52493277380469,11.731938719454778,12.307227161187964,9.883967226902135,9.389527409332382,10.793625671964074,12.44469979145904
3307,12.059640146940499,10.688739662987256,12.203841543713146,11.380289181041519,13.568055531286465,13.665269161079047,14.55406057773714,15.279286937104679,11.128870543684272,11.365314478667859,12.505214943672703,12.826547409545725
3308,10.568048341302449,7.87942629096922,9.082470963568971,10.341193918185347,11.492405807991023,11.035459988209178,10.19627938581082,12.01896633392178,9.099302015857413,9.98586041240818,10.323569221119186,11.064517299267548
3309,12.002213041110817,9.104570204442151,8.64454011643101,8.775195702170187,10.80858534838387,10.344022770735485,11.562230296269465,11.803215017340989,9.527158209439195,9.168692279956625,10.682120843208267,13.208011289425595
3310,12.442235031877434,9.525521945059392,9.945809387576361,9.057433089782208,11.216211725013505,11.320092031407565,12.41189344611724,12.750500860879937,10.435482007453999,9.507427743008058,12.016379045708064,13.100689808679775
3311,10.840245538910231,8.361527744699352,8.833197460137264,10.01661454311823,11.542624647526706,11.108281670694206,11.25165874660593,12.71048834607138,9.693640016046718,10.315630614187999,11.337861157954041,11.659427900976416
3312,10.405567781188209,7.501732158949859,8.830315011978435,9.24330932371673,11.160911638230157,10.200551289807459,9.705931818871228,10.619470971459176,8.779763601413613,8.849550672857887,10.818410442906512,10.587155409696827
3313,10.32860404494611,8.078418522453719,8.911540486997806,9.616175047576398,11.459611197747115,10.45411694764021,10.349453145658078,11.962986482555149,9.427351750863568,10.37146866249675,10.881212829342573,11.319763472750491
3314,13.99304031737778,11.031237000254796,9.539350178694647,7.566845598228605,10.940809975406399,11.106680076033111,14.45545741842664,13.905088321361712,10.923471187182423,8.397950145804659,10.50495142184906,15.279838335973064
3315,11.500604934949788,10.144531835400421,10.270234099751196,10.690715718432315,11.983342237732597,12.204546250343125,13.55652234953039,13.427704853157305,9.728363823832751,10.044365594523274,11.940130733723471,12.113260656385634
3316,12.747318290426563,10.318883256032237,9.640195023415188,9.280013932765026,11.328638484226268,11.504514844080102,13.42607475327828,12.778953329680208,10.208633763658128,9.523322567742428,11.414690841813204,13.44610985471768
3317,12.36426161962428,10.508580461901724,9.66943792272232,9.812038056552721,11.576970033408386,11.608980631507906,14.054402861407848,13.090815025656635,10.291154765349386,9.863617555903062,11.461812951056398,13.27070203446618
3318,10.672342558982841,8.17294259868047,8.759167812670048,9.606577238482224,11.452499847317123,10.717420533463935,10.629524835227635,11.962075755164761,9.163289848056586,9.409462339683728,9.958173638670242,11.73177195208185
3319,13.86433293774192,10.333154331866766,8.906383973276984,7.255054254943259,11.012425361199119,10.922112451473101,14.239244309409296,14.233121525634822,10.458489242143855,8.301351978231617,10.24836783629786,15.813211728995089
3320,12.389471675918854,9.528165931377035,8.979957911847317,8.682094512407756,11.50491971752405,11.700327088999877,13.04696233591362,13.973009675048576,10.121764949831125,9.108908896057077,10.586492406270104,14.211280795715037
3321,12.076157227013537,10.224063131246417,9.608149071680321,9.494168462171352,11.735634622902953,12.149812850228866,13.091188635629312,13.34719989499106,10.234064690948383,9.402839744860305,11.323579355795381,12.870138942145791
3322,12.465952067130772,10.429637912761056,9.075501572793424,8.916654747948185,11.365439499352576,11.892690668634037,14.148125613862529,14.455633552732873,10.42233504312707,8.708881571634965,9.969410960845487,14.233102042570145
3323,11.84413067696332,9.309231036320126,9.690255219996612,9.854740172309455,11.444914913621385,11.639986718935797,12.034741533785379,12.885103589060469,9.516587313616334,10.169214684431068,11.930969809481486,12.446683844196706
3324,12.27140480161097,9.866826173008228,9.009283353614165,8.854971086781745,11.424211892356059,11.634567768395083,13.720074315246453,13.675734974250055,10.25078588486507,8.929328263895098,10.448933865770318,13.227326405215479
3325,13.484825367306332,10.797250532540147,10.578537953496888,8.867633704827925,11.655110012066768,12.266226561374767,15.547636098106592,14.255692096878853,11.322973520649022,9.782138273175342,12.298496358566643,14.629450025312932
3326,12.720181034354493,10.336729148824984,9.30864411197086,8.814089488065468,11.59846336311114,11.978689942718937,14.754148098766462,14.602765268688056,10.619955048775488,8.994351142644899,11.112821492670744,14.900428177953389
3327,12.62519181632431,10.553658837751746,9.399119967528536,9.147663463395949,11.036084817386476,11.68597471625538,14.050826586675488,13.687825109296604,10.306556753715977,9.673062732821407,11.14044866827281,13.614797688449764
3328,12.991535767713273,10.964029698792691,10.901802763544412,9.924690015165956,12.541583539470533,13.28087870611889,13.939811332182348,14.54467206357231,11.28230404324831,9.746146488540985,12.188121663989598,14.6368636117779
3329,10.695674788261947,8.035334526754863,8.630486454756035,9.945216639039554,10.887948274383906,10.240292538164152,10.130821907768958,11.399457288738047,9.18003385695857,9.739479643911945,10.72977955704821,10.808546656459967
3330,12.080312085840555,10.107001150140418,11.475311274824193,10.887361937688944,13.116581989775792,12.874705661417064,13.93914936300262,14.298428595837603,10.765985310450773,10.611038941223491,12.326473806943337,12.187864765721514
3331,11.858186020170479,10.248233716408187,11.065421324489096,10.433244115196723,12.705427417680303,12.431029164410038,12.987658174454381,13.183274188261517,10.26051244388526,9.425882544202757,11.950113484637395,11.87372681007027
3332,9.985507067500183,7.509077284768191,7.981052669003866,8.585146506302433,11.059085722171101,10.230985545145424,10.00419592890685,11.085498930356728,8.78070002363442,8.612091498606373,9.611456076123577,11.084834191449492
3333,10.241276430832833,7.532039691832921,8.03297637544221,8.268560853800315,11.131646068277226,10.104956036014284,10.340186668444272,11.813432688162404,9.341929567979022,8.47519641980505,9.81356797702728,11.723798389803346
3334,11.252243804232826,9.846291524424402,9.67029861028362,10.42744912241734,11.749252106290275,11.981274959149134,11.882314454429176,12.965000247534647,9.770786011779853,9.805963754942766,11.466625881696345,12.495581247181551
3335,10.88897685881356,8.404797581135185,8.704821797404726,9.895090202698704,11.338500807543811,10.981751098083262,10.72263086470096,12.113764744527892,9.356312254939523,9.764322307772016,10.795388995593672,11.872532921209496
3336,11.33379240437532,9.053144351878709,8.917435032320757,9.394986888075888,11.734629375551316,11.491169357337057,11.993468453680702,12.981654371834448,9.87764299070874,9.232106153152566,10.51077175544697,12.378612798615912
3337,11.976996580392036,9.233977280216802,8.85095416054242,8.54192472719561,11.366799066648008,11.109231568820793,12.911265950647724,13.433670804853115,10.303678210216328,8.69860965099378,10.451608122440007,13.716349376032973
3338,11.037015743946991,9.490234135323423,9.864257813315838,10.278990900293834,11.901575367810402,11.993636243287506,11.570454118343424,12.90844065186144,10.323129865728376,10.827419122827227,12.331253890184183,12.745608165720606
3339,11.807199025156223,10.705467673276654,11.15492509573362,11.20855575384088,12.942285269930629,13.315942456723818,13.005233621893826,13.947297309746308,10.297112680817781,9.60706705531664,11.85495173963792,12.28100132858225
3340,12.092172905798222,10.602938498904972,10.227009781509325,10.438012028253292,11.970098641151,12.952409945912077,13.590115569692705,14.397155705025355,10.895850471902996,9.79774217245907,11.955446899649443,13.978559234572387
3341,11.649812263426686,9.84499165254773,9.531882159829152,10.435178800237177,11.789353874249246,11.859024023511518,12.11249388889023,13.102553118394184,10.002627589982204,9.822070317310832,11.554821799145994,12.284550288059734
3342,12.852323829231468,10.053069324100775,9.302307919893174,9.37821185745069,11.459571054564503,11.91591393582052,14.128519614820213,14.0363646902368,11.580732353694119,9.1196286399412,10.717818951825034,14.531454971893236
3343,11.984838672396684,9.31506227964067,9.327724288774748,9.518297656164897,10.905711894177678,11.447645376090863,11.640827233536184,12.88542772612122,9.770414317417883,9.751545539227788,11.551384203952505,12.23317312796491
3344,12.020569217486685,9.536395282429254,8.58921217922169,8.299769280431482,10.666461921325038,10.605489562946858,12.155978168695288,13.041599768987433,10.02969825916696,8.715121243528916,10.579188837898322,13.301476721435716
3345,11.711225439754523,8.486384582774367,8.42243577431332,9.036673406926358,9.900809209976185,9.92649898795663,9.926888248132101,10.776698283861279,8.749000902198196,10.306865286085332,12.169003842941063,11.450354689580472
3346,11.291725943265874,8.671833421019727,8.598259185129873,9.616623686517595,10.806358095913,10.26301123228648,10.783878337857518,11.645482823792605,9.165506612057811,9.786405220511922,10.950059372467658,11.698190901049884
3347,12.241280836471415,10.459840610115709,10.831276827905828,10.127088063812257,17.378541190370367,12.712498968969657,13.159773609929564,13.616615246243875,10.47383484719877,8.933530927279676,11.680479091739521,12.872023223774939
3348,11.92497259558094,8.916092681331474,8.736655069218624,8.689020137416644,10.933836480023052,10.898006987067724,12.216366200125172,12.760278232124543,9.604147894021413,9.108336686518845,10.754332250563518,12.641551609308578
3349,13.634864396912112,10.274458699838554,9.229547867585204,8.36775955170771,11.158680557074868,11.307558504494022,14.113760584437012,14.315390091457747,10.691781705310182,8.909090198721032,10.824921016275088,14.926115626538138
3350,11.871374357905186,10.029303280311865,10.765054096157161,10.59008517382769,12.67821240877522,12.527994987496164,13.739854368974026,14.230535104128057,9.681090490858775,9.991898855573812,11.436835678561318,12.899584162731934
3351,12.410856800124149,10.817434507131406,10.808978337564735,10.425771995360133,12.22985644974652,12.640779763612443,17.130526635170643,13.956803036587264,12.473892581229142,11.173921069750463,12.391182828770997,12.905337253937317
3352,12.570130804566006,10.231571666970023,9.690228308476884,10.149357026118619,11.780859498407622,12.036035174854657,12.90529176937679,12.954605767185615,10.208669217218908,9.215328074253842,11.207766037116969,13.496166088550897
3353,11.684830508881943,9.967756065157872,10.084734841751779,10.460206037492938,12.190138976607056,11.755629066349822,13.03340968858045,12.903956754438932,10.535596223687701,11.39843820886935,12.63119860709433,13.089602458633172
3354,11.548820462660222,9.584409575805518,9.36020977116229,9.761654578805068,11.303554217007107,11.284681268441911,12.092459546310556,12.379546947392324,9.517661443682645,10.692832990615496,11.923513826923143,12.196054138008677
3355,10.766087189387664,8.256625304981329,8.673803254487007,9.192841682973055,10.85173417581035,10.089257572995532,10.661147417475174,11.517030756988335,9.151906447983531,9.366775392074915,10.938639407615607,11.138241000152568
3356,11.83192429460762,10.384148010859889,10.549505801066463,10.890639018732937,12.174928260693536,12.457918799955067,13.961970902712565,13.589799539082469,10.521979165366517,9.310873950967494,11.359103646204389,12.1515096429643
3357,13.152796364133017,11.049662820472616,10.785410912048224,9.225693317645973,11.884060751075921,12.257134856716124,13.055539830379256,13.533011062868695,11.379277164508004,9.61554182438961,12.75358270636483,15.002752334730719
3358,9.908176347486494,7.474433919520475,8.72791768784327,9.556652059907773,11.154703870998198,10.184591767781146,9.719466166604859,11.132988612210323,8.762133370442223,9.354783297433329,10.418339616455484,10.749710081067255
3359,9.959859088187414,7.870431765360083,8.097299942667966,8.626377827870959,11.072161881536474,10.412371425172562,10.277611283774895,11.365253291742851,8.87519089387778,8.43382118518195,9.72740951975927,11.35078912782953
3360,10.985565601815757,8.544517732896146,8.847893755086677,9.242817306825494,11.320480750365583,10.937453376296485,11.862410865282092,12.560995164700113,9.66460903082912,9.129581879972925,10.374332309729127,11.894286234875274
3361,10.652837251622529,8.58924568455479,10.463910635283177,9.28208201376587,11.323762263381214,10.5981902439629,10.428026913127116,11.98728516901964,9.355447050557581,9.08937824736429,10.068039957119971,11.803629542162952
3362,12.087456253518052,10.654525223516366,11.49182222522305,11.022482145930319,13.21391211704331,13.334082141636522,14.783300620191152,14.789627973330745,11.237044525596794,10.316767796940798,12.2235705003055,12.761627677104936
3363,12.089815374347545,9.975419063437975,10.414727646605972,10.368542493334562,12.487071873875902,12.266258500541884,13.192509311103649,13.827697854221618,10.360252878222475,9.768304905460376,11.532031159030291,12.608394358431475
3364,12.67727113625833,9.752677534132124,8.625437798735963,8.007418814920026,10.892084292197168,10.697449940701961,12.463950480162783,12.751715248439645,10.057181109396769,8.634755497448221,10.513222157883586,14.096845095382061
3365,12.280463633322093,9.90578194232639,9.508977383546709,10.15827416215469,11.661286992830927,12.097442422789555,13.605923315084333,13.989281199247085,10.35715056309926,9.011137887294565,11.142580684802475,12.910342731670811
3366,12.859408562660716,9.988281687936578,8.908458094471014,8.260313754006999,10.926176036335665,11.330605637070327,14.916381677013062,14.123551466168902,10.6308845754419,8.602951626186627,10.683583175552977,14.128787133991736
3367,10.083559090452576,7.716155081584897,8.505688486843363,9.949272709725847,11.480204426183423,10.17405590338724,10.086943971647827,11.202016229410674,9.317635321755404,9.768452700159326,10.236827694923914,10.631320195958487
3368,11.379941488517897,9.148350633998506,9.091474836409983,9.718779669145885,11.411239755130335,11.295284710604575,12.768344079283818,12.529263696263406,10.10258454889574,9.415469014926327,11.249069539575554,12.183299776919345
3369,11.586480253830604,9.686124887453413,9.589714230301933,10.501087012193187,11.711193908074943,11.974925320853359,11.542007682655932,12.446514459110151,9.917309126502325,10.573220070718396,12.082690607643926,12.011827853160367
3370,12.232812761333362,11.202371561725643,12.111586013063715,11.594272535337861,13.476657885856653,13.981953376140824,13.62780652704043,14.446964225193117,10.956397645506524,10.31115597510297,12.926977550471866,12.956990472379662
3371,13.008485855358185,10.28735703871028,9.16505941512376,8.400670249306211,10.469851369426337,11.032754492696156,12.782776554870942,12.673133711447965,10.0300316782762,8.692026341294012,10.52099628521827,13.999491246529587
3372,11.417799134773075,9.15818016413283,10.733907976820088,10.23280004443255,12.41257084411883,11.950613303618168,14.231166522858498,12.567771725326729,11.029063701837693,9.19471499969254,11.54601708171576,11.05344082498113
3373,10.041348882138909,6.951568857562383,8.208550415611883,8.880513140817364,10.957876173663351,9.773550229620476,9.168795255361875,10.067227906579143,8.494239467241188,8.844212561421413,10.060502786825088,10.486121138531331
3374,11.962319017619844,9.071750100756468,8.320662667204742,8.115800239379066,10.554268848874745,10.451845856777922,11.845295720555796,12.201965623954074,9.596878028166614,8.462051805870558,10.199293617745207,12.10904930055466
3375,9.936573621894858,7.587280432515403,8.58463890483144,9.415845956239973,11.255406185487743,10.23860783965375,9.521504326028863,11.290119210830131,8.87931508477854,9.06290797144286,10.272615499777814,11.277673590720141
3376,11.389841787409928,9.269531125177158,9.972473592579185,10.390348154005732,11.583802381825041,11.643978348377914,11.629095595056068,12.34866581584091,9.626565744160384,9.00199909048548,10.95404917566494,11.381753926739187
3377,10.25076833120987,7.477825492917234,8.622550418869604,8.970357720618297,11.094552516888214,10.160251300860537,9.49186933954656,10.367827144753123,8.888210828318153,8.542313712662802,9.815395458445005,10.897511332480835
3378,9.765593816296157,6.993241572932428,8.29835353202297,9.783677810385257,11.71372284690095,10.413959473364846,9.08368666131659,11.00338009447275,8.816285431397462,8.987236203765649,9.45273951641893,10.198841769030135
3379,10.29329229275023,8.073156171103458,8.180926480964821,9.143271200516573,10.956076048941691,10.503391969513553,9.984793358553269,11.533755563509288,8.917436799171426,8.82646132701945,9.404072127244994,11.439350655912405
3380,9.545774125167643,6.669222764492424,8.642442904147778,9.674977958773608,12.20933125108251,10.156793403173253,9.477397104437976,11.420923437752453,8.453793495362241,8.80959844137115,9.732120239371216,10.148535137679584
3381,9.627396232027207,7.030971269840752,7.996174652123688,9.136834788994074,11.074566651015184,10.16036775041207,8.90295622896598,10.405975133332715,8.476504803044193,8.61352775489327,9.296996224199368,9.974886033216478
3382,8.884437028601411,6.284373479347643,8.059235227002677,9.209310402191036,11.828182576352656,10.29192744633444,8.883198140779692,9.839974939827501,8.506555877997656,8.41868364976493,9.351763336228169,9.814810827093893
3383,9.133648616824507,6.705194068504431,7.7517644884975425,9.62730371406313,11.493238414936837,10.378614632653989,8.587039661382828,10.725747048915387,8.637479159187148,8.650644621118495,9.132882950445943,10.135449258437102
3384,8.681528459696057,6.456042550937217,7.864412676255381,9.764448652101569,11.91711885948706,10.605142955115092,8.669171472404111,10.663955518262723,8.931541513088641,8.888051443364041,9.155039787688427,10.394713115817604
3385,9.29092955443621,7.104311615659166,7.816564226954817,9.597604165416646,11.543601778248906,10.400139190131927,8.704494311810416,11.115600558583054,8.769132256674006,8.898145387185838,9.238448700761701,10.295392715572788
3386,9.638169822231482,7.42216786065233,8.047152488670193,8.825756569124692,11.286890449224472,10.146376018214013,9.418289871627815,10.655073666447983,8.877357719679999,8.83824468573918,9.948495217323256,10.484075097623563
3387,9.586674756775945,7.021780328267949,7.962222562505291,8.904079962131718,11.538234987634143,10.258100760335212,9.767593247011389,11.280114193247886,8.98564889466765,8.65287396667119,9.410836234810851,11.136855186044304
3388,8.413216226568501,6.784287812209043,7.651897124119185,9.61268621322002,12.209388608880555,10.29602207595402,8.122029871069032,11.246500705372444,8.70076584756144,9.143395525076356,8.926405622826238,10.355365229614435
3389,10.10540045856142,7.8924963256268486,7.941772236843236,8.301876869038779,11.607823257579717,10.263401423871308,10.167560989599172,11.621514507858727,9.048292725095664,8.487455217446065,9.298636707432102,11.460374555584654
3390,8.34779307378311,6.467138354608238,7.703661281420748,9.217693591752454,12.63925912256869,10.243428676823406,8.344808300185674,11.35429579268435,8.59130595030956,8.955113040065303,8.757257407451542,10.470127657734322
3391,8.23678204986134,6.366179174837976,7.835320392894352,9.495554017301286,12.065718355604261,10.105371962681385,8.00221760173158,11.238675028610732,8.519054910567263,9.041722098553205,8.683271858736095,10.099847172261256
3392,8.578269269181904,6.426570220680935,7.966219904037673,9.051839298992887,11.909451744357417,9.898576025018224,8.750316261694866,10.709598893023848,8.62967841805975,8.88601851967204,8.80504895242072,9.940209043257207
3393,8.708265551207441,6.550148793244777,7.7435346371380565,8.982038260306272,13.17349186207041,10.162678406766325,8.691117132122104,11.687661815657918,9.004127981213887,9.074073229251233,8.820983902125526,11.312006600295472
3394,10.977356303429836,8.547999471034466,8.479090603029633,9.051850634218411,11.13677194272286,10.166231099854837,11.273135647098561,11.538257480941095,9.178947496479484,10.079312829432272,10.912881835860116,11.949653161940377
3395,11.417365078796431,8.9479737345705,8.86889793433435,9.072057590396042,11.331657428953118,10.646020128834348,11.574822682174712,12.20024084150638,9.905190332376005,9.219149733944228,10.821527804149927,12.001880013174862
3396,11.483248334986367,9.434106842018437,9.29792888405311,9.9398374877053,11.319475893812236,11.4682772621852,11.002204310067006,12.711542594456583,9.598050731059196,10.607558362909291,11.876786432273587,12.02222040276468
3397,12.029517291003607,9.21834274904991,8.852346414330711,8.859708764479485,11.228526074839081,11.304793457845712,12.652809846772094,12.985731850548987,9.947375149628936,9.161569054386595,10.526091997715014,13.228457491568072
3398,8.870114694555255,6.742665793877591,8.12486081707868,8.660078601600834,10.874140764654777,9.623332746371622,9.283770976700572,10.855665112292222,8.78698799488484,8.665317663084803,9.333199632989027,10.017212666353773
3399,8.883691127617826,7.661817724513132,8.480233179629874,9.281675448246032,20.282190613383158,10.14769423737815,9.628018897122047,12.023515130567828,8.922837645164947,8.858576793294922,9.460720458623413,10.471550944728651
3400,10.798842757164504,7.6322853059566516,8.52296939919214,9.146318482183286,10.85187477699344,9.861676591124832,9.437335183144363,10.650911733204287,8.75967773509498,9.027521600482665,10.522186654650941,10.69454545805156
3401,11.866748318634578,8.561170253071587,8.552284492056934,8.790169009589395,11.054116606594778,10.831303341605928,11.250596186802428,12.788203756383723,9.76897796260874,8.992430021703129,10.359504459158444,13.068310372970625
3402,12.081967565629807,8.660075406619994,8.362842312977083,8.797146337372325,10.4791662243302,10.025311533734573,10.595535021977142,11.72608376853901,9.319643956683775,9.548946287901622,10.889985263628787,12.124708150930122
3403,13.296295049268208,9.928954998272038,8.570461158916228,7.794082798681612,10.876257625628623,10.547368867145872,12.61396721122084,13.000988663960376,10.033758812920569,8.279042551507402,10.220124197401791,14.237676235241684
3404,12.1943789969415,9.483613838001297,8.74186815021546,8.67328712046833,10.82794320732011,10.490617513021531,12.496327158158445,12.876154014605715,9.995419644633493,8.78642590915149,10.909571388444057,12.687817424092284
3405,11.790518596787997,9.408178947077639,10.438199767473211,9.609072873786424,12.174737794566676,11.76172105703686,12.028789180846086,12.848648296321251,9.837867299791288,8.988841083606236,11.740337238235128,11.888510335398994
3406,10.429197637762112,8.463901103704616,8.566477833659771,9.408825770549672,11.484228827818635,10.252299953400389,10.344850211018585,11.625167421655362,13.190422513040945,8.790296327958515,10.180928701949366,11.095304418122208
3407,13.869898621885318,10.52980040202171,8.93573487882076,7.798330976241646,10.86627387757583,11.11687560448066,14.054864383238556,14.469178617868629,10.543056650232097,8.443636828438583,10.430007561939565,14.998332441035863
3408,12.617698424051696,9.099049470460503,8.641101472191208,8.133684329118642,10.81556829414908,10.462265985243796,12.949674574722987,12.698095100395525,10.147891408922609,8.683182230302737,10.939391975095468,12.95460205626216
3409,11.515064082330518,9.061041122136162,9.169887082778022,9.935141012276478,11.544822417522475,11.378435920597946,12.211846092452706,12.96576990743288,9.578038327639778,10.206519218142544,11.32661507507698,12.021288225570101
3410,9.321727489105076,7.110825684201493,7.807175138695954,8.940499008605435,10.966008749010324,9.920542334218068,9.061745554627924,11.164472712344661,8.702309746138106,8.880896535187627,9.334783016340635,10.3159971965616
3411,10.015420208800496,7.481375774447555,8.159947716820808,8.85910114727544,11.702540137262377,10.152035664338289,10.28870392752754,11.858841391448497,9.279746114893616,8.65208668920311,9.885931214695333,11.03397879335436
3412,11.015540699912066,8.550920480470026,9.043431836885212,9.945149139844286,11.19314081172621,10.689520190668578,10.776425800803647,12.191451339340029,9.127327335180997,10.259134393378547,11.383017324855711,11.530898781397227
3413,12.178047397571625,9.506259713280397,8.710031857634807,8.792136964634349,10.680695229213505,10.835511259874401,12.150317884358365,12.638587458450509,9.56774456760487,9.177815479457799,10.967935770131119,12.859031888219743
3414,12.74480329755124,9.403813989752164,8.463626133625956,8.423615944851075,10.82159206105468,10.663988145764268,12.304800677890807,12.494262088686607,9.920219614185354,8.522198305601645,10.418030994518066,12.84791901553082
3415,10.163178462062763,7.40445556377137,8.704897070080712,9.03504040532118,10.730183971672425,9.950240399935236,9.509238577918424,10.435672180413412,8.837740632665408,8.95387564416875,10.240971166917163,10.537294545181542
3416,9.046037680598427,6.744236504440624,7.848354085731917,9.465716615982405,12.343485084927437,10.193403325470129,8.590877273512223,11.157367994954363,8.452849741820355,8.906054324918717,8.926067615547902,9.852513009358557
3417,9.139391325462729,6.736695851067111,7.936464193237048,9.064123150313007,11.492686692088222,10.206553474435411,8.809364060356778,10.832762891739463,8.61154869755188,8.785900614118427,9.193680923011875,10.427501013937365
3418,8.23168399403578,6.4007636136785475,7.810204309312447,9.2167647342133,12.044072821803717,9.97999233396924,8.24865903039317,10.90299117258093,8.940261730313656,9.081007068584999,8.89594399804188,10.092389214426959
3419,11.597083408317932,8.452586728015785,8.339916078181243,8.908303066908909,9.95463558795704,9.494624094574784,9.5451704936481,10.661721463656061,8.810264250683119,9.778730937043754,11.581107083913045,11.408221909495737
3420,10.883994196265066,8.778866457036045,9.15975978895807,9.788563101694537,11.28348561922619,10.555780761164762,11.572652483047033,11.728245696585859,9.12183231806044,10.47633230488486,12.013821579242443,11.618166853170266
3421,12.449765743135782,9.89723330616394,9.147294156325653,9.102361114284616,11.395471522310086,11.430279325994377,12.64757062326074,13.581622849626656,9.931154499464252,8.986766409590386,11.126826381268877,13.89515310167391
3422,11.498390040439466,9.243051511765689,9.014626429832173,9.536252465881704,10.890463944198839,10.991630485701547,10.705836099346676,12.605058072317691,9.415289536592226,9.995175618067908,11.621246385862097,11.548546180939095
3423,12.35171232856758,9.741562182730057,9.113776671199313,8.933358309775773,10.871120729063302,11.044373639271798,11.733371285099501,12.602865275292764,9.823522087091163,9.32527469175088,11.446048583257921,12.552897860624178
3424,9.840835928430131,7.507020037360141,7.914890538013064,9.299377569641168,11.031555053779783,10.27056606092941,9.0527812657226,10.605158260165714,8.929188080879907,8.816012575444315,9.394952227796459,10.365194519825247
3425,11.04269432818822,8.515337000476736,8.125087739221026,8.988911560267017,10.506421643060424,10.576635258581057,10.30525061373387,11.618067195416996,8.837816227963936,8.786764601393815,10.428413872811262,11.451097049652542
3426,10.64228669436715,8.23363772204595,8.058268485055896,8.62513099079504,11.029553978287796,10.318075250459529,10.588474319876529,11.985834069350336,9.467939112115689,8.376412944572401,9.597060886370564,11.737472922072232
3427,10.000694201214102,7.634406736241068,8.194325714608315,9.343533505802483,11.302092729788875,10.400297165348423,9.040837282578668,11.232634226126198,8.763405850436056,8.875297409710473,9.610956690789067,10.669785417937916
3428,9.185192145237618,7.177142760044973,7.951444407857958,9.055702036646105,11.52932123146607,10.2223614473407,8.808060819673262,11.344870173717867,8.890725097668168,8.763448403324215,9.200528751075,10.564415904570613
3429,9.713736288668443,7.218183331220473,8.052622600218095,9.457013677181836,11.578803979369072,10.496245995848938,9.150323328339672,11.03067651328693,8.610843367860202,8.51968908988339,9.3742405334252,10.647685114597403
3430,10.337276700643418,8.029255620799187,8.231303063030854,8.647053425811656,11.585855077185665,10.37308031132106,10.344648927640824,11.98944172657314,9.231745958963366,8.461762402357746,9.422597338817516,11.425685473341654
3431,9.393101473774083,6.87145840116946,8.319297623366056,9.06435715900932,10.852996336843058,9.78371970523371,8.804380119052926,10.29758799965839,8.58581966240996,8.743940472523352,9.830577945622569,10.013993461594042
3432,8.872061905956752,6.6613110013873476,7.869043408963047,9.507051861217775,11.503066266037017,9.928694435692611,8.366426816368964,10.645985784826497,8.550574308997003,8.98253879957232,9.386242447913283,10.045414642411478
3433,9.5694394531221,6.984787429610723,7.984390800113323,9.584484197720338,11.343838187139461,10.016866923985967,8.601740164505543,11.103787359483489,8.502938678146863,8.806298977335764,9.830533179361867,10.497699116341671
3434,10.818811421815667,8.308086502498105,8.180032515512856,8.770465875007194,11.017424537796845,10.448498765643304,10.748193165367159,11.91118310309204,9.494729497673763,8.30618340407532,9.58137297924804,11.914323187875535
3435,10.584260118199179,8.139114670638977,8.324836452001659,8.690758096520815,10.860596743653687,10.678759835759278,10.572266330755301,11.717901092627873,9.169673861919197,8.578621849777614,9.808595806629686,11.668170595297623
3436,10.06944101087391,7.635821055825319,8.59312430244866,8.960315547713435,11.657323543179807,10.243422081718112,9.942478484200677,10.721007820707804,9.03560444522827,8.517465031172897,9.768307851298456,11.432720238226729
3437,10.445763705382593,8.112041380785644,8.464062008436773,9.270620032026669,11.343070185397675,10.345442061386866,10.668051300219961,11.670892621906443,9.41846784549202,9.026367470102702,10.133160780078445,11.256432851548588
3438,11.230648029769736,7.616565523308266,8.283040767740136,8.861552843480666,10.201946321811864,9.53523310590479,9.22337742091113,10.184106932399164,8.441024802926307,9.857773775347512,10.903554290925968,10.363303352097105
3439,11.978319900357363,9.054059369901001,8.667493375390158,8.511816311089165,10.91361935844309,10.78395492036229,12.075394483665224,12.24208433792107,10.012289434046654,8.292568346545977,10.214526777929079,12.273280766147199
3440,10.920994665552598,7.587070590182101,8.345582949246674,8.857325411804412,10.450349051699384,10.102783616024897,9.52958423656771,10.75189254034963,8.711287912533717,9.019378431876255,10.284463957819458,10.981842657175042
3441,11.100880859733266,7.3600009794532415,9.756991732143161,9.742887517688377,11.94767280391613,10.499277499441,10.423458088951875,11.274291337749027,10.77720158577067,8.664089072389043,10.38149004588592,10.75566564592718
3442,11.801869365903581,9.073069015965299,8.358699012596013,8.046212220825115,10.791432455408083,10.5116480365906,11.783272868751476,12.715772776592352,9.847759523213746,8.247795660775832,9.833147197018047,13.247374888931006
3443,11.093842929239074,8.497191554576922,8.200845404482326,8.589045152780127,11.038082876041173,10.517800810285104,10.517532231721084,11.53282392608629,9.39536020776113,8.403024096734288,9.610712444228819,12.019889121714524
3444,10.839442697845472,8.245106597968071,8.057390073306104,8.468165350715624,11.069446385131055,10.428489858781496,10.512224446612116,11.565736177704682,9.360288141786008,8.267818647205662,9.54948027245527,11.69604953824591
3445,9.251944146307919,7.183824006993893,7.946405085004949,9.098192350446968,11.587926588200776,10.20942062425198,9.09286788504173,11.462607037908796,9.024791053980103,8.745323883808766,9.409437106070826,10.81187357270861
3446,10.75974302983089,7.956764111403929,8.237220936564379,9.052146356440092,11.563824547081886,10.654998093952202,10.799860073775307,11.551614809799606,9.44665290065555,8.304137428714782,10.044002204606375,12.424947136185049
3447,9.818623692414244,7.116935074360337,8.126819871237121,9.317051982059306,11.307830317555293,10.414545360651314,8.969345288859278,11.119526433308987,8.694552536432925,8.927189144597595,9.943667950265123,10.566522168756187
3448,9.302246137116498,7.127032868566883,7.846335610540965,9.597724162469634,11.604828482362908,10.24305445390022,8.839955739634622,11.215501543604468,8.783872333587055,8.874501134608831,9.36489410660082,10.510638025160265
3449,9.415024022085921,7.35190379021019,7.9269822633012925,9.254320910456425,11.513576883632677,10.405667872585347,9.174668381005743,11.288320950962744,9.029906352622412,8.641271087477245,9.57403295715648,10.669874546959992
3450,10.60255581634281,7.739068424491063,8.044072628520075,9.16447216186506,11.483167919409272,10.549595866406055,10.252073691781375,11.467485806267337,9.152557669852829,8.41702886011343,9.764066750109048,11.568987013913945
3451,8.595415601613556,6.420233221046913,7.8837969608672145,9.757491945814081,11.802349703260518,10.128728670678012,8.386551810815455,11.16307324987314,8.820732739475181,9.069628348018716,9.713768230917124,9.943842460852188
3452,9.643912266777118,7.679163239769463,7.948776405799357,9.257401659883282,11.914813261220285,10.580844298241713,9.676646683331398,11.895235775009521,9.053041387420567,8.83075553583713,9.354761515352367,11.372374972069569
3453,11.321872085297713,8.487938978337837,8.563603763840636,9.227213772363513,11.080436597456128,10.562597550350056,10.960477006622208,11.518126275932293,9.166273485687846,9.407464433402867,10.819695905662606,11.384725083900484
3454,11.65750067058684,8.366433096211845,10.192847114072052,9.222493348409825,11.578406968499145,10.87388054035615,12.011942793598376,12.120938003843667,10.146866492165932,8.847555387665382,11.625393162388573,10.883094583621908
3455,11.325302230527187,9.377563390519999,9.059588119752128,9.409961773889979,11.362978218305253,10.96668972487755,11.098878698382107,12.22349020969682,9.815747059079452,9.17772591276381,11.019325255037094,12.067767961300387
3456,11.737706987884044,9.065342691335797,8.691005877690381,8.810464084413212,10.566443770280399,10.231022651902457,10.373430185462205,11.585250388400338,9.230322008478588,10.051527295476859,11.601579721570566,11.800460131885666
3457,11.012390394611192,8.423142971307676,8.735169794540361,9.84820716921957,11.38197296708602,10.477044519491677,11.110671101626377,11.585732518675115,9.620613602956855,9.705942011887892,10.682205340396122,11.473655640985651
3458,13.404394106510958,10.221319210136375,8.934237113385548,7.570425740775595,10.5483714518029,10.710058243626138,13.677925664944368,13.403586367548964,10.55439230306936,8.414097019839136,10.41737641706279,14.8887596038817
3459,9.903687326279215,7.901518429712475,8.728317484119716,10.086148713702237,11.28267646365091,10.838248962419364,10.328901055762515,11.635143525242725,9.107690708667903,10.050136429131882,10.58743516523424,11.005322132612786
3460,11.912040496773436,9.847111833062446,9.186347049478588,9.012609725091476,11.025565456496832,11.586185335425995,12.188220285017284,13.647908581773383,10.259244439353383,8.55172264187241,10.79775285187499,13.164968017888834
3461,9.31560221696683,6.854557000298722,8.010838828901353,9.22786774293504,11.59502396349624,10.259813459146596,8.87555010897977,11.434141474113595,8.971725482792126,8.84910286592138,9.271890327884213,10.638525722217421
3462,8.692071174091252,6.937296664601199,7.798588645505228,9.503694205935677,11.83490306002913,10.191587794544196,8.72952383144632,11.29169990488705,9.090493258388753,8.861325275517146,9.020075019262924,10.162451691915072
3463,8.725806634026638,6.798371294858693,7.84818322136805,9.17310460187739,11.87904623960572,10.166162908687546,8.411780584022353,11.50734662023935,8.90648874193833,9.228158296855277,8.988592091031247,10.548295156450866
3464,8.558831941792436,6.523431680825147,7.6971923411906165,9.186878152579073,12.823184733508386,10.279883558559856,8.077153388443989,11.584175349635455,8.553607541159073,8.940249289349737,8.767651810602244,10.100502661341242
3465,9.475370564854614,7.308426825457849,7.893475563020996,8.867715545109998,11.390719085462099,10.461767069232536,9.330393860198349,11.961428441560656,8.992087474725182,8.599821262213206,9.001183830252774,11.275831017649432
3466,11.044330997958518,8.680129298999226,8.44676773105393,9.192151815510947,10.476316405220107,11.30562668240198,10.571875302889783,12.235057732251242,9.271777379669913,8.696691487359246,10.006607598277547,11.312733550006296
3467,10.140414714293913,7.797229943894954,7.959213211237076,9.109751011349111,10.874752205571578,10.635879191540067,10.288258216304566,11.821547141620602,9.141125614007294,8.599181168226124,9.550235895650117,11.34264024346625
3468,9.099758704017813,7.0246430879185,8.027140542987876,9.202954790279147,11.622116908642145,10.40831951260516,9.438157765990706,11.373283464792923,8.926035913463267,8.729095237042781,9.193837367988964,10.653495925345776
3469,8.762394443598172,6.787177955194277,7.8267234735704205,9.716926139082572,12.2719320703291,10.390966872883352,8.486811494527442,11.598475299646633,8.648857326712555,9.159478826574752,8.982338435514686,10.298886806872723
3470,9.236220049986631,6.755451478847296,7.915084848898174,9.067545518299706,11.505975267693136,10.486823943794523,8.773570585359181,10.992799076531178,8.740876415299141,8.676896644028139,9.162352642963967,10.411831154405878
3471,10.908962206980007,8.538189146961571,8.498161496587885,9.27299685407803,10.48745442700597,11.35972169717799,10.644128027791224,12.583927287341705,9.280383089448579,8.718835549131445,10.263192340764444,11.352568515338671
3472,10.293877062518789,8.097130263386866,7.905461556541263,8.965568670399037,10.610988573456552,10.775902434696153,10.007603626325096,11.800920429758886,8.928832176172762,8.791168279446968,9.899955585771995,11.084441200874846
3473,8.587219514450574,6.731107912657395,7.634769566601416,9.554984888577271,11.968373733784397,10.46459323327473,8.053922427775436,11.02817223177679,8.694507906475078,8.775292693725046,9.011070601904224,10.134811024799685
3474,9.385887812942752,6.982275625975495,7.863316942936979,9.036906387508127,12.006192179356791,10.520549844389162,9.076978041738274,11.779115191988435,8.98757667114802,8.67966864940869,9.042354502190733,11.002235100208066
3475,10.081912950815905,7.734190493466635,8.066965165853969,8.579248927995025,11.233748742567041,10.72739235420441,9.57852995849101,11.768988769834966,9.171749112676148,8.567714961193241,9.271412039229695,11.137678288357304
3476,9.216789690064576,6.95685152490933,8.011598304477065,9.182445545411731,11.759723816337535,10.454582796201642,9.589276892706039,11.853998268492843,9.141404539125526,8.579627411151332,9.028351788382894,11.464067267317613
3477,9.701629122900744,8.012739063339993,7.97147741189071,8.743342829704838,11.359849166504082,10.577632006893566,9.755342867020245,11.843273527579866,8.875451167886977,8.997401024311348,9.371284565967485,11.015955336237633
3478,8.906421229588613,6.933505407210292,7.804898807948625,9.283177019328303,12.171984310509895,10.335885978082207,8.636452333775441,11.598435684654838,8.67692052739202,8.7926767493572,8.93180545161254,10.68956751159954
3479,10.385808321029572,8.303072976941202,7.917146849915618,8.8300607428179,11.32046700941639,10.7235506811355,10.213316224263027,12.374431719344111,9.195239605888352,9.089657144964937,9.590767777064011,11.038368273562916
3480,9.362657309020738,7.101627992343644,7.919872669226123,9.103097612281847,11.988927870548583,10.473702873893544,9.671846419475852,12.587520635497462,9.070232735900163,8.85668314697283,9.069637347629744,10.921416683161478
3481,9.250086765823667,7.5206554147437,7.560781086530266,9.418219279794906,12.26968694226229,10.77662562658881,9.000535961809481,12.227543530975275,8.875249421824103,8.996176899885722,9.0738008806394,10.317615559332843
3482,9.966481046864851,7.948188484111568,7.775842211290698,9.002629094370473,11.663775108723737,10.129132562276002,8.945740863948917,11.477855733209253,8.707444096880582,9.08547363964534,9.607729524511445,10.630123494652901
3483,9.40779039756708,7.546313769103694,7.824933487323674,9.056280429845152,11.582816329774829,10.7471427344823,9.867155589534498,12.272211605957773,9.099916393113702,8.890264923038409,9.274244659445273,10.631182364728662
3484,10.807109911658408,8.461487157137475,8.1039165954041,8.802933490364646,10.473103555439028,10.631311561260784,10.501184401812932,12.534054794809933,9.464268213202395,8.771778826333271,9.578622964510721,11.73692807154264
3485,11.06789192669135,8.811756455007561,8.519987802793423,8.414491078861248,12.913492644344545,10.984645375028688,11.384712785696214,12.927278881585867,9.412637413881184,9.081940006188768,9.629102955070238,12.14363174124708
3486,9.160718963671762,6.928503923231311,7.810368538749948,9.359431572411278,11.605621056078228,10.28512412633772,8.668493022838279,11.18825165943673,8.850019131947604,9.103230411009266,9.320468879097367,10.701464772102316
3487,10.08854291540504,7.809643184636466,8.147670663608833,8.81971130042702,11.290041554396158,10.444283633881106,10.210853967628928,11.77678002484508,9.428793069259559,8.372771038569486,9.647270371416738,11.641097077427334
3488,10.044019683128866,7.214873447762107,8.052486424088757,9.005392237672462,11.252482516536476,10.239013417735382,9.297263831804074,11.097027033825416,8.846509997708985,8.454898668511245,10.019899674994674,10.540560179142343
3489,8.461756546655995,6.598423289407436,7.8320175594821215,9.658379790583176,12.255300079150494,10.112439790926771,8.045731353910224,11.417539156818318,8.697462483348058,9.018260669071562,9.07868238213633,10.045828557517172
3490,12.837449619780545,10.324220541235213,10.932249430360713,9.305818821914093,12.085071526703752,12.145014532361532,12.11901833813966,13.209506935989975,11.597828057455732,10.555354024195474,13.821735809983952,14.172717890970638
3491,10.68992527220924,7.98408862231495,8.210451378775245,9.017923680729087,11.336168585865622,9.864668598254106,10.761620060037057,11.318462995376876,9.482186444554245,8.960173509347278,10.269828383278568,11.170670250858045
3492,9.399169166153,7.367946706606298,8.110479657535702,10.099480059949496,12.263652008754129,10.55332942963802,9.271152850340492,11.996494117378237,9.197727005156343,9.094498153173536,9.437510713054822,10.542251113902442
3493,9.72132068331041,7.3513908209254675,8.191465934334616,9.128469643927076,11.654322101887011,10.380315613990525,9.550604224306289,11.509700087456809,9.167357681516465,8.762625432687473,9.282581879311476,11.027200960393635
3494,8.853630170173128,6.863892859609589,7.840746530846722,9.654389022941732,11.923505220237512,10.261034024334714,8.378285250336623,11.474171333275365,8.67605666800019,9.155031481044995,8.95024307387455,10.091740628801647
3495,8.52962115813111,6.640597196436883,7.993396371857633,9.42122087833049,11.575324969642073,10.048657991490758,8.480989279764112,10.820146679779308,8.595168665987583,9.112599394507601,9.415771104090055,10.095965225875792
3496,10.134932595352726,7.877179101999704,8.061712989562732,8.797849972178724,11.28876593069164,10.412517938729069,10.235831369112221,11.693832536236615,9.3669621124488,8.338115291560122,9.608893725221012,11.268856924370033
3497,10.819155910780246,8.148454672041819,8.181833210954334,8.454286859966233,11.20899985221776,10.531766269600784,11.234490391071589,12.190131827461638,9.710458398709305,8.351592178490765,9.726964884462884,12.27397208608172
3498,11.919851165526122,8.756277631415632,8.24382784920849,7.955177364216494,11.326363522594882,10.388031778253751,11.487990279709813,12.440120189039511,9.747737258281083,8.12839066043308,9.843182171349554,12.61488770662958
3499,9.596645649516326,7.133629186186921,8.225146486535658,9.164904850600596,11.07298292589632,9.992398237062885,8.894237569617177,10.628340062250201,8.570703658814436,9.038262393577558,9.92122587902248,10.345899336907713
3500,10.846709494032897,8.793750161266061,8.380476634169495,8.470798531413188,10.987909464863051,10.37074459903095,10.714555576966745,11.704250831652205,9.382317148778794,8.196859137925717,9.855753627525171,12.380832282526288
3501,10.00666462300389,7.1836595014952955,7.928523745812312,9.090179306771798,11.486559108019321,10.109115936787626,8.87496968681224,10.801516283882375,8.945608816711827,8.772144066972576,9.51781194516045,10.481944648696064
3502,8.839383829724687,7.133144411939355,8.02975701419981,9.878900966451738,12.233732780719858,10.709415794105094,8.72548986102382,12.246619650821948,8.624071496443811,9.182305352487514,9.061195831265037,10.385405960117456
3503,8.448601119646664,6.324456968427386,7.942984382755591,8.93163649139737,11.608694346878249,9.667531225880971,8.681511740660794,10.51750190805453,9.166860956918423,8.520876113059181,9.413996043470506,9.776529750773815
3504,9.60508573713942,7.282853678514755,8.244203421208653,9.955560602664391,11.833239598111465,10.546818389777654,9.332627722449924,11.603293506478593,8.64695367748666,8.822773413712973,9.645057986495207,10.619149934043936
3505,11.333603327806731,8.824732912234191,8.185791366408502,8.59322468582036,10.683606501707771,10.826765954337759,11.10259086974694,12.198190873649205,9.414108575541782,8.539836868276684,9.96685882740026,11.81925825296399
3506,8.767810237073492,6.750323403307635,8.10262434788896,9.782778773065015,11.499751182127614,10.138607154224196,8.723596674343455,11.088472632752037,8.749248301989933,9.045295207910375,9.375583907699399,10.093175111929408
3507,9.934720447397531,7.463270285195725,7.943650712260389,8.987071097543136,11.528617939816105,10.361703216444283,9.434697591310774,11.274590384790358,8.98413663231203,8.566518323981203,9.458311994209716,11.120720086807367
3508,10.116765156677038,8.104868219913735,8.267058386703983,9.290435814806298,11.137188174075439,10.757560915536123,9.758701731530026,11.700623010500589,8.895827470951758,8.901797387569154,10.234992638712985,10.582389219280596
3509,9.09864562619758,7.127643174003914,7.9453185554998615,9.549355005005712,11.746965462675197,10.342991658185056,8.707241278826947,11.443580939256503,9.093009774255105,9.002407494227663,9.2219525871208,10.890276047707527
3510,11.125161953740182,8.823560268923849,8.5828294161443,9.698349936669679,11.19871448096368,11.798552399917227,11.635077959899899,13.000432277581265,9.665332760221526,8.817494657369787,10.34525172939201,11.686992854911189
3511,11.141726457454213,8.380182919665975,8.408876199836497,9.000854264243793,10.809033844473152,10.345059375039718,10.083855101030078,11.17632590896791,8.930021250362742,8.745079259231842,10.481368466815464,11.286088303517488
3512,9.348720112656457,6.849681317708399,8.472488268049027,9.557156790157048,11.795936393071091,10.371226957120225,8.847478543930068,11.095490629049882,8.94401872849841,9.049646914297155,9.774974112766035,10.374836141772803
3513,10.619476175625262,8.280297620397874,8.1789166076613,9.1544940860615,10.900453795734899,10.536601815373356,9.829643321897002,11.485227458495984,8.843674623069994,8.710418792693874,10.145715752665712,10.849860993870557
3514,9.776161550605678,7.505286709774559,8.235779615936838,8.941976839722022,11.283240880045472,10.407254047199466,9.350507552090008,11.092518448039717,8.821044073564256,8.624761284739748,9.629847833582721,10.985584634321784
3515,11.166997789734443,8.670772805297545,8.34365446469678,8.770600044781709,10.809434291679533,10.79045345212596,11.562471052694232,12.966925935621447,9.870787880558414,8.716039454532464,9.886061092718744,12.745029973323025
3516,12.040776351127302,8.68438730368807,8.479818362636493,8.039877271008272,10.826990577039822,10.375582818417463,12.49552808563214,12.703484208200187,11.031631401668648,8.04624434051837,9.852451823021614,13.173791979196883
3517,9.626702171872036,7.425057244998135,7.976542961985774,8.940120446841373,11.687804266571394,10.591357152702798,9.790976042199144,11.483848815662725,9.054161749454565,8.608452725184026,9.093880837826633,11.165652142085278
3518,9.497593594173642,6.997658757610105,7.9551890928047175,9.007437437427543,11.24287221595118,10.107202235350496,8.867501598823372,11.031929499812822,8.821868013110784,8.708718898685866,9.454276119467949,10.27326650955619
3519,9.374404394955757,7.048911627862857,7.969073430577384,9.19940033794536,11.450459443718097,10.285525897634773,8.84902259317805,11.122789708752743,9.034338937954066,8.814688465368658,9.265673395722668,10.40671522485967
3520,9.624549860344867,7.453604486127662,7.9801077248183,8.886150423227704,11.091608129489888,10.0834711527206,9.00055725242157,10.937437036798926,8.782542144170012,8.610347940424337,9.423336223031125,10.61420728402646
3521,11.521770734577219,8.58521000032157,7.99830685113629,8.612142461871137,10.292006395954465,10.578590320291354,11.128473573370776,12.173138669644588,9.51162816649797,8.613305538190298,9.868640810136654,11.826808955426394
3522,10.540876460253411,7.976516098460447,8.02797473313179,8.721379175222477,11.073296091796234,10.48501813698375,10.773412606956004,11.814086112480567,9.422980371464948,8.195510765306043,9.548646023605496,11.62623056217253
3523,9.965298532895051,7.620869627417708,7.954302723812826,9.022580539130193,11.081286234550001,10.48236899993276,9.829285700503373,11.573334531148522,8.864209525751576,8.702618709081714,9.948270091150938,10.67050218562638
3524,9.747706972960845,7.529806637756978,7.969111632759478,9.124451174697485,11.316825570905515,10.278674889938394,9.74905857250401,10.957994530246093,9.015867437141852,8.430046395875195,9.381842115783098,11.086501649471636
3525,8.934312310850569,6.719711893770516,7.7664411433188265,9.826176458560994,12.023030851508839,10.577752668433089,8.639492979378439,11.229784970601514,8.610991523390934,8.956048297504472,9.348433244001267,10.31018267970666
3526,8.810360733350178,6.812723469633032,7.978609985563713,9.148539904555147,11.334878309309918,10.120942155447388,8.431659858163476,10.721164523320372,8.80983760928474,8.75370576275688,9.274198704949526,10.062168206526268
3527,9.139746562184168,6.877705349717861,7.906124662707782,9.259333956632073,11.391245438878709,10.054663510204424,8.82108960567363,10.774549192296067,8.670954542695757,9.015476235264943,9.739970657863926,10.212696057918617
3528,9.338856380074276,7.010959749746156,7.828224532505898,9.269865944635642,11.439959611016352,10.142047362773267,8.677811626688989,11.087156592595667,8.764592720078623,8.745753141652798,9.43729333751774,10.265574229423098
3529,9.64972665947964,7.3761872287158035,7.9553376558218805,8.845332106827902,11.463051651516365,10.422302063112017,9.459999799924308,11.71359344652625,8.999248554071208,8.754597776763621,9.43130987343809,10.829687713589824
3530,8.822563491476295,6.732331441521759,7.998426002467118,9.562678365412008,11.68723989074542,10.271003988351524,8.57261519029032,11.38972932242731,8.757686958605206,9.059624288614245,9.201711792557855,10.11185497548841
3531,9.130360477307006,6.606384575697113,8.025491488005544,9.295444633924578,11.47089397281113,10.097073168127217,8.969085274885943,10.596786696323075,8.537941689151946,8.545581168431436,9.553580590911775,10.02987651799921
3532,8.373850511550241,6.5031559338279745,7.63755812391128,9.665297486505454,12.219169646168009,10.166352032757992,8.080714620678465,11.505137763459338,8.481024533721053,9.221870374258664,9.075096700070139,10.171333861238885
3533,9.406719834635195,7.486699440071139,7.912511770153285,8.816784056348093,11.475350770520688,10.176204927674448,9.38469209360633,11.411750048332369,9.000973480209042,8.789112494452981,9.300984564297643,10.783480430286126
3534,9.255220599933095,7.0806369952230215,7.960091961057518,9.20899740824973,11.439598409528088,10.150133248654011,8.888125333424352,11.273427040372546,8.915738764216911,8.72198385124414,9.383969299688413,10.617033163791486
3535,9.230435446361403,7.224892349319356,8.013801997729958,9.22317507530192,11.557690931045636,10.436387300706672,9.192006318625484,11.144602322921468,8.979631172227467,8.880467537946622,9.22886052687706,10.742008831443979
3536,8.886462148129894,6.985443535545736,7.984311811577334,9.438585888675707,11.609285174462364,10.289855671316236,8.608227063416013,11.13801260210207,8.802856543150046,8.957419672805493,9.216966376741523,9.918199295133496
3537,10.140251256572622,7.778702310464357,7.904395536594983,9.178265750100312,11.210977001697401,10.521517044843156,9.71247671172506,11.920537140249355,8.911926391363217,8.765525613879733,9.677815081320096,11.128288253764618
3538,9.062789672359662,6.7020349591076895,7.850631414021905,9.259409809483877,11.573609614091854,10.122137802248282,8.356796422461438,11.095561629184182,8.714171039030363,9.013467674837752,9.204799421708358,10.13294191562596
3539,9.013863983627862,7.064037983630965,7.8347446366227524,9.655477691178337,11.874234611489252,10.382083326086063,8.897158642913672,11.569232895948875,8.986734505991846,8.990647588886425,9.151820206396643,10.626303473006555
3540,9.610923577710214,6.882551053710014,8.342935829089077,9.65046448352194,11.979466615537408,10.294330838679354,9.633378156523662,11.089700367562894,8.977652756929084,8.99527688330258,9.405783266897082,10.34816517435588
3541,12.875975041571952,10.084082052880717,8.715761773798292,8.02218075648107,10.4893306076975,10.369360209242355,12.792928911994043,12.66851980420905,10.228040536093186,8.818328018246259,10.474475503883362,13.991077762306285
3542,12.464343187759596,10.645892363199327,9.862955952343345,10.20488633012016,11.898807168706817,12.176314593824735,15.257999099080424,13.75721431642042,12.707490778959905,9.325025906908097,11.502895822791684,13.532209094167765
3543,11.854076938709504,9.494773839817318,9.054848126072327,8.54838985377703,11.081741139631731,11.288937881925012,11.805656705120832,13.294661818770997,9.763382206300323,8.755550938479916,9.794025396671636,13.235347234868822
3544,10.431524423099097,8.191167219070618,8.718517866595068,9.14705588068029,11.399341897425707,10.464905406913712,10.602518167352127,11.685479141496819,9.826120675175769,8.951123450405138,9.889702840027244,12.005226806411528
3545,11.846457124322768,9.088689252756295,8.476592582696888,8.442749178728945,11.023576097999761,10.54869738534796,11.659630571316367,12.712526859226976,9.869880480690444,8.832191333871501,9.99193122474318,12.889797201581686
3546,10.840222337886008,8.222877665147749,8.940045715124452,10.049243811267447,11.334220086779183,11.168971622194992,10.831340886035665,11.91834762824579,9.568970863850078,9.109222691786597,10.097510048771206,10.899250250270129
3547,10.179068784383624,7.578252232836018,8.384110488941142,9.270033586395815,10.970186373289547,10.368577927598885,9.59170257347039,11.232439473186465,8.806854788669483,9.075858050056823,10.083912400091851,10.811701006985436
3548,10.652975361852445,7.850295485331748,8.474558347532756,9.105232305286753,10.504476966348797,9.855666058148659,9.493063255851744,10.653953177172024,8.982462524342678,9.856660256633402,10.555330619796287,11.030517832143065
3549,10.653427889954589,8.159493649115111,8.51443483109259,9.241248062065278,11.088856888597272,10.816386690909965,12.115893568203088,12.221589326721748,11.483235280869724,9.152570856402605,10.038698604305015,11.638312562911942
3550,10.212908158013096,7.603622127117513,8.68116319649039,9.088772392823039,11.093738317392107,10.334272570504256,9.648510966992374,10.864300958481484,9.117318431125923,8.897748900574168,9.758980021039342,10.892680153237198
3551,10.411368674603509,8.009633047193194,8.313377259258678,9.480924238391408,10.962804914860676,10.003291383053568,9.554245621437794,11.204418253825622,8.941476849158029,9.427765978810758,10.323727150522664,10.593266671029856
3552,12.963712889449264,10.66934742184741,9.124006809334064,8.335178223441234,11.39948748016592,11.319762171817768,13.226708739299793,13.129255335237652,10.29523589761154,8.738683226101244,10.89910824169106,14.463016786650055
3553,9.467507123881742,6.896383497900561,7.975427586948239,9.290966982497958,11.55656209950795,10.632780717862731,8.909353970076706,10.956586515456165,8.648430199940517,8.582201145781477,9.238042537902992,10.553553360351874
3554,10.000440941883042,7.638789768614769,8.222695926355712,8.936203357346647,10.8798769652959,10.008133959207573,9.382925013365057,11.040309264149705,8.726808912973198,8.710061600590157,9.9895019479065,10.7772224490428
3555,14.24612779679699,10.711003289123816,9.284155819113671,7.332246414521009,10.871861965733041,10.782262112968898,14.2105540583458,13.517451297573242,10.579450686798017,8.423512144944848,10.597983838181989,16.00295319467986
3556,12.657515257888175,10.861231104312026,10.620969543687302,10.12456112438977,12.64598950002219,12.822014637663079,14.605441477145915,14.401098189912972,10.702596739406681,9.572276162773317,11.864899171821504,13.854658185986874
3557,12.35350029930605,10.77293237400975,11.002062665811751,10.568346158719011,12.405718431347161,12.594806171872285,13.247185070378396,13.415707167188952,10.369787730865038,10.139001716237283,12.413146439906146,13.398277267626165
3558,13.334103310116891,10.203528858335453,8.81705337699343,7.940792206812558,10.978021473375582,10.729692343302139,12.808593590667805,12.998212635442645,10.078380603676024,8.742218548458062,10.651687729776114,14.85360999409845
3559,12.428368180276948,10.122062577921039,9.081411799138822,9.26835158401391,10.934582415817683,11.410836963637358,12.478880956445515,12.305515267445397,9.950075234460927,8.898404528941157,10.844839436285925,13.127546602897716
3560,12.334707578620453,10.723422346000763,12.057296574963633,10.44808909048227,12.904408882067443,12.828901199503203,13.335450006431591,15.062082150609516,10.702999241592368,11.03368859052904,13.196316576304271,13.101343786683323
3561,9.262551211538618,6.926501944231215,8.234852530952754,9.782462182289715,11.594746851866125,10.280245699922139,8.50663699023005,10.962355583778667,8.396556489201433,9.104579374202387,9.423166404149814,10.17177798768198
3562,10.74285295548125,8.028809317524328,8.2680181451995,8.619562730901425,11.141148256098841,10.739449304956928,10.676771744451198,11.871218842226135,9.616483879183475,8.434978967273922,9.90364489383835,11.382479994607397
3563,9.267264300959784,6.872188139895479,7.930547339311575,9.401451323973554,11.631746132939014,10.178083332401995,8.496622901132861,10.960898959975468,8.655314690478926,8.790751336006563,9.608921148173405,10.328693870557695
3564,8.954636114445545,6.871916187051271,8.03164311055653,9.175965747457361,11.259029297475571,10.135061930724627,8.690007765520445,10.79593753957812,8.784442706693348,8.77800238439796,9.276199179234645,10.04198308463223
3565,11.011539614344583,8.214996432442813,8.01589016133579,8.755097775047638,10.732354616343079,10.102660637243321,9.531635488351359,10.888072094617417,8.979205577098092,8.955901600348945,9.92693781662296,10.958660709183054
3566,10.998634446793282,8.250853474738335,8.158957270673763,8.621814872496856,10.447699734019963,9.963138553272707,9.405014360438857,11.311962071184979,8.75632623096863,8.961278685336977,10.146084080522849,11.219357721983265
3567,9.200676892099473,7.386996332848106,8.054360712919179,9.046266161718766,11.56474214445438,10.248909709513448,8.766943449082014,11.126171367893694,9.00126056554051,8.898249850245623,9.286122461736657,10.484258040531802
3568,9.564706220917241,7.56366402710751,7.917611028995301,9.413140413796055,11.510682078657865,10.317308198546744,9.020314965454903,11.177355664378416,8.871262011168477,8.930334340988509,9.535057842612861,10.391233464609419
3569,8.60399697359009,6.7606737317586685,7.883862320756411,9.737199460003065,11.878314834458207,10.24452703454637,8.230351211154062,11.346756638070438,8.644317482251687,8.93811664070179,9.156378640981341,9.985622493547616
3570,8.93793184596558,6.883439076659562,7.815490011814075,9.68832307970733,12.089492981874198,10.560578317817084,8.726933021987039,11.963584562166517,8.620097583504345,8.925516946221421,8.99319205161731,10.566264041971259
3571,10.467076187926708,8.080215527823608,8.107586673105653,8.53855043199067,11.130699405554157,10.420974147023058,9.876394327571397,11.317202262759611,9.075229184691752,8.321086454672706,9.754566134922115,11.3474612609008
3572,11.059945117533134,8.564598225075803,7.999063958872505,8.911020093457669,11.085529971309064,10.75440832018663,10.516631591042525,12.20161890607721,9.223766875531023,8.858713913563715,9.762740459800181,11.781912020364636
3573,10.56128032483911,7.925957784863767,8.099022896607112,9.388621156518457,11.0323067850696,10.691868313833254,9.496640008630457,11.678883797208233,8.849399916878335,9.204865225102557,10.083084092796312,10.685177694794103
3574,9.77508977698215,7.376850568933982,7.812637286375779,9.540858613746924,11.645871218275081,10.39137502094659,8.994309375250193,11.480720739155458,8.556476063448148,8.759108262323727,9.404213913722643,10.617481880023199
3575,8.411885102104172,6.648325756662219,7.828917875244722,9.740013726979381,12.293113018074806,10.137848733203494,8.104366284514445,11.492318856868101,8.583692026129917,9.110451610440876,8.88175029372945,9.991105755940135
3576,9.731650832051091,7.4931780556205645,7.852985660364899,8.9792024080724,11.164117094481286,10.396035661895567,9.26803239410292,11.266322064203688,8.836222104464573,8.551443301640537,9.387699008642112,10.911427138998825
3577,8.632043228860148,6.702175268079358,7.940141039869015,9.73469773368061,12.016424290618364,10.282912135500354,8.202249542118276,11.274679973537435,8.819822789229006,9.024276338165928,9.083109088811524,9.922614551922823
3578,9.103200741566537,6.95221306861531,7.825102665856227,9.426756323071151,11.615397806280843,10.400342608794398,8.69140519946614,11.294805514072031,8.846758384122491,8.905464734885859,9.04201947281404,10.450332128392017
3579,8.465236088568393,6.541378225789366,7.957654691204668,9.741924739066583,11.96849457035788,10.162336862681084,8.245382065158225,11.100769000195616,8.585460633701764,9.097804055759532,8.998266671854072,9.777370946909231
3580,8.684387201271452,6.5615363636149295,7.650193613511673,9.897242123179169,11.93266156579968,10.46971969250007,8.213611293783197,10.941744831944515,8.526536729214516,9.164185916430245,8.979598303030683,9.78588639739249
3581,8.88109209855298,6.670059834507898,7.7851720662544075,9.72269617061002,12.000529794289953,10.353504797474473,8.253382589455274,11.980442206251258,8.656627897903519,9.11958583298953,9.17604270561164,10.292929180130065
3582,11.009348089549263,8.580130526092784,8.042318604265528,9.126548213944528,10.33793828221022,10.749136217040121,10.735345420444498,11.7757023010284,9.1608079627419,8.839932862905867,10.258711492134777,11.155600674135169
3583,9.159842354886727,6.889259934503689,7.861783336791302,9.17089010218933,11.36328804910838,10.091243846864302,8.430135807111943,10.809140304853543,8.658932241274343,8.739620720987332,9.183003007604652,10.219832582808525
3584,8.748482041434139,6.595059260213852,7.958368818119821,9.519936086823092,11.914577737870344,10.115098913480292,8.188265869758563,11.251464011584527,8.64398404005022,9.123338194766903,9.266466659988659,10.0595430711914
3585,11.319769579075263,8.679603747026768,8.05357036242954,8.006409816937495,10.831773004171527,10.46653474641446,11.93390287759581,12.493855772494934,10.004149163037956,8.19555843412312,9.448616089552047,13.041928541424832
3586,9.322984810338344,7.193239727032474,8.20040252498436,9.174054770134152,11.736415376763004,10.496804241400655,9.114132703016434,11.472246649518183,9.028509649719883,8.590446452367951,9.384261433842314,10.536259764054652
3587,9.938362005352346,7.705045425222355,7.907413031373596,8.771531537090173,11.102013947002096,10.269829716856405,9.536192692277178,11.286837757741027,9.0831948796774,8.51054595146836,9.41961011254,10.968474028926837
3588,9.788070694929855,7.028509063157229,7.911936245470688,8.744501427764945,11.541251028898625,10.079649895073572,9.531881381738405,11.041186393471651,8.979103859439569,8.477792250712845,9.47420322649955,10.962014829724364
3589,10.777228243943611,8.240887848590889,8.318097787771833,8.287843370270796,10.665842361187462,10.575743876486674,11.631896698199023,12.432519354393076,11.507616573350194,8.201507038781505,9.451302842637144,11.877408678150275
3590,9.738164443235203,7.623346729744679,7.798377045540689,9.033252621047705,11.170677777556753,10.360351135432843,9.054449224950494,11.16116129526904,8.90183914125521,8.616821980615084,9.390306763998765,10.816657081299098
3591,9.477552976492273,7.012328411478944,7.88552776469891,9.232218761224992,11.808370394234014,10.514265628818336,9.110082523261838,11.418119933653056,8.863929159810535,8.706584417444354,9.33588401189655,10.976419763490348
3592,9.417349666048077,7.312115155627855,7.821918654232499,9.08450098789964,11.4344263455556,10.602410078049935,9.360227316432535,11.312253828287632,8.977619259730666,8.592477575630976,9.222186697079655,10.805935150903316
3593,11.487653519182238,8.728473364026488,8.071269900777839,9.072233077042762,10.133989738358252,11.251383624300487,10.904909638253521,12.335102699030148,9.36991667300957,8.628292764321303,9.77343027808702,11.169020210866492
3594,10.26312780503573,8.059779953213065,7.984008757504465,8.580257755069022,11.310514581719133,10.40882937947734,10.66475000847647,11.798092411379567,9.350192692473435,8.449395861027472,9.372083455918123,11.862373791832454
3595,8.06157551479691,6.498227796771401,7.839333818856614,9.411645907028745,12.406493937036743,10.206862293388745,7.813248815675445,11.80538822868734,8.65763893963752,8.987370599684901,8.749059950658289,10.359481502343735
3596,8.591084489297073,6.6708834519915605,7.773500516063901,9.065547881540029,11.70335425896004,10.172170261717067,8.20278115049878,11.169102503183275,8.608218994454226,8.831461719060837,9.065901361665505,10.63967894625948
3597,9.140946020522488,6.990264464998029,8.058357368918443,8.707193690227074,12.039575862351377,9.982239846940544,9.430538953151935,12.214538431097429,9.19413153686582,8.648963840691835,8.920627467981916,11.142243489012728
3598,8.803788337160531,6.775245900144737,8.029057718109774,9.101760029373544,12.351231876028422,10.259200819072802,8.713329781584608,12.052049281607559,8.766764691308511,8.97935298754297,8.991196546035138,11.031993703408833
3599,8.933550013210104,7.248865017154107,8.030341415459132,9.651232549141172,12.128992807941536,10.387258368538566,8.927868081752944,11.951720613624639,8.902225269364893,9.098918968440469,9.778900425258701,10.657966649620832
3600,12.056406297126411,10.384520479037967,12.040263931094845,10.414955838218173,12.838391733059776,12.738379417051632,13.155060489474495,13.566124713617068,11.356174176164322,9.820425231556207,12.645909067658067,12.430149948206484
3601,9.1292661559762,6.901845582226577,8.050396520261891,9.590216538465942,12.139708158634544,10.380021592687804,9.256055346120318,11.489712033323775,8.68311693579502,9.235019550945292,9.423004285242602,10.36838305660508
3602,9.977078482768487,7.718477642572007,8.177924643052169,9.1334237077279,11.670518016375695,10.58445944255506,10.644853204104908,11.974410705288287,9.231771282954726,8.915509396793187,9.289537036937862,11.30559933564026
3603,9.593213773131074,7.188400520858828,8.021938211078162,9.057827912763017,11.132678927069453,10.22286070101118,9.292145121296006,10.720919830106764,8.789679116505674,8.793958809030563,9.515576321878568,10.447348636464106
3604,8.658522365221383,6.608971268332109,8.069645999456647,10.132532590502713,12.461198708944789,10.400870315390716,8.415820960593468,11.324510716267275,9.019042207352364,9.229086511799586,9.125651192541753,9.77843291333732
3605,11.384994369604605,8.898906002897704,8.28294567721525,8.22900004886564,10.526533402622094,10.487096758177701,11.485524725748782,11.604241054568652,9.574548561661864,8.385007731852946,9.873133551744044,12.221412442731094
3606,10.559745524414272,7.744369426030587,8.144279244894577,8.81101377289016,10.800809739111742,9.892517370980514,9.201278640425208,10.588708340015254,8.773915618700475,9.075251999403887,9.878479765790962,10.26746465352062
3607,10.390507563322736,7.5656575906577315,8.298258762113843,8.940443531760526,10.977759217179067,10.01640481098635,9.236540229921482,10.494129387876729,8.83565765082987,8.761585717721289,9.735096334352235,10.843825043007666
3608,10.990355149382971,7.235918430652464,8.419415487960261,8.497017661647412,10.041721667795967,9.524041460405059,9.578385923832403,9.584279102549168,8.430721349540836,8.915456706492217,10.561569805765114,9.795161683715403
3609,10.706987327984443,9.004409237131803,9.372895645676127,9.930740151200546,12.145201233406784,11.503748874606128,11.291181568686458,12.670130821830828,9.561730606659994,8.985968115968953,10.410580970521085,10.962906263538578
3610,10.615135078860922,8.13192249755885,8.028532400958934,8.454917865555391,11.183602419031864,10.5541614688856,10.997087598083354,12.084984811420016,9.76211037906058,8.403330231001306,9.386187180488683,12.015481170787151
3611,9.123373068770173,7.11204606639042,7.921281453663168,9.10185350680683,11.455714070882603,10.115334132569064,8.860813724378634,11.317214332493606,8.798450784905416,8.710889733643683,9.194046190953962,10.303402709551206
3612,10.95181589580626,8.41683315029911,8.144745172669346,8.44225204411028,10.701686145544814,10.570865760638306,11.130226299899036,12.138872625011837,9.586237685543924,8.406609686421897,9.689402454639154,12.237925116313805
3613,10.879140133365759,8.40387637818463,8.15937215834945,8.539890869021079,10.83231080875359,10.687230811550467,13.182779134268923,12.30042607465829,13.851854774143153,8.330562565000372,9.546041229616659,12.269663518786233
3614,10.23838950406736,7.921809854382739,7.991184820753073,8.70262786251017,11.471043061619966,10.647835401901082,9.994617388341304,11.788357323125524,9.316078634479606,8.33272191376866,9.297987090468531,11.244003090491667
3615,11.216985130326552,8.62337956337365,8.185527138548213,7.956519028619972,10.904519219575786,10.689054449498293,11.16368004948459,11.873390482042918,9.483528482425795,8.045361018968968,9.52449659533994,12.29429615153218
3616,10.82060587309362,8.271636235622974,8.169838887378505,9.000517614308837,10.978294926341393,10.710016407886048,10.575282958703616,11.78724034351023,9.086842303314356,8.683924536810904,9.526345933791156,11.454681656800737
3617,9.169177649435248,6.750461063776896,8.109665844202684,9.204931224805392,11.36707107457367,10.204389250038354,8.80775432564413,10.755850650271292,8.742564558007807,8.78792955219733,9.474696247078587,10.236701699260077
3618,10.96490214159158,8.1624123355106,8.109567147824128,8.327565195059861,11.058450299112426,10.569520409399594,10.73508755445993,12.049867975496259,9.476933602396626,8.083015763271598,9.755116110212823,11.905758768607665
3619,9.597791827310573,7.569448884105464,7.967999047673285,9.048300497143224,11.23085277222075,10.459019632362228,8.999526509699955,11.148003066016422,9.045005795030885,8.46515238018419,9.336219466184676,10.69479869979984
3620,9.040162038769555,7.045755218724307,7.9922082073034675,9.115311780444406,11.436706355724414,10.381721749482956,8.856672142567199,10.902278605835305,8.762018606989045,8.822788760518119,9.38867157676011,10.694742312749213
3621,9.764722442814927,7.210967805345664,8.017133650047283,8.831459847610944,11.198992514121947,10.524553850511648,9.468694930404425,11.351409437703076,9.045505296609115,8.402453361387636,9.445177094010601,11.025666368889674
3622,11.013284746911136,8.354470436144611,8.154530250807067,8.588073765787842,10.830120858737668,10.592514165949964,11.512251699912785,12.431657604199023,9.805531974719226,8.385591953625063,9.571680462025085,12.465642208075483
3623,10.314176259844874,8.105826891909793,7.949921508680409,8.555706925008161,11.326182484366914,10.702134679179602,10.849467774361301,12.117408676618819,9.573159449625567,8.525766973664233,9.382526957650668,11.810981116761923
3624,10.118259661236898,7.751962059349893,8.042251013152708,8.735169842206169,11.128331164939812,10.29676086035849,10.176276394934522,11.719560586969665,9.269544111584294,8.516494494245924,9.576032615699699,11.597414885582939
3625,10.3092221133064,7.9899871372334434,8.241179228302922,8.520805026990105,10.939531174717477,10.431765435025463,10.221874624970207,11.788009987381358,9.23658717490055,8.139937262034838,9.378796138556314,11.380916422991614
3626,10.513913983655735,8.030748226902768,7.939434934439084,8.350621877278249,10.963449484771479,10.617068377613142,10.28888521094371,11.557196304529144,9.347043639027753,8.317772219689278,9.429109409188316,11.654126408555538
3627,10.558715963329448,8.164238957416137,7.982867250053306,8.548738369282031,11.007232040960188,10.487790989182912,10.283999786022427,11.675385233725457,9.25768152969925,8.41547529108518,9.388744774983941,11.638685775714881
3628,9.306775182884838,7.721277359531975,8.170403537426605,9.419442007709094,11.496522357120853,10.40459874860101,9.856567738046135,12.429245804664916,9.102287663467106,8.88293751836269,9.167680344272355,10.604352613074537
3629,9.494504586617044,7.7897820305497625,8.540040843378893,8.947643245417577,11.4248271026872,10.32005423734412,9.959951823767724,12.367373160800785,8.999805040164558,8.529002598647043,9.69991020168431,10.96311214337548
3630,9.123800410440033,7.548404365611703,8.252578662357951,9.74493914859427,11.902472652949616,10.487058649904817,9.542200211121619,12.085289854120981,8.93321266409414,9.103012701178903,9.375433163382283,10.153297565422942
3631,10.030320154940531,8.289634108287586,8.885274554178856,9.804426833953436,12.094259355154497,11.062223912745708,10.507521915291898,12.488690170692266,9.160653981904437,8.888180721737696,9.830059778305863,10.345397933681669
3632,11.340328423592508,9.138322918348461,8.625251465612097,8.685644344024077,10.643480965402363,10.557856182879377,11.34845478655649,12.509076432437734,9.857996663746135,8.735898416439891,9.939818788822382,11.504474121351759
3633,11.297449109891783,9.114150056671225,8.788044451444055,8.727501991068294,10.633395718543943,10.61170141485649,11.212022764122057,12.11265450716284,9.515357111468433,8.97665250123593,9.949276373612115,11.75226581120713
3634,12.608134403050599,9.435584731676068,8.286000828042408,8.04809301913658,10.340764763252597,10.289145766119404,11.832630154647948,12.212422909098969,9.682974029020729,8.422686243834494,9.888536885171623,13.48438026777388
3635,8.913933525686142,7.294488996877557,8.053055249232564,9.208151512917697,12.285387697875919,10.591767446637203,9.295022290084157,12.128396474561871,8.912293564382173,9.03788533968389,9.057020563264118,10.355227183682107
3636,11.573223750075035,8.662612473704414,8.276357132811452,8.661897387556053,10.189351150704546,10.510051220773828,10.35326213330947,11.669781666020466,8.907427028379878,8.732811043548615,10.345916821016845,11.39043915723708
3637,9.164166166403138,7.164891428126232,8.096576814320725,9.096102084138376,11.5401569021592,10.283403338553741,9.26653019849792,11.464533997398473,8.918728418428564,8.68611981296323,8.85950817316146,11.018820522904694
3638,10.192736895568792,7.562219154653475,7.938865146029431,9.329208768785486,10.834310543125849,10.350276024037923,9.275603406733282,11.309002448830533,8.661261758034582,9.142559049188455,9.815120219735899,10.487004514561292
3639,9.32454086625615,7.368134642938833,8.169516706917472,8.795932662469546,10.872168330206627,9.99265404195849,8.867060003378757,10.7768556904803,8.842186346200151,8.325667557905103,9.4096451503091,10.290923335121564
3640,9.226083012820908,7.394422802912274,8.393321804556612,8.910496462003104,11.657062561972115,9.92487986789527,9.478468453657818,11.362436154129517,8.856424208468122,8.590564007878541,9.878549699864397,10.259966334249379
3641,11.702094722933026,9.023323575159804,8.357529156998103,8.952763644750203,10.709154397991371,10.868571987930785,11.14916194459924,12.751016984606323,9.77712076681809,8.443416128234364,10.070734918224122,11.468063698042116
3642,12.293649883003297,9.672635984179664,9.130573380153665,9.424131310184261,11.125528679494632,12.270040030081944,12.404764604066465,13.607157863222037,10.121478767340928,8.446354790237244,10.506177397421853,11.94894565033509
3643,11.09231454817199,8.594646959482354,8.085520632139659,8.59126363193094,10.910268407792698,10.595411511405201,11.608965015764788,12.32494480969298,9.82501056375132,8.377604626067939,9.372303796397485,12.414300016033494
3644,9.06967960489688,7.192517395850883,7.847090589237883,9.17906083287207,11.462535536903879,10.27042809002229,8.823073098417252,11.338659467274152,9.048408737013247,8.890060787290338,9.061490554026307,10.485124607232482
3645,9.983988364078243,7.987745435985039,8.03322697609972,8.464853231559356,11.436086570945196,10.3799707223659,9.880487549777467,11.580789169400683,9.358652309298176,8.501695570584673,9.256274364491423,11.312891202957564
3646,10.489771638873265,8.020938295619738,7.988126138237983,8.51181682265985,11.044855305194485,10.460593957520217,10.649119816871075,12.067623567864207,9.384263754395008,8.376055242091294,9.363738297778106,11.866479290528167
3647,8.882002910551273,6.907362702040147,7.877836638070814,9.383175958330503,11.586317324644199,10.21634213679388,8.424858727034344,11.334123174487893,8.778185145824429,8.945476340432554,9.08905333385802,10.058640166717595
3648,8.729177758353243,6.665225608841615,8.044815794256813,9.406272853152128,11.852889008278177,10.090700884481969,8.410822909640205,11.466937402072434,8.65785933446166,9.145673611087023,9.022377941170173,9.936418518649266
3649,8.276857489204392,6.632175956312699,7.690216798245769,9.542609130502315,12.111957460714418,10.258527310088834,7.865358035043617,11.32305289941618,8.53804440365091,9.281938931296626,8.944504573043305,10.195546526965135
3650,9.62287441932761,7.379074973966603,7.95523766935759,8.853081453178236,11.217176698061923,10.309893791341498,9.132050335085228,11.05901969328919,8.691569887040904,8.725637639297597,9.27174699302008,10.79119966967573
3651,9.880700155821032,7.6525053123956965,7.970163399392446,8.697277866077563,11.14915493297076,10.279343673271878,9.723287795727275,11.419015624666176,8.924236778904588,8.442341800317365,9.394409872610717,11.138296430323209
3652,9.778680661643811,7.235814351499019,7.933222569006379,9.10004308843369,11.424392044775622,10.048272620092142,9.702865683806758,11.85242913134002,8.88215811742652,8.45151305800638,9.073206224781138,11.057510220916203
3653,8.750139289178184,6.762310457115495,7.761830086942666,9.350554025329695,11.552965340070891,10.195980201242326,8.559337432655424,11.313837782671436,8.460637364144063,8.826584574906551,8.892067381702631,10.35236827534791
3654,9.72258353024814,6.993586813666402,7.908034276714791,8.757228241232262,11.297369459457183,9.954173745822974,9.202388044278269,11.217304684426399,8.797410076944736,8.35281354974643,9.177536039828427,10.841195110666998
3655,9.099315478482307,6.862120438048594,7.8813552160949385,9.072988728911906,11.742279581871578,9.899269152301423,8.621156624382728,10.98039643314946,8.687816626931527,8.466418259533304,8.871280150686944,10.68364532901211
3656,10.348049558688624,8.281831669512911,8.118259715475247,9.093416520676184,11.130480138063518,10.745934711170193,10.041939478180856,11.628263596702528,9.022110773791468,8.787318141337112,9.58100993496204,11.090066337950134
3657,9.97323150960831,7.561269385190321,7.984196383713056,9.119308325347236,11.598174790866818,10.525096952600801,10.027918875676875,11.426925176004161,9.207569923524872,8.535885758088929,9.70182586424425,11.461393583367068
3658,11.439546832487322,8.5850023057151,8.193539843621645,8.069728418364985,11.218946365870817,10.755869493601438,11.888073529016514,12.723828495064193,9.830707301136776,8.241292363737525,9.66316765642723,13.028017770042556
3659,9.653820811170633,7.270598995104294,7.901547477393697,8.927553892691067,11.78541745199768,10.355140469650062,9.32251560193793,11.470146853848863,9.10857191848728,8.534012332943213,9.296362371136402,11.003500457200692
3660,9.2459957940397,7.41863623877358,8.170627258557342,9.44714992498556,11.962319916950154,10.250670559830853,9.318101985986733,11.71677520052153,9.152887720496791,9.029409102641996,9.751077397854694,10.846324198478026
3661,8.731610169266023,6.718945837057809,7.951239355105317,9.479558857725799,11.763121190915324,10.166924278092187,8.440832016164656,11.358871953153113,8.595240067670964,8.987563008866866,9.164709566848092,9.773563595415611
3662,10.541230972705279,7.606499210115074,8.57010011306684,9.070274230175912,11.393523241651625,10.58502889036389,10.540302100016397,11.416028560473464,10.091827059046702,8.369258196960352,9.662373606996173,10.985040525081473
3663,9.63710939103409,7.23239080281401,8.046603000936614,8.988890420972556,11.994107914848335,10.399697842421912,9.42317462882988,11.24004251140678,8.963074993577713,8.482050343139932,9.400687031284058,11.000077664823733
3664,10.158155471422868,7.697523053539143,8.061910493690316,8.878366786278539,11.191105327126792,10.312293268660229,9.76671580643168,11.396626887091072,9.052647080412903,8.426114686550763,9.521949774242588,11.145195001715747
3665,10.587530380074343,8.264866707818399,8.135741158060082,8.746321394776963,11.059527924904618,10.734243324683852,10.745262925098924,11.65983848621178,9.383938208201926,8.130636907572923,9.540695791936692,11.718669952160397
3666,10.087257551723887,7.568569171885242,8.432644769045185,9.048086553554022,11.280185744553595,10.215252429564073,9.996338261611621,10.786847166473837,8.861942103313153,8.366329643245244,9.425277752496333,10.817409531922056
3667,10.382365580963,8.00238566401958,8.008376554563409,8.645208767556344,11.385248752975398,10.34787068176541,10.11219334460094,11.74676505956716,9.261858308216075,8.282400732027778,9.555071525675533,11.582851250705284
3668,11.18160792704861,8.286558612340347,8.189998683587572,8.468471380332058,11.058083425717264,10.670566823222005,11.417844042331222,12.40970678152022,9.711444979129634,8.196644361024136,9.635561950312699,12.52438636705322
3669,10.470056387528164,7.769576849254969,7.953317774063653,9.027511365334812,11.412296643318982,10.438860757347681,9.973721943781134,11.641878375659973,9.274265328885036,8.379773817697949,9.725998478354102,11.514442339574474
3670,10.859739026612383,8.385504760790408,8.244529167252134,8.066032895515239,11.40019740184865,10.325005293929479,11.416187745937012,12.001685350406177,9.703042835312264,8.34696387123783,9.542318924526043,12.1121132696396
3671,10.895815943086792,8.175727454156414,8.967677242311055,9.090644283530729,11.010744814722536,10.621335809383076,10.568967508202558,11.46736383166339,9.171934683083883,8.533676700615917,10.242782372901047,11.178212510532857
3672,10.50654383645636,7.997630001925737,8.041174603360068,8.742299028103776,11.48474837384827,10.398162547821215,10.338051559905173,11.644305846328635,9.207748255647735,8.385951828996154,9.686370144137468,11.358707861702813
3673,9.959239251985194,7.734363505937159,7.93716784336504,8.92237560137774,11.327486882539027,10.405034517884538,9.814219380181344,11.679096673765308,9.241447517435297,8.474122327477126,9.63209417509816,11.410993349134321
3674,10.224450277628714,8.065648486351705,8.126760129401777,9.106725004488709,11.348291285763427,10.262797344992322,9.805484535223922,11.543369136745987,9.367851607257942,8.415363675115605,9.84277818531408,11.441551679717648
3675,10.645788813847723,8.470529899654228,8.474057035684895,8.649586488813231,11.268723505215878,10.702883518234106,10.432858399294819,11.84902044378661,9.224728417931289,8.292301864147634,9.795572545647577,12.29065678734797
3676,11.739799498146146,8.117108124244123,8.51531542631313,8.632749175936347,10.384993949299744,9.838715252337451,10.657280735009792,10.485782948645122,8.988878036437404,9.479035820092255,10.618853537146991,11.160490621231073
3677,10.127332589060966,7.615965722477824,7.989800373597413,8.858811735105977,11.161003570146498,10.585614645626864,9.569680345147077,11.64669171683494,9.193718795293877,8.534563216537222,9.340805244498338,11.34164476449738
3678,9.610288222724185,7.616796458115313,8.350414293136724,8.962110956515797,11.64950002491898,10.676778359443379,9.465729503745141,11.477936800620515,8.982777753548532,8.613872684373248,9.536476009445925,10.79924400235333
3679,9.805832531465924,7.387651884020325,8.271197370885911,9.16151081553736,11.341498492300548,10.272921861229577,9.154049354980879,11.049228216371443,8.896809148618342,8.511627664287223,9.474583309864789,10.493400340263971
3680,9.30182184719923,7.024517946236296,8.407560003971515,9.127372221529747,11.618762490318755,10.569734520132423,9.132551147846959,11.155161447931963,8.901219719647754,8.310208354450468,9.354472171793413,10.302287715353806
3681,8.568657283588145,6.668602919246606,8.102154797640683,9.24727631937604,11.82464674975016,10.368147046137096,8.65005651121164,10.756681210501931,8.691043503551793,8.58474053544931,9.297442439145696,9.849578000605517
3682,13.101759914524852,9.945149569285352,8.386950249144952,7.941466369181517,10.291807036889308,10.718236709634175,12.3705503230339,13.085854851842276,9.950679020652307,8.788974588465978,10.088282874428524,13.399424963688995
3683,12.571541252658909,9.57309586557261,8.543327405146675,7.876141783946536,10.697408806197805,10.54081749529255,13.321803426487197,13.195487256540268,10.329446313837074,8.051625279674857,9.731522696268408,14.168403008529392
3684,11.090190080563776,9.044842712197092,8.37014296788771,8.846732618116636,10.754884706657048,10.69738482832416,11.349259667278869,12.432880654441755,9.638436272870909,8.426170436933115,9.663022071638034,12.57562852834925
3685,10.132195716981268,7.429691170812139,7.998113552146353,8.347979585243037,10.659357174130971,9.778068672300089,10.054914893690938,11.627507536274528,8.856066796985926,8.428107511653824,9.4388256691113,11.224589166322996
3686,12.059217553405935,9.280105440576902,8.776354403712142,8.038852244457942,11.146264437134297,10.440009230170073,12.214592208878932,12.749450154708985,10.014320441069897,8.33012533658688,9.609667558785391,13.672886512566505
3687,10.436431285142874,8.178099476683393,8.213342679329692,9.192226978281745,11.244706989178724,10.58510333265846,9.959173830983673,11.963041535049275,9.533055594295828,8.90583837020742,9.525789701016382,12.075439042734107
3688,11.463899135982098,8.898560666796001,8.646891785725517,8.399479214669537,11.233656156509717,10.69410095830991,11.326288718559539,12.288742792870597,10.38199712431492,8.26454907309422,9.416657291389392,12.7298879709931
3689,8.71132253686001,6.837624720705754,8.071089151051702,9.922154196277692,12.094904630872115,10.265109313077328,8.50747889943391,11.563463645471446,8.70663394093858,9.129573995732004,8.920730311627327,9.984012682535822
3690,8.555761282293128,6.6862670290828365,7.9636949382902,9.26174909912136,11.623393428361165,10.265916294185082,8.580291779857284,10.820904003280543,8.793411357826592,8.828667259340012,9.209411881846908,10.16797279636198
3691,10.241456034999175,7.603523536217541,8.006214606535071,8.774927989047134,11.090764433583251,10.457603617697249,10.069754665796498,11.594993186762048,9.195679810032265,8.295637268144358,9.419620369484909,11.600487860727865
3692,9.936832556941194,7.415929792362851,8.107283146328184,8.789921684573779,11.634926757369183,10.537603372567553,10.07486103974816,11.77495398098839,9.37777992963431,8.743127296254364,9.487881702118479,11.343914500704756
3693,10.042337622273875,7.470489353145529,8.47801523584205,8.898754423386071,11.487596059772589,10.499088173859525,10.430389832619142,11.32105031128045,9.369389322958032,8.302901764201074,9.826303092143645,11.248445976981372
3694,8.301403290900355,6.375918770566832,7.822835559522855,9.641138004909706,12.293518719948317,10.2183172116952,8.433611024907849,11.189134108152338,8.626609610602966,8.870144928329223,9.319332838957264,9.87161212410195
3695,10.907314880258905,8.370459452763447,8.344701919789012,7.949016730902254,11.390039940104435,10.226831878149195,10.784912680097982,11.583309371182803,9.35774478840885,8.098428203738552,9.773818977586954,11.721741972157636
3696,8.753928728682535,6.680572652377655,8.398583668203448,10.035368022362965,12.285348056490989,10.428006293937198,8.288137662479336,11.608402336021658,8.918026674676772,9.372253714968375,9.318497034541421,9.802773998508428
3697,11.658951537822482,8.69977087352151,8.270530254274005,7.692748101437707,11.041064989246685,10.272819032108035,11.358548411348055,12.106809665057895,9.598972529815367,8.263823079159105,9.687349372032509,12.284740282710985
3698,10.657672386671056,8.352387916540433,8.140414376698141,8.403813038786375,11.074870618913792,10.390692101552993,10.684731734650086,11.941966293184443,9.485614285631828,8.431125910165878,9.645918343396403,12.103258428954218
3699,12.009049200042433,8.915372968247333,8.247522571011897,7.94085072324288,10.673427141517482,10.516639900849373,11.978923235181398,12.263129909980798,9.868815196672465,8.06256451876172,9.418712049854461,12.693168994152185
3700,9.854608337822906,7.750376420707589,8.070504544844542,9.068454298204655,11.625697615037712,10.216833966750821,9.793970413333863,11.664377632520113,9.379248388965852,8.688825553271855,9.594067475515144,11.062289748433578
3701,9.400429837102777,6.700036356836639,8.008490793315953,7.6696634900105245,9.573653906793188,9.055370021338371,9.293421920602306,10.148740179182736,8.480129963263092,7.7790629701866685,9.74255930451949,9.205928533095047
3702,9.960047581652692,6.8316482289376,8.064828504350796,8.296126926966208,10.152008541630732,9.621545254812432,10.15766104498644,11.214335433583948,9.109269577788504,8.296676840887393,9.567832655080279,10.146739902545564
3703,12.017055553975617,9.263420571864975,8.594230975180167,7.839190836944548,10.651490901361047,10.361841435649943,12.933072743634039,13.05148360668761,10.31873178539577,8.042617633763932,10.008812971472336,13.860451106191338
3704,11.783534439849117,9.291740297105651,8.531285859916489,8.617648917745946,11.054599348965898,10.984543476575395,11.759976263776505,12.866892070321693,9.730417041113993,8.728999699816645,9.80035199568869,12.729459107181007
3705,9.747467792080197,7.30364672770373,8.422447031395807,9.540401257106293,11.542556198693834,10.572607214035985,9.550613850817724,11.696206996486033,8.854763457647586,9.040412443459832,9.377941829150892,10.301518713234154
3706,9.440122159647625,7.049210074490084,8.012464553176097,9.091913672806745,11.290725515768838,10.234758305565519,8.3835698298635,10.948122650404681,9.416921767360147,8.674692691792972,9.42986588828475,10.445612629772342
3707,10.561155874997455,8.465491105756831,8.354250120967372,9.023646403659079,11.31512044797695,10.829279378527854,10.106415371748351,12.108150721133473,9.662721869341425,8.291914198109378,9.58106026028352,11.574413695858981
3708,10.098883410409478,7.626151171503225,8.389364304897889,9.465031928048415,11.401113770207324,10.445931134498728,10.016850369210157,11.181118949659664,8.99964965512877,8.715051299502125,9.695200485045614,10.814994664841594
3709,9.041942894379712,6.789099547847437,8.270772260488803,10.13280649069855,11.911895790659901,10.212923924564844,8.592535151947695,11.391885452695298,8.980584354051436,9.282696057388998,9.222838118827884,10.049535595199114
3710,9.463477487393078,6.895979491139546,8.352102389108447,9.734536720553528,11.209047272273938,9.921182925990301,9.557578147520882,10.449515902134047,8.306112140301579,9.240919442451881,10.064534946715646,10.953871618928286
3711,11.237926467914217,9.092677861449612,8.269927946666874,8.080076742490128,10.823387984683935,9.955883410705974,11.641519177375237,11.775330346817476,9.298621718214275,8.755577034022117,10.326323433980615,12.215953690217065
3712,9.08425503809194,6.958801846242492,7.801607450134055,9.374563409181578,11.898603991921199,10.370773118858267,8.838146854780254,10.471957176736522,8.81643260970061,8.486410478136552,9.13910903519514,10.272786438914745
3713,10.201044749301257,7.7501358921650425,7.999949325272565,8.547049539468501,11.508888711793261,10.367347570344425,9.86859168915006,11.52081767685184,9.357555371645352,8.463546490524951,9.451146273972277,11.42830165174756
3714,8.39590706668015,6.274347205237106,7.96437181743391,9.390161636817997,11.503874113634753,10.051647694599076,8.401607183114118,10.373081370524119,8.856673927217589,8.59972465488048,9.347368015265403,9.868725748507742
3715,10.403302994479631,8.151462255593767,7.908730716340477,8.467068344960996,11.167584959382289,10.725631209335926,10.560791392034606,12.11449566507969,9.279397344441467,8.579787210857237,9.265491334607896,11.85485339662765
3716,9.901273078764183,7.143146231335187,7.908538096951793,8.813245865999125,10.959595018601625,10.029712272122676,9.665535225530054,11.414826009216608,8.958833861209072,8.431386180466554,9.177595644689514,10.954542446412496
3717,9.34640769330176,6.920629687248934,7.861426544148251,8.953302063602429,11.574354450306142,9.848642386595706,8.911806303024004,11.49045182465486,8.80051695236638,8.633159046699962,8.922051846532838,10.85279408125091
3718,10.590935314439626,8.263225046456695,8.310346333499405,8.551969216417172,11.007638729023359,10.411506169221951,10.637419436310685,11.769903595852195,9.436798554592565,8.291706310155394,9.52443100405768,11.849805484120129
3719,11.184186779592764,8.600719538699096,8.188355199679235,8.172251430441674,10.895122128834224,10.666711722060247,11.961626665902177,12.451518588164513,10.017288114749743,8.21036889499511,9.535130041471703,12.810869184020726
3720,11.258291517660066,8.584843849851286,8.104940061971309,8.260844552447349,10.970333589656864,10.768273942887891,11.761698056726548,12.353913865465683,9.699305112599394,8.130939330390742,9.484681242330446,12.553130469894572
3721,9.943700095568918,7.351798838915003,7.805930388464343,9.059121769974467,11.222016192548402,10.496555940842956,9.63393114790265,10.924785070736771,8.936846811232023,8.598466837458748,9.366844372007595,10.922480884964308
3722,11.937369864461248,9.56822894860002,8.351784147324889,8.051944540275004,10.33949611395548,10.371713259416351,12.65500098703881,13.081357293668393,10.096720407647723,8.273317787300915,9.97385641586444,13.430553922111624
3723,11.651541824642411,8.922212644322123,8.225092601346255,8.608414136742967,10.347637211176071,10.909914424381942,11.725793724268186,12.790830283290331,10.090300782447422,8.57980514210578,9.984100641389436,12.673059466161472
3724,8.973818378662475,6.671949253483868,7.954776882982156,9.351256638039064,11.90883488506067,10.306970030378348,8.806753270990315,10.699925439798552,8.73334069244483,8.807537373954322,9.616222031473754,10.051007377996093
3725,10.614759523237053,8.030826009767484,8.091515211522267,8.98456973682493,11.192059692176084,10.464933773341908,10.540019385549924,11.414995578760493,8.98611102676453,8.462569313965298,9.236487107197732,11.43385197538396
3726,10.014247915273943,7.299618857159487,8.321796599350069,9.473091278693936,11.369182849680492,10.395258709878686,9.491783412667107,10.966177578780638,8.728334729683157,8.798787263744895,9.822409521622458,10.734265712577301
3727,10.811055724504119,8.434395808042435,8.287485725523528,8.512367849742382,11.239426314810732,10.459158575414499,10.093378124943687,11.430812399674572,9.512395581931763,8.427796548163428,9.56208276162545,11.79623050174364
3728,8.60245549610825,6.584683601812467,7.898483049259869,9.471419158604112,11.819264253871353,10.653312265465459,8.438216491766955,10.893127073266111,8.875770028296193,8.82516859160874,9.197800915388633,9.752485198108122
3729,10.567681556581185,7.582261773943099,7.994562300114071,8.23124941972166,11.138522433482336,9.747135246172054,9.971754623290146,11.184455595665014,9.106948055672621,8.039632990064039,9.203890990780835,11.295441254090928
3730,11.246304644560405,8.22105955033941,7.974992415103706,7.9330991535592235,10.22444086712496,10.24593750271363,11.282587778480135,12.070693394095684,9.507821700449522,7.956621315587405,9.284693063667008,12.360823994875144
3731,9.495594706075398,6.96423631407308,7.932648117511626,8.862664031915646,10.954761894418725,10.115290256506963,9.48955333561343,11.6056433873168,8.75976227273016,8.3405386381158,9.088892253100736,10.955851342146907
3732,9.923572682789695,7.55810810605433,8.079240540712394,8.718972311023997,11.70980906769485,10.092927613350094,10.202558524139828,11.269981795135328,8.788919568572178,8.351385990214652,9.532162561115571,11.25281527619531
3733,10.129006720088498,7.291292614471651,8.086030780249585,8.664797290255217,10.74257500763558,9.746843179572448,9.29969250800977,10.806981547800696,8.608853866057657,8.629830153638718,9.26876628559836,10.929587877014757
3734,9.945281407867101,7.366911490913468,7.896536861598513,8.543924208684253,11.455312702648943,10.25271822499898,9.543227803003848,11.631201061477338,8.748329058265591,8.471977083005068,9.245130093651811,11.195266779597606
3735,10.131567923916169,7.4218750577629375,7.903880494697908,8.490798684355806,10.736165800239807,9.87749534225098,9.737071469917382,11.564488561539385,9.062685536290044,8.279056860891025,9.090262044656765,11.225798057349104
3736,8.106233031882415,6.319047088275475,8.209337891902441,9.136052454025254,11.675601073659688,9.838867751859956,8.400746188921108,11.021820165359465,8.63011311690834,8.660425853602781,9.296132663144125,9.818624245393675
3737,11.385740761839594,9.266335403381197,8.804199660412634,8.447124134913649,10.724452726345143,10.99990726315648,11.815953815700947,12.644525316229139,10.063537796901,8.714445335185069,10.066147001863115,13.118235119934724
3738,9.413107011360761,7.097926338157921,7.975130455569073,9.29904953501071,11.623936141330752,10.480711277220191,9.089360217735312,11.654219696758904,8.883157403244212,8.722605712288546,9.24458131580528,10.97623988344531
3739,8.937057799635797,6.742424002557675,7.657538018732649,9.701432867233658,12.079270832055041,10.30912471587615,8.409226860419137,11.747025024781145,8.338513297082299,9.153415686383942,8.804240451341489,10.230496899300878
3740,9.140749415749557,6.820403182702941,8.492633186601392,8.687592106647996,12.03845986052281,10.060104437976037,10.21031799472524,11.702899867185899,9.222152265530081,9.023818285219013,9.592389706902747,11.232867474972977
3741,8.761169782633623,6.671682489232963,7.9446451196648855,8.803260604980878,12.571204959118864,10.054488099475059,9.036303836912365,11.931200366034687,8.835414979676838,8.877784470982117,9.136481385137738,11.413867680883175
3742,8.734672842391973,6.593378869362832,8.09432825447185,9.62716780981375,11.835318164790376,9.985748361522957,8.193859077776477,11.388286848982279,8.607704351838931,9.025641996977598,8.835534458143275,10.007542288854259
3743,9.653426116170134,7.182621729110442,8.480094184155758,9.754242297670997,11.474285074089517,10.134370994076576,9.081050800651152,11.182591476699457,8.985334730046539,9.091758913725355,9.78132183946243,10.289602240874839
3744,10.391439379576042,7.950719989570111,8.172960462233492,8.396001163190409,11.395066972570678,10.543426580135014,10.511031649498232,11.91896431443761,9.421863723654436,8.283931282866613,9.261335240025717,11.862743797692165
3745,9.596220590034552,7.530787706196611,8.03858830318787,9.240268555726267,11.85578146880799,10.507771083623252,10.297425175868455,11.874753863373595,9.590401974968621,9.265175363191151,9.904021482116411,11.033809783633355
3746,8.780486787475278,6.6001275132530814,7.969382492001886,9.748746076684988,12.13067961277362,10.34528040179054,8.436744227335671,11.849196678231602,8.493602784116801,9.084804725339843,9.303162990224124,10.401381019727307
3747,9.723320678214867,7.418502566982191,8.033390520193878,9.07840651881761,11.522550545058055,10.413904465535058,9.577364091054664,11.684851827107302,9.117239083394779,8.833484757243776,9.38859151108796,11.005994915920542
3748,9.124778322832189,6.905309661970398,7.918896550429423,9.397606134799146,11.631556389046612,10.231224250647717,8.54322188694768,11.171233456838271,8.851605525983448,8.806080201478048,9.292529900406496,10.502904718059328
3749,9.528596167982181,7.340301544607523,8.00933127529818,9.094137118253407,11.481004179299289,10.324271586350129,9.487544838064565,11.487255307377023,8.982571119306504,8.747414385188403,9.430244504292878,10.85103841681066
3750,9.116887640494882,7.16953621198051,7.888700052367435,9.39169678045992,11.54640434105119,9.912654355895214,8.921263844985017,11.192557967928488,9.095427907280062,9.044474324394146,9.282453482838118,10.358557246633241
3751,9.955076430886173,7.660978279669584,8.205683407279892,9.452496434579988,12.183768950954033,10.199224890795218,9.877106340306899,11.153292670457137,8.787321482870984,8.80597756584984,9.315456899328877,10.78652119962933
3752,10.54275809907114,7.535532459849903,8.774559964419295,9.04941781907788,10.964365756290618,10.029191181572473,10.04485586406053,10.282608661195322,8.59946026541343,9.054888007591286,10.499117398181792,11.038967851811169
3753,11.358968525938158,8.729332158025802,9.26620292129418,9.400157807488927,10.811512590270961,10.654430607418298,11.995981474062086,12.629733559421375,10.00358173012631,9.462376010795257,10.920308867145373,11.96313908715959
3754,11.017556500002275,8.321163090001676,8.428579762861327,9.212003899586042,10.923501850904938,10.630926551001988,10.474574711852004,11.920777596205848,9.708512886576862,10.14530473841618,11.34041930637905,11.299490035316358
3755,12.409717255382805,10.368701717143292,9.945778244984076,9.701919255954582,11.830685651297808,11.989525241133986,12.392879535539134,14.2745671768979,10.191464168592926,10.375775793721168,11.517265207496852,13.531004773721417
3756,11.951406121661986,10.330719210473635,10.19427879868882,10.294562166634936,11.757394530045797,11.997585472064756,12.765514137862489,13.46696312388503,9.865636522569227,10.894011166066521,12.501419234109976,12.423415970140699
3757,12.877270327676698,10.707974836912777,9.733214605128556,8.777031939710637,11.739243305787593,12.007289677812409,14.807957762324483,14.466588439574618,10.949200591628863,9.042886716803391,11.190621165890317,15.113380465037263
3758,9.973796076442879,7.413788928218659,10.018897525616882,9.392215044838585,11.258327039402698,10.268876895780737,9.50614732946769,11.06614451298358,8.81676498626258,8.919181072549783,10.166665896269715,10.970410594649074
3759,10.342464648961895,7.890601424398099,8.326612943581317,9.157082933193063,11.250549888072724,9.975243913286295,9.329917892286193,11.019904906918082,8.683326198598905,9.314941297990533,9.953847652720446,11.062127265035935
3760,11.305993823474676,8.186295998201,8.362562002834022,8.525051329507217,10.330855664727233,9.908352751102829,10.046241790464478,10.581672043606378,8.24013822452199,8.971371971196197,10.254298099049365,11.42637638090121
3761,11.053683740875567,8.536969507481246,8.182632269128405,8.521194420760404,11.018050215976725,10.599230283231744,10.857875957717606,12.269027542817343,9.583765727119117,8.498590362559291,9.66374661285479,12.087285694535323
3762,10.327216189680438,7.742953995574672,8.215753482829363,8.866959466170758,10.580498979390269,10.136276667943058,9.663097345835965,10.918248889735011,9.626405941982323,8.903915333536244,10.006244625894254,10.610449939416357
3763,10.700188406259382,8.291739607606278,8.58023033425766,9.965969891690367,10.984432628385084,10.517153028838282,10.562757347138831,12.009332513805965,9.083514150981841,9.642478689243593,10.858029213266414,10.873988447277814
3764,11.974121503962348,9.568101197268815,11.619507551594957,10.497449308606202,12.553999580833485,12.330144791682542,12.69886658526806,12.704010798893211,10.806998443195102,10.727812049166864,12.451546487887398,12.156165568497082
3765,10.394999761907101,7.859006483617252,8.881875537936267,9.090185368578599,11.250812976242205,10.293119319903967,10.061518622398005,11.423967922705334,9.368044430155507,8.928125245733813,9.53055514130584,11.250562228336609
3766,11.346238887715085,9.064904822005111,8.77253143573582,8.565172929467575,11.260092365457776,10.694015360785752,11.854105310591073,12.915228617327866,9.869885173495113,8.33238194944851,9.610323711402302,12.654539598032546
3767,9.75859927659058,7.073057778526006,8.256869705639723,8.557957973718482,11.057524268314143,9.652830909215615,9.038028998452448,9.97228801908728,8.423980667292204,8.874293391385214,10.075713298718156,10.320538529684349
3768,10.899525241346565,8.123310183607233,8.441161817382197,8.986440498011401,10.97090819784346,9.849139260739022,10.057882968934587,11.002070119589192,8.857461318647935,9.753525195559217,10.588752350914628,11.01976882791897
3769,9.532126195181469,7.370459180667099,8.399046075689297,9.285890118483561,11.427151525986723,9.91844710662194,8.85200722867743,10.80555307389935,8.442713632812314,9.678313467389305,9.54509553813009,10.526032874481238
3770,9.317603972134297,6.540103139207742,8.19108841354665,9.361538312791755,11.693964750687812,10.292628585315631,8.743117329939123,10.277246881422801,8.71115880244523,8.808481775760654,9.395353271354882,9.74295933897474
3771,11.216503512210352,8.875618201017822,8.279209248367858,8.673879858843069,11.2961270875252,10.599752308074125,11.79417785298633,12.547356848448562,10.225350685769449,8.498452989850794,9.950708849488255,12.742046277157321
3772,9.325348553301971,6.873165102076252,8.116690956937125,9.074370546665925,11.344519076842905,9.994060517514594,9.044435015780174,10.333796083314791,8.64928805945567,8.823744108137475,9.465955866990171,10.160277784037337
3773,10.75062468348149,7.894486564460888,8.267688723247915,8.73436466522581,11.09720765237924,10.482332555352343,10.485432224045866,11.54257244605762,9.234368297257134,8.343073753386546,9.521642848348769,11.488191578075536
3774,9.243357529862681,6.970191105649272,7.944184999220994,9.030804272106874,11.391189430790195,10.146626097960478,9.312733968947446,10.679401625407184,8.676281332473422,8.756306663972593,9.39256294956172,10.384125196447936
3775,11.114985325576086,8.390678347697328,8.066272323977717,8.183864095321134,10.57894050559081,10.242061406945567,12.060461384872754,12.024717792768126,9.512085868048766,8.360715231953082,9.586183272820566,12.332075939300212
3776,9.427623807856424,7.2047508456339795,8.117074544963799,8.857364451154822,11.238625186429708,10.142309077501148,9.75094248880659,10.965350910364638,9.83951615499781,8.62437514244133,9.598991785679496,10.47385942106285
3777,9.973358997164453,7.495800413556516,8.009769215278347,8.32704777566072,12.538415584084532,10.06234710725001,10.483440758773853,11.556843406913462,9.148122373120087,8.428222190687244,9.346123202703254,11.227683781154578
3778,8.802212500405966,6.891938497805619,8.10240071958015,9.12096060506345,12.304083019044025,10.308994155449358,9.259035722558817,11.59507078740534,8.988682732904909,9.046729137873168,9.406576632807607,10.17915609423622
3779,13.380228005979031,11.139768706888695,10.322753191128992,10.00539421765338,12.489704862804626,12.788944822171594,15.340779561646809,14.920057591392576,11.664180181699317,9.339086402949707,11.408025497197315,15.167141517462696
3780,13.392809677431806,11.327692393211713,10.845748044493039,10.32439999316925,12.3570024506217,12.787245237747628,14.119847662536518,13.951531202079131,11.139686348434171,9.515401392845309,11.544408229913165,14.475240595634304
3781,12.267570598543925,10.776283721982008,11.025390205692036,11.263133018925883,12.63684606452942,12.51994209866369,13.14412269205716,13.277091361510116,11.004782489439592,10.620784202440348,12.482488851813844,12.631586936876307
3782,9.27563112701134,7.50324542676402,7.751758159276225,8.952470837481329,11.82671495410095,10.267971163450042,9.343836809898493,11.611373940336044,8.616304768002324,8.730229254171057,9.193937383009464,10.489596624686396
3783,12.964367521770287,10.14124525358283,8.74925172320324,8.352981287397474,11.166919224556814,11.165152215532851,12.597560274283415,13.19142946370995,10.167292944410411,8.442244117111422,10.038095338050464,13.791558643042212
3784,12.903993364471535,11.052588979513246,11.459562783270599,10.92464276804255,12.753617664105477,12.805197427975163,14.099835535735853,13.917144625169717,11.416933138023868,10.3753279067756,12.188474792236528,13.16117785441485
3785,10.825152072849978,8.53814098212061,9.255503164873032,9.591153719210844,11.30565150557017,10.769550616781324,10.630952000331288,11.667314270922795,9.487560524914896,9.408197117042082,10.694434986372846,11.34153540386884
3786,9.407878800538548,6.97346620743113,8.118663188987705,9.560265767601509,11.497480253135151,10.347773097430826,8.987814652324278,11.335814705297878,8.839648675324392,8.896998821219038,9.151895162331773,10.328669809763902
3787,9.223778688365224,6.718948904875902,8.053148557741158,9.319070337087878,11.33900887745006,10.170345035811781,8.783845412832328,10.83026113189495,8.748498294855924,8.721855433590083,9.26561834780139,10.144633575757162
3788,9.662193945290674,7.102036925765903,8.172615505624098,9.369384192268575,11.559744800879187,10.169510178861085,8.938935478616589,10.625483213090352,8.764343074302726,8.989941677287009,9.88482591109435,10.49372812498039
3789,9.730684173236282,7.565356886780986,7.893008854677127,8.976453842247976,11.022525352555668,10.198783079254563,9.097879150971464,11.229197374585453,8.959377357391809,8.483730066006398,9.33873503487248,10.974191909515124
3790,11.301481865385012,8.952842319586365,8.513957368324924,8.349207358375661,10.965202347279034,10.926790771883566,12.091112163178144,12.846628948929936,9.98309340265331,8.19980799604268,9.678573816068726,12.834812278075365
3791,8.547534131455565,6.554304661130388,8.102380552586286,9.88498705401292,12.323033825194152,10.365776519606493,8.080202477908038,11.5724157264861,8.721048722773729,9.38876519347119,9.176217777830189,10.003362277147588
3792,8.99135953138104,6.76458719595792,7.826260406342103,9.23391362370942,11.374556154365557,10.075832074441854,8.345899935147632,11.020416859229057,8.747438362826921,8.519379793542637,9.296334368825914,10.146498450725586
3793,10.57294163208194,7.973261006823258,8.08292230097787,8.373880386319705,11.586782520365084,10.369267225209576,10.493533114831667,11.819622252057403,9.422291467559386,8.341923024835978,9.362605258774536,11.630565945513279
3794,9.440268625379016,7.496019799096503,7.978274104645451,9.614437364244644,11.702041519236275,10.663190584621152,9.008254537180687,11.538203698942102,8.802920299317773,8.873232147369887,9.584190383343834,10.224137497864925
3795,12.319796396293924,11.01580501831874,11.872220181009766,10.746868880214176,12.722599092054509,12.401193310003242,13.130303995126688,13.841833929089965,11.589522604961504,11.173586250365245,13.718728813630136,13.45397167341697
3796,10.952172243942787,8.544687932647939,8.757536386545606,8.790426019148999,11.583280115472206,10.397830027055576,10.791157625709275,11.882585678132983,9.486110115812101,8.363268088620437,9.629549145406173,12.507429566478923
3797,11.397201542079554,8.637158708578458,8.658552210949946,9.365640714819143,10.300285760980318,10.272612644420963,10.594938629983558,11.065437827691124,8.878807107722873,10.171346344646496,11.02674520757638,11.517687349642873
3798,11.306709195019678,8.324920680154662,8.2347510299439,8.528927228259544,9.755419169023412,9.218492296448588,8.814700411233968,10.262919823577644,8.071674665765425,10.17288224537523,10.454887160154158,10.72857657230912
3799,12.2296109574898,9.000732967565275,8.08750979961693,7.7423977051727295,9.96529361875329,9.726258222491369,10.902487467573152,11.16109731048592,8.919356232693628,9.005364238994588,9.85758157751896,12.446263676973956
3800,10.383112101647232,8.222848208431795,8.502010298493488,9.444812365691241,10.457736207610711,10.401813466627253,9.904010118428936,11.036439567947804,8.799165926202333,10.397518462062656,10.503267376164121,10.77099316115449
3801,10.590987188075388,8.012395181688053,8.364888896207281,9.228994976515814,10.528386317996068,9.908939363282474,9.291014350221133,10.537736322460281,8.672715213293996,10.25838277602675,10.793324973432908,10.465531867818315
3802,10.67995417347259,7.617538856090643,8.505244432120994,9.121504588725504,11.223057635150159,10.164906304749156,9.732267627648337,11.414838720650437,9.07204005022963,9.131525125353154,9.517231273994943,11.192964113743063
3803,10.236231483258246,7.380530297051484,8.668401652814445,9.185304801389352,10.885963256285951,10.232699191608564,9.639362242715482,10.723186675359168,8.95966702784617,9.039446328294295,9.762733582430606,10.638120113734516
3804,9.856110859571382,6.352478520931847,8.890244269250218,8.991762049088788,11.44625856473565,10.222330069867624,9.973116055876183,10.322537762798673,8.626806224265145,8.073552948920417,10.078431100454726,8.893320432475443
3805,11.522025724994396,8.524919212506003,8.21196415033898,8.523412648898821,10.70285353993345,10.24837658026568,10.246857706895714,11.353268270017981,9.1860987171563,8.50142823967228,9.807545165646856,11.983424610334037
3806,8.98171368600156,6.367588588982619,8.023632758089104,8.997186449832505,11.019152750466354,9.797403580979086,8.832763169253555,9.877616954810929,8.3683226865905,8.45289914134636,9.590155912114163,9.655241528126735
3807,9.812501323641563,7.247085956784668,8.180036739925896,8.958434983454419,10.67302525985163,10.09785936241876,8.999057733175285,10.561093068949955,8.479560897192115,8.464740584929562,9.31612627250785,10.09677241430428
3808,10.132776206087676,7.418014715771228,8.067685977626724,8.630326418141028,10.736535969923674,10.191233488067702,9.838380344005758,11.293834621749824,9.027866601975411,8.2769453927273,9.348842407865883,11.129365522255398
3809,9.071729606550335,6.546258983776571,7.959037827051918,9.113065352733136,11.283636766449108,10.099335185392416,8.844508160930737,10.870435741011448,8.680555508047224,8.560311184144428,9.152391850160072,10.208037750316397
3810,8.931524261198415,6.529549310093845,8.0615587924695,9.076579955248398,11.471091798987654,10.039808499372796,8.707572255065463,11.219875625348632,8.7273874454028,8.630614526773844,9.128941374372346,10.212417035517054
3811,10.607322859344944,7.854132037726318,7.9257948781017955,7.9756606829847865,10.576695061474854,9.989361892215673,10.504087107685027,12.066920860429477,9.34275766083928,8.59632016075768,9.284490340363885,10.974888490645252
3812,9.124000359658218,6.957235518356271,8.048204567700807,8.65684500600815,10.942881162096725,9.812594910758598,9.349125323093167,10.801939761330841,8.691084437441008,8.510420341469299,9.381873142068077,9.59894682504119
3813,8.388326480574756,6.370429340360017,7.925806387443569,9.522570357132725,12.505902118301595,10.086383162452014,8.088505332460535,11.173475784138361,8.420831974156862,8.786049064840263,8.823905117721164,9.843364553310881
3814,10.46167582914202,7.9866698006978245,8.04368266732814,8.91801502065924,11.076961673944407,10.525200663215712,10.0554546852071,11.388409156746754,9.038364212486872,8.486790396097458,9.311374205350393,11.241815589834399
3815,10.146285325288346,7.93091987658684,7.958449554509306,9.038982953243,10.851957922547566,10.076675635927737,9.342382290368999,10.602399933598809,8.631395232820342,8.789528211447864,9.499170585355206,10.681862657853323
3816,9.434121979074433,7.212419665838215,8.192527589517905,9.498047865742587,11.359321357641615,10.229731533282395,8.930422120963511,11.037002341845575,8.998999156614246,9.359272440856707,9.333205571599173,10.862741244338533
3817,10.767772304431064,8.47735410600082,7.995801982739664,8.411245264157863,11.017636999472959,10.546788910289958,11.350617349001595,11.984245536569473,9.452946745332172,8.232675661915735,9.498908312995624,12.338307454571822
3818,10.476858151294753,7.917071741980268,7.897521537748437,8.727698202278898,11.136890479849022,10.454339009732111,10.017622911037478,11.42866948018257,9.234486209544093,8.63910472777128,9.548273050380203,11.282588752388484
3819,8.940364894845285,7.204163612512146,7.986746545450498,9.695534508222078,11.41027832443217,10.276710813130157,9.036256090888468,11.765295019412623,9.092708098041124,9.235805870218533,9.076502552375613,10.26365937849426
3820,8.2817314103618,6.412149619308169,7.524742650203631,9.497883991084667,12.914995164401807,10.392896498892728,7.997186501606768,11.47934391210967,8.368889615945683,9.096332131950367,8.69539988856134,10.553345453213879
3821,10.473877261111245,8.02954241490394,8.060832652121245,8.719959574985566,10.481790852817667,10.355771633284592,9.675550318628671,11.451581228954598,8.695029111839526,8.699629193694253,9.591918119451899,10.84770949457974
3822,8.356087776196661,6.408309477584025,7.625238991918444,9.48134898358247,12.80082978384263,10.343955302679635,8.05355452434122,11.42660034305748,8.382295882110316,8.955877107772345,8.744011667622544,10.256644652783265
3823,11.275879152600295,8.419076670692693,7.839447231596012,8.461835350945755,10.755960001597419,9.999200924051095,10.401672676481537,12.054556606633135,9.116900783730738,8.79047363477042,9.92779887768427,11.491472724720548
3824,10.679454486609918,7.829619393819208,7.95880912981537,8.520256663743123,11.048510994961866,10.137892373536712,9.511302520553192,11.45547370789161,8.818952801443139,8.772140681788159,9.610294057788302,11.121799869193435
3825,11.73464455509806,9.054640975966608,8.259557639107518,8.211372000912942,11.539981540333708,10.611736806261499,11.346576042176197,12.933511024797578,9.66940783584717,8.417964385521024,10.03181892105483,12.18413576952485
3826,12.844049831877154,9.885344330949753,9.73640929169184,9.83305186253354,13.964378407193069,12.659708437448005,13.052725983516224,13.79601444963003,10.396086829332296,8.782629567059626,10.552701961593463,11.794415572136078
3827,10.874262081774113,8.03167419099763,8.523732435172278,9.265726119483519,10.69436768319714,10.072409957572303,10.176021445862911,10.985005919501438,8.874077305879661,9.268718149199026,10.78692272535227,10.897938761663312
3828,11.485882248837967,8.56340193884277,8.448711875810421,8.600388682842276,10.559901604649637,10.070020758283004,10.745179342341547,11.478805168783094,9.334645589662891,8.77301189033621,10.131312949353044,11.618178444479375
3829,11.357074508313946,8.774207798672467,8.244188292211906,8.68401514806804,11.061221902489464,10.32495884363145,10.805797432682871,11.685808544450959,9.570311129250705,8.577675155884776,9.603008784554522,12.183435316556443
3830,10.452915723393414,7.964789608393439,8.172922961297363,8.8637415586194,10.88075057456159,10.118679982443002,9.412174126678291,10.80921742142855,8.77398356808714,8.63931507928788,9.468633833478293,10.775056183022453
3831,11.341125989617694,8.660577376200862,9.009612723696039,8.882723321440169,11.214103451283506,10.770760435511836,11.242824678434499,12.481360709373613,9.540385302350767,8.482853415674455,10.209417254202585,12.174447662842432
3832,10.880601425079991,8.006555849715966,9.110375886193982,9.512727043211132,11.603160362254261,10.71672518435396,10.393981942806258,11.662790798033463,9.10646489665171,8.72415554830559,10.534838726706141,11.47751058558058
3833,11.561212831516807,8.797328777945118,8.312897515356456,8.177773456231666,11.141161970968,10.369198248488999,11.28151749278381,11.785552457636701,9.462551971858773,8.396944459063308,9.33792327541881,12.689011810409095
3834,11.326351897309586,8.450994471316761,8.099179912139086,8.370615162735021,9.967831617125356,9.76763075623105,9.901429963585556,10.754733184249428,8.887655279372288,8.671610266592062,10.047337269483336,11.329886722133491
3835,9.881955412371948,7.5070786220797725,8.540297209003398,9.27431726231008,10.956676902705308,10.018569671252639,9.208020188477818,10.797944235299354,8.643660522096514,9.137949562396773,9.48319602930927,10.725234322363509
3836,9.357131850789774,7.117347047417033,8.519959610181349,9.815563272158862,11.665981008989846,10.327046216427792,9.100757408812878,11.486695110211514,9.093366374680942,9.573626918149934,9.256685751667133,10.485012769553055
3837,9.337810677927477,6.760859553460982,8.50316016159184,9.549937401259166,11.28970640542302,10.17378874934689,8.951029618202158,10.683484550927766,8.684918507315064,8.948126070583427,9.562442591727397,10.102036415616244
3838,9.355054377612099,7.0766347463806625,8.362438971697031,9.475598786007213,11.147019492526816,10.032511696074996,9.319668384156472,10.843436402937279,8.86512274015429,9.789892478309172,9.239233696205059,10.254249494102297
3839,11.350123630477334,8.894038826258672,8.719784532729612,8.814365866078736,11.278788347671686,10.610055310706542,11.440053141495303,12.411979098639165,9.79276276788443,8.497104345204884,9.57893580727281,12.660795270094695
3840,11.355395251599631,8.230715723052676,8.1913971238904,8.685620343089779,10.982017661485932,10.347344036006362,9.98130963927803,11.346564749492469,9.091839789959966,8.70343856891202,9.523424107546829,11.85340720913572
3841,9.633191013829766,7.667789164912937,8.046806413707822,9.424072196030941,11.38284772508582,10.21215935899798,9.081553421506873,11.014180128506922,9.014993039801883,9.018234470927256,9.314098904369223,11.343365209333896
3842,12.658322766428917,9.640646491619197,8.7150277286029,7.745638979583735,11.03142927809883,10.719898099854507,12.100660982913919,12.742540893156633,9.97869426371661,8.575020148280922,9.451420520756672,14.233856389524192
3843,9.740965654395911,6.998195209226649,8.649161838663211,9.61033709996262,11.493865016755223,10.251957772254258,9.031747939036995,10.706284960159724,8.574202832786973,8.856241125244946,10.005853366553193,10.217710106333584
3844,10.883173676762171,8.52413624423524,8.105879374516302,8.629958601351646,10.827408143384062,10.35217309190607,11.162415679960692,11.747980327705822,9.686112337544468,8.527743613352785,9.359933935531046,11.83117236410316
3845,11.667764679107037,8.90055974899805,8.099444507456155,8.533965624713712,10.572674165013444,10.274945297889754,10.853928357294983,11.69634460038248,9.401882171856242,8.694386869008662,9.956625370425453,11.926652929568355
3846,10.938779220086847,7.972874959591253,8.616395460855475,9.098574224509775,11.277346588710756,10.697677781650462,10.78209663720797,12.13728202516565,9.345405149122703,8.30797054460803,9.709626217228678,11.994060012890454
3847,9.19318326142999,7.0150545635518835,8.176398195563724,9.543397888808776,11.653920713106208,10.255767774020375,8.849939145596972,11.147384842058663,8.72917728805744,9.489223879926397,9.200926756100163,10.646288929086712
3848,9.665109561395905,7.778191661222326,8.215396752211717,9.715532563098801,11.774384181357046,10.637072437984749,9.265100124078893,11.617147060620827,9.205600405474357,9.495194519059394,9.153278087873257,10.946072554996098
3849,12.224883985778826,10.089579780322051,9.131252666062995,8.927179708066728,11.11253634422448,11.605053139476933,13.315664410850928,13.588523633126954,10.362852704519652,9.118522370167735,11.022968876468683,13.418858828841149
3850,11.903245701628318,8.307793157832657,9.688267672451678,9.312945103311218,11.29751685010838,10.772693695207327,11.46676459141029,11.211424960465212,9.377741832827173,8.47438403718865,11.367516434059977,10.976405277355163
3851,11.85095360013694,9.167321513713253,8.438533886713332,8.400681386213657,10.521699114598073,10.466512168044963,12.072716704740717,12.407886323595003,9.648241244486698,8.730610617278574,10.285507825849017,12.571394779230793
3852,11.826759588276925,9.241490123862178,8.631535867508529,8.467937487162033,10.83614275407756,10.571351635704639,12.128486633940888,12.663441218135011,11.015241127821648,8.425800946148122,10.285056282268895,13.42598944733313
3853,12.743015051784091,9.554283875598925,8.576794939220937,8.273528142511523,10.35681904094373,10.260932341476819,11.950483519091206,12.55314792973132,9.876671477815876,9.179702487875668,10.837087041811083,13.131360867718865
3854,11.862116065547728,9.733377876902143,9.736352453359668,10.389367683913761,11.142231655393445,12.567751009119345,12.02685876059233,13.963170116988033,10.229092772823094,9.014895851521016,10.853957432432383,11.549104533494575
3855,11.276062697912064,7.377473603167086,9.75335305414393,9.459880512492601,11.38545780782724,10.387149903580534,10.807765177284313,10.567058855765008,9.504521779030018,8.566631593304255,11.0022246780063,9.919554933738423
3856,11.017120964076632,8.780835633268124,8.74189607388093,9.200121956598345,11.033923182928506,10.326775681405035,10.885216694449745,11.496755704540114,9.344926566280026,9.672712000049362,10.816457683357374,11.272376390847178
3857,10.708747170997608,8.33860488943711,9.038087338171996,9.376525634556895,11.368801886899732,10.98040081167301,10.445885209988745,12.18140655172333,9.272868034826296,8.772371209643463,10.578802547570948,11.39480198937714
3858,11.61815876933301,8.858650682734172,8.608043933604982,8.502777500542422,10.735916486193059,10.227020080879072,11.975964338433306,12.177755798386016,9.821824760397698,8.53830219209383,10.407527566179724,11.907036106156934
3859,12.520982354403642,10.249411063162935,11.029214698009099,10.160880318409209,11.859823385207905,12.743521024349167,12.87130243363712,14.196674032694153,10.49697689662803,9.300755139430073,11.799203841739612,12.937507246819525
3860,10.637073008297982,7.66301389089091,8.248606732567836,8.825966144739333,10.384889023866954,9.56660897919589,10.089299617640108,10.3158512435988,8.729357882062668,9.539709600053,10.837748443603497,10.973475387222368
3861,11.582353033712831,8.92902317317845,8.39117776126317,9.114414609693162,10.300431056930844,10.328322095003717,10.904591090715945,11.788945290955258,9.319828567197973,9.466084355255688,10.420342245753135,11.304973283244237
3862,11.848972947820233,9.077070759284029,8.666727364221975,8.69740233456589,10.545301786610027,10.83275317449014,12.217262833319657,12.926862849524031,9.942701170429626,9.145466407244637,10.708773932265032,12.650528980361369
3863,10.876271643538463,8.764728452191925,9.110912565260698,9.739949104952238,10.981392258365412,11.143346303814937,11.966553705448606,12.329119711255206,9.729435329860811,10.515381140701127,11.491917322346676,11.187690279346729
3864,13.434622944301596,10.494753485329564,8.785370433404346,6.9788621658892875,10.893522078249731,10.77776167919096,14.16431468450649,13.676436876471012,10.696180603706203,7.994471441077707,10.089348643021669,15.405429108198692
3865,12.646211575453345,9.878580316687906,9.060789220881386,8.894130340741723,11.091560158907923,11.136360178644733,12.523757612853935,13.02985639259612,14.085232746164422,9.136428827042053,11.084460931679931,13.371603223487575
3866,13.753908059039627,10.52045682689485,8.78804714401178,7.403436566242972,10.503365739848828,10.811261963664105,13.189070322835418,13.168158825999136,10.211200217618345,8.632975094949492,10.327847379104892,15.458483702148254
3867,13.361963355128882,10.632215821521726,9.254181830327067,8.166019845178937,11.231233762052216,11.576422484409546,15.120439947306352,14.43495543021745,13.987687723752824,8.457169181050816,10.686484189129112,15.312698855930137
3868,13.28670672189391,10.137168244481744,8.671496545037474,7.596649347876167,10.579125648820515,11.159357177347042,13.663362972020812,14.127816049637808,10.52188510746014,8.211896550488412,10.196174462044285,14.911663937279402
3869,11.311065761835895,9.238472137862015,9.198668785404081,10.04009166739434,11.235841059339144,11.541407293463521,11.82463583346633,12.895930969412934,10.05747256631225,10.320518599389377,11.494017404325307,11.797017695451135
3870,10.395161103017742,8.299119976569202,8.69641409763425,9.429684333520441,11.107161442411488,10.531345961340097,10.319914338195899,11.627519266204974,9.087696303676848,9.966466185996296,10.705092558211087,11.346595826422012
3871,12.731473099206715,10.036473402814934,9.612611771692485,9.254271437029503,11.305118508961549,11.200119784648948,12.529076555275418,13.081175868488328,10.079958406510752,8.720762138934813,10.970309377550361,12.655426345519466
3872,11.859167935740917,9.92467962016146,9.724085621603837,10.22928448592566,11.832702562992448,12.186355661136949,12.309504137398203,13.891492515631244,10.342568837755348,9.449936132484915,11.137013297097326,12.634518669169527
3873,10.547150557398066,8.746777793194331,9.208286933962608,10.11621906353096,11.638740422867176,11.017757368778364,10.597703310448097,11.363225972643448,9.484278801378274,9.717549102677111,11.237689695692609,11.354214432853212
3874,11.509654280648926,9.200675587728128,9.59150970450084,9.780801644955321,11.760303146020398,11.627555674925222,12.140781191576934,13.05812652643797,10.421384186973535,10.107781593105198,11.821821869307225,12.226848954562222
3875,10.557954306707185,8.207317470367824,8.790451630426865,9.28316399688445,11.31281548295226,10.489706076433126,10.415091238226989,11.966679316172208,9.310683584867682,9.169334694540538,9.571978655581844,11.58950089804065
3876,11.706127115216127,9.149502500784703,8.940018564603317,9.547489764905793,10.965248508612678,11.333006355183809,12.782474534496265,12.776885944346574,10.24724578115196,9.568292469361722,10.476714993601309,12.105870359692483
3877,9.635909239610424,7.22372441543675,8.858072847056693,9.829110587572627,11.439021573504434,10.29713959022179,9.44139117862941,11.219385463202379,8.81796194154825,9.285027854079804,9.529605695587453,10.833433069468093
3878,11.73428201638825,8.970892377933428,8.786767189543305,9.230745794637455,11.12562981146807,11.713152995243991,11.278114633825595,12.989530694627103,9.318152743302386,8.753391439913363,9.823825666352697,12.226135399105868
3879,11.788061587008317,10.047944842683444,9.948131748708812,10.91659118707119,11.717127952983066,12.234731633281013,12.41364032995027,12.914197456973781,10.224097800236954,9.45362440588996,11.359055050882091,12.00311861905529
3880,9.97954745197153,7.286139168177117,7.928352508220868,8.312193584860571,11.651159610738677,10.123075116092744,10.11590512445105,11.94220040476333,9.268513304287014,8.41817020106427,9.173714585794588,11.149023140310888
3881,11.230435237975058,8.471392899239055,8.533818270574642,9.837715934663542,10.988463163575862,11.087097983441069,10.318797038420708,12.506110419544637,9.112176324070214,8.665109519962963,10.272046096681084,11.0935493049378
3882,9.640543565295113,7.649067597375949,7.837783861749806,9.03293574177907,11.356497164871513,10.526771000280107,9.858224201811911,11.518915531772366,9.074523486585129,8.752795976171836,9.208807605749499,11.282777452533393
3883,10.929975159456408,8.418907025644955,8.05958538805832,8.532284111653482,10.555539011446944,10.446828566620852,10.427367568172613,11.323933198226152,9.073886115655952,8.599414406517145,9.746765208499285,11.56582205197287
3884,9.913312977092573,7.821340822741654,8.031820920384506,9.163178436374078,11.516881238652243,10.578020627742134,9.849171978755328,11.587293075907716,9.476640748418195,8.714057781738612,9.204287180368457,11.428130525019924
3885,10.46545726241011,7.727828648995017,8.058628261528183,9.735430363446138,11.315600947270141,10.593721899324189,9.267149270468746,11.480458164073516,8.662561833567443,8.941592576518467,10.114276627320535,10.670635773259644
3886,10.551197554112818,8.235496645605842,8.420150814301525,10.191632125164205,11.961130061058594,11.163291942595038,10.183619529979968,12.562629109881165,9.163449133770701,8.934737195269244,9.947807762662254,10.999685897282781
3887,11.628829498498817,8.670350388403843,8.109162052827546,8.56377732120582,10.220193094896194,10.555112982660114,10.997170902169469,11.980889533353395,9.329230210445257,8.515771731559227,9.625466088428405,12.086024350360171
3888,13.160586986708932,10.793877641431173,11.349931408575676,9.48458122606879,12.136343482128348,11.629747173787202,12.31692424500492,13.275356203065872,11.193766293831992,10.677289828956564,13.266516828529,13.89248160987135
3889,13.375947617310661,10.871605783640259,10.333178316307539,9.030640214053978,11.634771367578516,12.317311410796218,13.42909788863511,13.535358022788724,11.04089596681588,8.95774409908363,11.08924526344967,15.112201690803873
3890,12.061601029145764,9.249026960758325,8.329052758424842,8.257537449720889,10.892888950131638,10.05115614536929,11.545170741263206,11.741011687457767,9.516591447292068,9.128508302137465,10.49441001832172,12.85301747800165
3891,10.370777452409218,7.297264033524693,8.527793942643235,8.954654046912024,10.913170987564598,9.894801267619425,9.426146839566233,10.53338316901377,8.740622624934284,8.856948868890747,9.817784996351422,10.501496578405344
3892,11.055334016210065,8.222782961701512,8.102479576775561,9.049023578241735,10.401977693644733,10.256451828129808,9.773269779490164,11.205764546165028,8.88869860227259,9.568913003148083,10.238130778359096,10.728377028480988
3893,12.861695396119888,9.422995619837684,8.231986213191988,7.330377295414858,10.157277953136035,10.202857064191008,12.471597591923663,12.416421641835912,9.859540022049417,8.246923582002754,9.572807787711971,13.7894534091984
3894,10.70416292478517,7.219244798182375,8.012075709361362,7.939851784850248,10.97503894480494,9.802617550623701,11.105946865586311,12.475741700715705,9.324450115931189,8.040275428766458,9.342497898098916,10.973819189042485
3895,10.357009696420683,7.684327457957423,8.807503389510414,9.706177845656644,11.329450302438723,10.653657088276404,10.54518624356285,11.604466968235442,9.440079175754661,9.394547685489359,10.9922836238096,10.745357900288072
3896,11.78125679534471,8.645294591156127,10.127140563190167,9.468608578520351,11.760238884000042,11.235026290983084,12.834059779821096,12.399230554368174,10.042540133251457,8.715578654533346,11.24970174145721,11.517336754541176
3897,12.173906471640883,9.581355715159678,10.488845625012091,9.970254917221897,11.869973809648979,12.102616345142643,12.908982708280007,13.142751485985714,10.226574082498635,9.071032737983598,11.502126731522896,12.366619265663637
3898,11.695954067634402,9.283542258115183,9.96915223575225,10.301116463967896,11.966768376527515,11.82795765454107,12.079294423636796,12.590503321576879,9.659272019053626,9.328103311342042,11.279401587483964,11.936527453334293
3899,12.315049847607904,10.225907324355411,10.130371210662915,10.924591956792593,11.980725771377868,12.421312990418027,11.89757609595313,12.658113847296818,10.034390894559857,8.902909963736814,11.424460160470947,12.247817434931829
3900,12.163190751038655,9.465887437018672,8.871185223444671,8.052216061898667,10.794243641568116,10.589360721312897,12.858080265544304,12.988407198405351,10.214865221960387,8.350370997414675,10.294157656375454,13.593211535477538
3901,14.170866979367132,10.705775617664322,8.921687970116931,7.241282411153012,10.851058497986186,11.041992926466516,15.013034507901434,14.129217589708869,11.786876680348314,7.953464580149564,10.337074446408295,16.72674786750496
3902,12.073841001031585,8.530588630083157,8.387700501517223,8.240080021935201,10.72098566370832,9.897738664663414,10.44272120801006,11.191195877232145,8.920297851117041,8.955435402006588,10.295722040066936,11.684134020085407
3903,11.504835084307391,9.552315241231543,8.616547821912908,8.585794201536604,11.080586314085437,10.656878728485438,12.064626133359248,13.038492267087982,9.922766977149504,8.443492479301009,10.258855854828573,12.530847144009162
3904,11.645691718842084,9.169480377415528,8.3673237744074,8.31209551937897,11.262463749608266,10.658027767923947,11.667925890553365,12.286708884802515,9.795661046392052,8.494847571363898,9.563145111933533,13.225415124215186
3905,11.391435692157838,9.109564531231005,9.51850068601666,10.277577133103396,11.949646354160993,11.31966682606405,11.117175817344638,12.01173287650176,9.558700262240034,8.990874517868535,11.010744927422085,11.146448349050821
3906,13.284290392631835,9.729372323152464,8.272179989791322,7.151869130065723,10.297600473578335,10.177373682170863,13.117960405736518,12.891393046923692,10.017235536420666,8.189563215290669,9.73227493045104,14.002421724411928
3907,9.928462686889635,7.845355135018617,8.433348908169483,9.427573932839637,11.642344612127907,10.203022796005744,9.239274249321019,11.322791668220653,8.852613242228482,9.314360587249183,9.833232964720489,11.05477459720635
3908,10.94664888504844,8.40956939075193,8.226573003713066,8.591542585813087,10.931809047692685,10.334621113644644,10.624184873211048,11.642978496384403,9.376796418794541,8.597694500288576,9.599412805899739,12.156527898551118
3909,9.516984680567933,6.829609617776715,8.517023884426546,9.346201952710029,10.967725117904015,9.857569085890304,8.839543537993354,10.592811166029781,8.739406613995437,9.734029885307923,9.733549167773427,10.310590717438137
3910,12.615808292959645,9.552872322799455,8.42893059698593,7.833434020013554,10.702255272661262,10.459795002395477,12.969369404307013,12.791097960024928,9.480996885446164,8.024438894371308,9.613077383647076,13.850084894245406
3911,12.466441839364201,9.47256500386094,8.213806947942196,7.791145194367806,10.109251702047963,10.191669697589571,11.957981167763307,12.150710176370541,9.62511997957444,8.352588034652022,9.774517523353229,13.06212817130567
3912,9.400188517127471,7.2000461857176745,8.088618368163287,9.55938217382386,11.287804321834027,10.306152370093884,8.837874491089405,10.915066810231327,8.945884655662896,9.415799986048665,9.308953491291582,10.047095493527522
3913,10.779429168537906,8.173688053127021,8.614013701656475,9.292155589478305,11.434866542315259,10.94785289937018,10.724485320631905,12.303008728107926,9.277977973730334,8.741896428933213,9.790249310187217,11.249356574886935
3914,9.750119857525046,7.330766653725771,8.58081908048354,9.347016381215697,11.066591521364256,10.217538214398683,8.889082814801826,10.89381330370367,8.771231764644568,9.207294846168736,9.435933819839844,10.863404168324784
3915,9.507109732340176,7.1944709661605,8.22002723586265,9.615298543628477,11.200161133462561,10.159772859283681,8.888386432808462,10.86364487768499,8.849457745534268,8.945152395833524,9.408240584158314,10.273478789915686
3916,10.915963080419386,8.322931561614315,8.268867859254645,9.15922557287055,10.490333652584514,10.447085251847895,10.034250285457198,11.491642858142257,8.895122821139836,8.825545017683833,9.823177083908238,11.117435960281092
3917,10.399577233869646,8.315793122205939,8.25066235058403,9.047483631743015,11.156051651034092,10.57267833502732,10.02255524543839,11.476390285356306,9.748141581661237,8.594280307698195,9.376284603377691,11.257548984838518
3918,10.189493992946218,8.00695112184301,8.853728623333875,9.312719182936362,10.973873436784178,10.676155212791558,9.907022909276623,11.506479098921247,9.112582505114695,9.40781733720186,9.806471530374038,10.735842103527759
3919,10.120201452280016,6.006146569175255,7.307467006529391,7.633245470790062,9.019866024531071,8.778776942870358,10.32742140860271,10.252841531221343,8.761838360337912,8.116238166134398,10.348834583604651,9.494873733970707
3920,12.678527862245122,10.820703584557535,10.784226983917694,10.756953414627429,12.616805202599178,12.931546952686926,14.07937913407482,14.212421658571055,11.505600430584469,9.134272302592272,11.841272234538359,13.002138239267437
3921,11.404254584413087,9.15779442045001,9.755700426371728,10.421783036700461,11.739658664780327,11.702832456145732,12.420778683075955,12.923477921936538,10.073853524422558,10.703298090699628,11.7289339659212,11.567789659784122
3922,9.44254554873287,6.47965893538177,8.48112657795621,9.403829821848838,11.576606011974734,10.291676801747565,8.838833687724154,10.645746904582092,8.761992705425087,9.08233272453849,9.402819310752658,9.447271635565086
3923,10.748334625651431,8.277116951269681,8.524330445317629,9.06686255869158,11.670682340129328,10.809660094217499,10.400479520857452,12.069444687855786,9.399686803568937,8.433707469029533,9.645886181086498,11.57939411089383
3924,8.832061650377243,6.80832504300508,7.868846438475587,9.359149992833583,12.189026230516063,10.33061055208184,9.030169860976974,11.289163036749907,8.778494366752156,8.847157223964505,9.497246708321358,10.236923515177523
3925,9.658583030036043,7.333548912427194,8.14085598938854,8.800543655128772,11.682380938108215,10.355668683357415,9.98442969034339,10.920571326723161,8.780071553097226,8.473948838114515,9.665874358149587,10.615763278663724
3926,9.028934000415093,7.14229406776407,7.90987862077551,9.20842841372217,11.818653489934732,10.292967293260627,9.677717885740757,11.662155565028431,8.820437858693197,8.83615914460805,9.401610439732654,11.039739956500668
3927,10.789039683652824,8.185450131259351,8.204535441826687,8.40794738188723,11.042517912753123,10.216758441082646,10.797765131158664,11.781572655356776,9.29126456582544,8.697528721722342,9.87961056406003,11.685854225428894
3928,11.477167253064934,8.73756376409041,8.339758889448838,8.746934065705105,10.507840528847787,10.718862468669945,11.008200068924065,11.582369676001754,10.161984301431989,8.855222862709814,10.253534019460425,11.05313532406833
3929,11.110692310676257,8.034051631958338,8.265804936451175,8.153065404460339,10.431529887657419,10.05026291436561,11.36422702360507,11.333900991027269,9.165910545249794,8.17627054519264,9.799391920967286,11.50242284103686
3930,10.628746224640125,7.632036745923423,7.961115484271403,8.15716031104495,11.659493167690794,10.041284155585625,10.40345275518471,11.438222410636559,8.948870503944276,8.183228225814432,9.500985000396028,11.504340253799668
3931,11.678383771492364,8.434916757582274,7.997161122939179,7.917565342198116,11.276990066157884,10.357167422485904,11.616148160028459,12.090911033939793,9.342191713355273,8.190510526131337,9.50442671253847,12.268216525255058
3932,11.528915168142579,9.625763316094162,8.833024596963744,9.268649702669766,11.164048622823206,11.48346107725514,12.296337796090349,13.090466528389832,10.031314991207555,9.009521325255253,10.23511020618811,12.713474360457266
3933,9.3852130853016,7.416376928338957,8.085244391282083,9.155818306033698,11.766400458172875,10.503660886825376,9.910861732608938,12.203593143851219,9.160378229556382,9.107807225984924,9.163175098651156,11.435041203026042
3934,11.651055173435623,8.870605807747266,8.50617452773274,8.47318379674687,10.43466441373624,10.381625012277084,12.650419748764069,11.924229263469474,11.046114271166537,8.627724438693829,9.94062809902897,11.939722752653338
3935,10.186445924419818,7.836599446874175,8.379243998072912,9.158483566386986,11.296922178562873,10.93191591370256,10.303424468719555,11.586816933005565,9.216688015447605,8.38991836688699,9.509549264269294,11.629438310738127
3936,10.286736125370009,7.115034482645913,8.458678180938655,8.87226421341712,11.556824440751026,10.167185967387987,10.77598017729985,12.262115588149854,9.273748925561977,8.705117480161025,9.643646238470392,11.027019669700024
3937,10.205287528951187,7.372332864048217,7.955900653135478,8.222688849867126,10.248898350200431,9.763957296768996,9.565630240738708,11.018703009827789,8.897133257324672,8.435753465631402,9.190792462258274,10.443529749151416
3938,11.882024357079676,9.841483299417899,9.876705252985682,10.209030500500916,12.001477857820987,12.32963345777939,12.878789061088113,14.242784232863062,10.03772409885353,9.111894045626354,11.183976672145043,12.828110087266996
3939,11.239465124090263,8.356847648851987,8.493099712459845,8.74813863186532,11.029633034600305,10.095434045526137,12.213515111504577,11.747114328827372,13.495315877197942,8.734718741851523,10.408150237484241,11.77996932536497
3940,10.835172895388183,7.858092652028088,8.178588553348494,9.509380238821763,10.725071983427142,9.793813823547575,9.666870462456021,10.67991518876794,8.813868015733338,10.023048257851329,11.02215953532137,11.031177650645176
3941,11.67470864945151,10.280797081899474,10.486277887089832,10.889669560175236,12.537230124468635,12.523707830242298,12.953342082937473,13.200139739881976,9.928600565953328,9.447682344380624,11.529948934370074,11.843241845538017
3942,9.976173677866694,7.685044759220128,8.513651745458407,9.512016567965096,11.189160421895053,10.292387071304912,9.113791223817909,11.611102010108173,8.625287435865804,9.525635706711427,10.101989216231228,10.56214240942925
3943,9.831274030444241,7.537112282327777,8.439323243298329,9.256913416655241,10.790906363486432,10.103155392391262,9.879568602678344,11.001672770210284,9.025399475382535,9.866581972108289,10.750868697251484,10.671063710106317
3944,10.997520536311836,8.4046800591875,8.473694467781709,9.174961535164837,10.590325757705351,10.189962533972581,10.407112087955774,11.346430223714792,9.390626030541638,9.400859618410031,10.445283513430045,11.203531770648503
3945,11.913021028526597,9.8004247365439,11.447135635599658,10.591159339584836,12.689369667249187,12.621302302934698,13.02135642762331,14.02826999441026,10.510251825633336,10.610192415325539,12.509469174907546,12.376430141754945
3946,13.736663596179316,10.286123050824665,8.867578239911943,7.384829652839901,10.873622573212362,10.66972369017227,13.808438500028199,13.334663144748943,10.300359810396372,8.20280818236061,10.478310915195154,15.430188780177197
3947,13.338211572220946,10.613726104186192,10.658741458299708,8.932896609298592,11.642176168229526,12.15851741020671,12.84784139989399,13.678276458226044,10.985672480386063,9.394373868534657,11.730698363242233,14.589609302058715
3948,12.362192199552261,10.539809717052403,9.256553221709659,9.564916529985377,11.456157056180983,12.108010810362961,13.592033086101566,14.384076620160382,10.54746728371414,9.063605138413784,10.890886452173657,13.754608444626783
3949,11.92012106073177,9.761480208618728,10.080854509675945,10.568656325421637,11.868204171190765,11.990455549402089,12.087011879169447,12.59666041984103,9.748539775403902,8.998781409769165,11.310201721280134,11.69493104426832
3950,13.289727356817554,9.831659980168793,8.568275218928342,7.962477143519584,10.341987215814003,10.56606682417975,12.793244446481035,12.750619198012856,10.108274260013827,8.901141328986512,10.301645730240747,13.534190489394913
3951,12.160284319472561,9.331329425581739,8.533056115003,8.156721113798188,10.939763409109311,10.938976649213759,11.651896659953852,12.67077078055662,9.778319048701658,8.663448704066386,10.015102131853196,13.24421655909795
3952,9.74506584237199,6.863193233547163,8.745443089901803,9.320751921841564,11.071410188976097,9.98386579197292,9.18929248018502,10.155467072077833,8.807210535027144,9.13697893329796,9.558066281213666,9.772162233309913
3953,11.31870541324996,9.12200324418668,8.483900770688052,8.621562744171884,11.077081105401064,10.42199042427805,11.104198858253055,12.164185093644969,9.442985718814759,8.69909958251326,9.560276034697583,12.607708716252532
3954,11.728529649197373,9.031560625690943,8.855482333698884,8.691551443374578,10.819801113808381,10.839634881447505,11.765422771650323,12.642864956197474,9.691668665286405,8.96036044621475,10.48170513844039,12.371318015593927
3955,10.551509753899229,7.572557027134949,7.927680627389984,8.480539993992187,10.101034889936953,9.644991589347402,9.778678766439747,11.23900308566235,8.93759857846475,8.589756994408523,9.212587277353778,10.886398350834073
3956,10.194740123471437,7.539795886878329,8.238979884540527,8.621926931160917,11.718732135693395,10.16791657298764,9.503818985862303,11.335674836072524,8.587352997204123,8.468482592588034,9.3938260173307,10.613960026409426
3957,9.827916154187193,7.164794840146199,7.923297233733,8.508023403282941,11.703647036678735,9.927138775253717,9.632471149138215,11.832623640644702,9.18020778407573,8.716260482689137,9.121302746024886,10.962279868487062
3958,9.407235503716842,7.232980867787713,7.852269811453232,8.466802374647504,10.925972171579932,10.16328903513507,9.682058010156666,11.941627909462811,9.277279027227376,8.50930359631462,8.884058127165122,11.23784335589528
3959,9.893096276209379,7.109402127753385,7.833402448040399,8.331028023248365,11.418020263552737,9.844711254673536,10.343695590565922,11.991182625057034,9.283263742523596,8.597362732255007,8.987893523597076,10.909888762770183
3960,11.629043626977351,7.714449939920341,7.916785275635843,7.653714630023041,11.150082777577179,9.956322366512168,11.51113103321434,12.376175579760435,9.399755072558435,7.975577252295972,9.406184744640893,12.596256064748976
3961,10.695328390323592,8.476581887172166,8.115652341605958,8.549320992775115,11.013709017666098,10.600468572531835,10.609139244619719,11.725214857376702,9.361327443590724,8.452019963831795,9.670107771473171,11.99040532015627
3962,10.912102174908362,8.446501740967111,8.091500262763677,8.63442864208018,11.118095767815241,10.535848463874249,10.535187645521114,11.641607610296003,9.347693059511155,8.369378811948668,9.43102418451576,11.9710982318144
3963,11.007778819759007,8.3387902150494,7.953422399448877,7.776796528026301,10.248201419715013,10.243464236288755,11.006893067160151,11.952063898818327,9.29496183171915,8.1439287801235,9.266104636652003,12.501645235855236
3964,10.646187361689673,7.960375469762106,8.073796153986404,8.027234708377346,10.445436635110822,10.014716695773643,10.561470649827118,11.798816625859171,9.300132387206562,8.279916795602997,9.261331524982044,12.200996543630374
3965,11.823963195594466,8.699273601746931,8.129915035315184,8.130915322849338,10.042629079332853,10.581285162958897,12.050325352991653,12.536975683385185,10.546781823290964,8.251101085472671,9.577850328660887,11.974438831338952
3966,10.25890115536147,7.679521623432987,8.048229055277174,9.236401003512475,11.168983581564936,10.257495100604753,9.446867921739182,10.8184690461442,8.913620370940073,8.75952488563219,9.518384219318586,10.941149417190072
3967,10.141178000153232,7.367448711557252,8.501728009344399,9.214826962888017,11.441836358071026,10.29780711915674,9.45806244213471,11.122517203992196,8.97662656467002,8.709180130903542,9.339119566051364,11.072601375039783
3968,11.747033442726483,8.631940564548255,8.29582830692811,8.079080323998419,10.332976955896434,9.994062673748239,10.89484221842972,11.245740445206414,9.034822725896039,8.381984801108988,9.76849584185613,12.332931219416135
3969,10.8709429352968,8.271390324600155,8.16087805197581,8.597310347551511,10.942197152458839,10.248275470199662,10.452564819880294,11.524758883038244,9.231715900345124,8.45108015868793,9.7421929451231,11.622100555633043
3970,11.936711695469278,8.838946296168025,9.526514649219774,9.85643567314474,11.522339178490071,11.112971036162733,11.300350820863468,12.302963720379266,9.564077547739414,8.971491401435578,10.813632485573297,11.277657079196262
3971,12.395028116771705,9.82815275866989,8.442133011383888,8.599935555948193,10.810159028175391,10.999675167562685,12.268268856100196,12.846889590037133,9.990672972099599,8.391542238793729,10.07943739256958,12.990819189757866
3972,12.622924033826806,9.31333352324943,8.166171546613377,7.804794369269076,9.9958587980937,9.825974605417233,11.543258556898593,11.598269285581114,9.387430354234516,8.732976010740655,9.89469799104928,13.118214991649438
3973,10.947976700863556,8.588880555153228,8.279970216369087,8.709380839077333,11.070604252964914,10.668441994702503,10.66605522762505,11.954835060384276,10.962762717182784,8.449107100144484,9.556185368411928,12.521252472606534
3974,11.612195976436873,9.804158619405666,9.039888946926506,9.677300527344226,10.97149019166008,11.322866045322094,11.893775699800752,12.477848651043633,9.591827654759772,9.117420715482751,10.64244853781004,12.149466444640705
3975,11.264549680610967,8.876827516870787,8.68058169599557,9.13875743381404,10.444852033244702,10.23582468048997,10.293315215690136,11.541979852629325,8.890941575330222,9.828053270194523,10.752788217938214,11.491320962156527
3976,11.20301407430652,7.828960168609686,8.059369198613036,8.579735696209006,10.250719235715895,9.128146068340214,9.31935066297603,9.899995710281972,8.342670968731928,10.287825317119863,10.991894898997096,10.580631348409693
3977,11.67272248619655,8.363481741786332,9.797359917614433,9.818885193924878,11.141502841057278,10.07048331884341,10.568126707170606,11.30042366721101,9.226796763086266,9.313072826949943,11.28339443520349,10.100304339987495
3978,11.673811795582916,7.880183007243513,9.522892975902057,9.362228136778867,10.83425390908793,10.019886621406133,10.580248824354543,10.23669362814798,8.885001643835878,8.888116524338088,11.323538253795613,9.965069896449288
3979,10.739554277468848,8.050095356913257,8.679516449928066,8.603065926985153,10.901707609988794,10.065840384983973,10.15050450761125,11.100770201428105,9.158769937679303,8.556104150290105,9.907481136155216,10.855574733913532
3980,11.923742040465607,8.805342980691874,8.452013172017999,8.740667758201841,10.568530605679431,10.452525350654316,10.833005700483614,12.23739151088731,9.64791512089428,8.854705200726045,10.019864835386784,12.400308253507909
3981,10.001016820460928,6.739455121170995,9.428872959429734,9.320134446519742,11.469642747356794,10.114434933256419,9.252606724793017,10.702618881018505,8.92371388728178,8.485494146539533,9.756552894320915,10.189021886130675
3982,11.200237010550785,8.459447802873619,8.289688190231622,8.33293330511816,10.932479335328896,10.497745552811592,10.352689169658987,11.084920499690227,9.120392541835418,8.556096837733097,9.8725414005634,12.082807546365014
3983,10.19674291926829,7.940530053845164,8.191439743886487,8.408804476609246,10.74451871545827,10.043331023613595,10.806774777197411,10.904072264818993,10.02964670951517,8.459150180884098,9.592512201691681,10.832806243927113
3984,11.247617563173126,8.49809988898535,8.039172103314385,8.927356473678632,10.379726224019603,10.586979397936698,10.248960146307473,11.621442916207043,8.727682726221884,8.960345690155556,9.775794337236885,10.858056678042907
3985,10.247235766101037,7.623302518963723,8.08328365353622,8.745387395595422,10.718746610251628,10.163984139747964,9.910532132560293,11.420683876856163,8.945157942947844,8.18862130462418,9.382876305141814,10.912839441237743
3986,10.794845855937341,8.15625763061235,8.192133382344217,8.640825461463013,10.48988442404423,10.362752161838179,10.598600745717901,12.26007030261005,9.28168162754249,8.449160136033,9.521084167196383,11.498840012896935
3987,9.25058358771537,6.638369273291333,7.934767904381884,8.837310598630232,10.90274510430735,10.02868997497781,8.601979323019783,10.799702670104285,8.549090507044088,8.25235431786453,9.147592674811225,10.257816853071175
3988,8.41850697158548,6.24886811871758,7.923972543647438,9.099530996988888,11.715568228320478,9.964659189020336,8.24575479823323,10.882062123874086,8.610001055974148,8.709005658405903,8.90788265800488,10.101239946103151
3989,12.278398983443982,9.616069720912218,9.188524288386189,8.970218209749023,12.412960472670537,11.37454430815525,12.617563821917932,12.837912636574792,9.933726905323022,8.912218234499287,10.410952943289178,11.810287443615872
3990,12.491391434722448,9.696694710948499,9.268326952728197,9.106589956823928,11.501089817407035,11.436201366957931,12.470649247212869,13.055868053611839,10.27504298180165,8.719798430895644,10.383806621623133,12.069654124408189
3991,10.721217147992991,7.636828419992733,7.993228957551375,7.790133278972046,10.527581538493058,9.899113616736932,11.273380795122996,12.432082534570107,9.324421988194182,8.134636679373777,9.337592899577897,11.962611017108493
3992,11.347910057517057,8.323966856932529,7.864754418474018,7.762433698925491,10.063029563768254,9.863512225320758,10.851159231709431,11.624154223087178,9.171747972569412,8.386101108691099,9.52326053313854,11.706459058616735
3993,8.478335084002278,6.383884474000232,7.83131679159318,9.063517457380998,11.197333241156944,9.747540118085295,8.119690069280137,10.509187397341659,8.74620945930324,8.948435494794932,9.009404104043554,9.912640703145172
3994,10.50827767387848,8.056955692676008,8.832772956253045,9.12901746114014,11.53300758978683,10.464919160049403,9.812820357945117,11.958395839054829,9.192947494075936,8.756320458480374,9.880100821308886,10.89105190643287
3995,12.405614180454672,10.203173742551702,9.09861758617151,8.992112992787817,10.941337190619437,10.970040727655864,12.16089644963711,12.600022798043089,10.022731928653915,9.053977230356958,11.17912704815857,13.411786617430845
3996,13.16159651065388,10.766221222573229,10.113726250265909,9.519064950014492,11.602592751188121,12.036764471040923,13.001537323689702,12.852358689888426,10.433584373418281,9.98222490399736,11.679801196049313,14.255393063976245
3997,12.00218732255561,10.12758059058682,9.27059491234186,9.649512602553695,11.412217022712921,11.83245361391604,12.641774730210983,13.60296078240868,10.326208814784977,8.997044030676964,10.684590314615154,13.06720856508041
3998,12.036675061783784,10.469330464366791,11.400878596817384,10.347840853872315,12.640058673848474,12.455666396078126,12.648007217189768,13.69240757981917,11.238283035879732,10.766755366647667,13.47074162411253,12.672151616598681
3999,12.55977183910993,10.546185915790035,10.515293833765572,10.097421815083596,12.441826683662185,12.328569509449144,13.30716169484005,13.606722351823388,10.42073332395896,9.509088029568343,11.856983609865791,13.442460674449151
4000,14.640818898972926,11.07232553123674,9.199250306574337,7.013631555395835,11.062743630854298,11.011967711415997,14.866147571866685,13.362601396532023,10.890851090884917,8.13435648170785,10.05272940117476,17.24708519153253
4001,12.703596655022313,10.085793014466535,9.078968515892893,8.72679272421512,10.614343595110128,10.318486330638706,11.692774779255661,11.729013625499746,9.525438416196916,9.179341047184968,11.325001502403543,13.123147519561488
4002,11.48897699582996,9.413479952670729,9.587389927677503,10.369925273422162,11.73121494191307,11.921893315571294,11.998869939978587,13.212399595432004,9.859415870620992,9.589154913071061,11.524743329010128,12.045110569385582
4003,12.391163680423784,9.77579079418819,9.180502114885858,9.394536397064023,11.440962170952314,11.683968334205458,12.371211912820975,13.436643648061889,10.117414727221576,9.0616912198311,10.967620311125952,13.12915828707349
4004,11.243081813601155,8.338056676403204,9.014856182919745,9.493978031884087,11.097820928630998,10.50956410550994,11.016451526647069,11.5605998220169,9.489765583187411,9.403640768550085,11.28679682735756,10.962799237956723
4005,11.954527404348516,9.135883191209242,9.108111920714514,9.844223766473363,11.062213816649667,11.108404377375146,12.07272757014125,11.633557962076242,9.606595709168282,9.473965190946823,10.938283311699827,12.005115237112829
4006,12.548915709287376,10.55586487921531,10.199254500827866,10.561657846180024,12.60675911486915,12.834715238608219,14.665334539028423,14.111363195564774,11.19864652321773,9.168507268180694,11.924085282683215,13.20295209064016
4007,14.118992757525069,10.729737401345062,9.213377125684708,7.535292425207187,10.837088648640284,11.565352039470401,14.145066814686588,13.850121630152808,10.814087325519857,8.332586190429772,10.322681012146495,15.191589845486114
4008,12.842740983815663,9.05048461104464,8.414247886763832,7.947838659152998,10.540899001476793,10.035488478233166,11.79722962514576,11.762626783498774,9.506703583357131,8.921626283000712,10.48513725410682,13.373606701855433
4009,10.838128442430431,8.796725053299511,8.807203522716307,9.337176811068648,10.848850211641812,10.561934702209774,10.327217313324898,11.760419540789714,9.105536344711835,9.847736854559358,10.936164144504811,11.391748945931372
4010,12.665783647377754,9.182437404955692,8.408080743760873,7.977536439877857,10.089669450793627,9.80319475233524,11.51818630864918,11.657469084931368,9.343574662014431,8.816745276348126,10.798074952354618,12.801699707267712
4011,12.89345248702243,9.904060562697124,8.92246871275323,9.196774243552493,10.962879332033854,11.327453106179927,12.503143243697014,13.156661770715015,9.808379986570696,8.932508455362012,10.271576220999808,14.343028190154598
4012,12.500095868580205,10.650112730048592,10.364647955917741,9.7100623623684,11.740355154387908,11.624434465282759,12.722068956135418,13.043945698461348,10.392634972314129,10.052690851862877,12.410198403498615,13.860879350722634
4013,13.930145276767128,10.786053844230945,9.34142179138234,7.879318063063477,11.124715976991041,11.496252736650668,14.125702499353473,13.160636532794236,10.584992998433481,8.561354745092107,10.418467546716395,16.5653249691573
4014,12.078973850134386,10.56165486812101,10.17102939991922,10.345568417691174,11.958112941821469,12.105345510612121,13.669684916351587,12.732934031394672,10.868350235176903,10.030593741637315,12.014100510822024,12.413368715368826
4015,12.248248377543916,10.821261407928482,10.636267044781016,11.305376361771511,12.300240250930475,13.023220069444882,13.632615458338773,13.744233531947135,10.829127571683557,9.641956977717959,11.796619070411328,12.390754355647797
4016,13.402589940061791,10.665333542428392,9.263910615289056,8.944966207539775,11.095001514545954,11.493526193727018,13.813387155811736,13.232320528682415,10.40871057008032,8.418779803310892,10.629399044866965,14.661996074108787
4017,12.031987328451194,10.088294184443257,9.629493142405758,10.524432326879683,11.47610342907784,11.90067464092874,12.324060835115965,12.419024764721044,10.172634293229436,9.291564458174314,11.17319963990112,12.345024599532914
4018,12.619493427530879,9.98736475278484,10.342903363775811,10.637579894029578,11.736410030333067,11.412462530840326,12.159089223926676,12.121061714862819,9.625961142442845,8.57033339670187,11.34894630457913,11.91510837129507
4019,12.199033289682774,8.891046167687596,8.836565118602442,9.442646995309836,10.732561878836194,10.664099252192043,11.612765129788173,12.275738750925703,9.630917109471014,10.172607928753933,11.149606174902132,12.796416917730888
4020,11.15237135318441,8.615064434748868,9.070058867758355,9.997367278582741,10.803703678583279,10.414770141884722,10.901862538032852,11.740478487038889,9.46576541520156,10.407737642571341,11.754486784327531,11.574270310786568
4021,11.629561394708324,9.579326345059187,9.244054944912735,10.07856898662333,11.32738612890899,11.228876791405217,11.827701977259576,12.24261468982635,9.968660686131862,9.580920618364958,11.052872291748276,11.816632170521931
4022,9.817783148105667,7.568478217929506,8.587355634121275,9.520947896512432,11.518024928998782,10.417074746959255,9.723818895751021,11.427240216398172,9.102697830453991,8.54445634855907,10.109953614591872,11.32135969134665
4023,10.799907237563504,8.017348723039452,8.608402619866318,8.945023331846258,10.677621938653878,9.74749439607264,9.68058976552048,10.72798285810827,8.976002317681168,9.193822037529436,10.708467293058156,11.07251022517536
4024,10.978679685480152,9.028594661750347,8.654589317694882,8.988883092067148,11.224480370006678,10.618201312929546,11.244440301899573,12.83289035615708,9.718275467157383,8.794187003043907,10.097654194403995,12.473596355925192
4025,10.985879808873861,7.3636237522544326,9.465001804615921,9.785441493112518,11.271954408813162,10.70183254897773,10.40997183982568,10.533210977754583,8.659401177238681,8.321624538582439,10.513480033685486,9.619540496633075
4026,12.355486111527792,9.763396352852492,9.372741173306476,9.327625115968903,11.241227379279074,11.05415457129731,12.211993467734693,12.496404176704868,9.783787498351588,9.630906924726695,11.805948410758617,13.051418824447094
4027,10.62212532761841,8.211690661380427,8.964772771598408,10.003591533975463,11.17225250337463,10.682138676400164,10.387319715566822,11.55451273466915,9.531350334407035,9.5894760938561,10.455533857151686,10.646573590129186
4028,11.960751506822952,10.37467592496634,12.884425768274818,11.338385220375967,12.589367009269456,12.491062203254064,12.41851309576489,12.732020016220819,10.106541644460364,9.487330644896216,11.99305781962605,11.738510084923401
4029,11.268278518714952,8.556445936790224,9.210620787583077,9.514850705777935,11.425035159178933,10.86547674602201,13.250973697744332,12.893214286097033,9.401130064849657,9.347072660398158,10.948885822851222,12.01226961518913
4030,11.986497419359267,10.3570541981047,10.858269448003062,10.398943625788672,12.0665035015863,12.541199725892042,13.530356933954199,13.886045490739612,10.789279329981666,11.925661994228177,13.16700681315536,13.10659467349252
4031,13.689334099104354,10.486328913079188,8.982727116578456,7.691551536197301,10.775092952675493,10.600601588446125,13.780496288234636,13.635033189960048,10.57721109788411,8.526278340827997,10.852950746632793,15.095080973139126
4032,11.228574417732336,9.26787245816286,9.087196804226206,9.870829906699871,11.19114466194236,11.171154503163194,11.94379782187227,12.787076508278986,9.49613174527546,10.170647743054388,11.665637713349037,11.644063162937446
4033,12.004799844402587,9.753123779556189,8.879526175415172,8.771990682918876,11.415420344433386,11.183124993661778,12.139220058436255,13.08868122235423,9.964696648580997,9.070931069271838,10.661425758649514,13.029744578661841
4034,9.777626301892997,7.1414825652191185,8.074830071162674,8.929905616393158,10.286877072855166,10.245526945356445,9.990994481177532,11.909507281542362,9.11967911022047,8.709314237265842,8.905777519866199,11.568522854289274
4035,9.054874580553264,7.020361295298286,7.783396797945237,9.56016472007565,11.883263324839584,10.379483597671967,8.851642864692208,11.389398576753644,8.889247131739726,8.826546237781043,9.115738929458367,10.541263998269123
4036,10.618327752428046,7.765068524575779,8.057576674069367,8.852842131532057,11.183339213544729,10.516643695936692,10.557536418989656,11.761240661485566,9.519106451531933,8.35000551706674,9.635617259825901,11.885320205009261
4037,10.056753069971208,7.869197833922128,7.905545994412722,9.008554618415294,11.404661511816313,10.197442070632933,9.525275129457361,11.189626767900993,8.784832148602543,8.50024312580347,9.745799274871093,10.883012513121834
4038,11.070334880794455,8.732843900863283,8.053575679820863,8.116070164083915,10.866319511202711,10.34673051745781,11.817539887545825,11.830515289398699,9.501476088316833,8.357235547603473,9.787593506688424,12.234648105169047
4039,11.529031764260331,8.563553424510438,8.174785582998878,8.699723368393144,9.82253796391953,9.779254297219996,9.89673561276721,10.88284932925897,8.732576207286401,9.535551337349213,10.787986041135817,11.132312858543077
4040,11.63318100984569,8.988807109787775,8.434261370049455,8.485194320759884,10.443416262852613,10.62681569534863,11.813224002028452,12.555158897031687,9.762161446305086,8.586666749283523,10.27422653798503,12.637182450101497
4041,11.23450720854375,8.560314000146123,8.659526870632984,8.8403287538449,10.533903529156266,10.21965022414269,10.268320390102499,11.983733932872415,9.11785145351097,8.938879607637269,10.011138598635162,11.83870032447847
4042,10.235014052712874,7.803569594602665,8.043340838864367,8.47318504937941,11.236046256790587,10.444359845807497,9.932766810937839,11.705092371447279,9.452795797000862,8.28040442519304,9.434405966872383,11.716311022418186
4043,8.503263216119088,6.81698381550223,8.204518414241123,9.51069261155362,11.993149566951846,10.615263642247857,8.722718630267307,10.9939333137726,8.932828469491502,8.811962568765296,9.471125503390867,9.872984614034177
4044,9.73718136725797,7.559726576415304,7.931490986571312,9.37301584784565,11.502150741013521,10.170073651620221,9.38724713007485,11.398218959799308,9.0794750019717,8.930414919990973,9.619231624199982,11.04142224666909
4045,10.199241294665978,7.911417936488159,8.595721658868255,9.246184974493069,11.732181731849458,10.252461098686483,10.121358723437035,11.405999638445133,9.33763391883188,8.766874330902791,9.624800114971201,11.255722046290181
4046,9.529164908803537,7.146340741257196,8.244208901981267,9.532665876679108,11.410267707025401,10.11021084545607,9.210177813875845,10.908943527286926,8.88333745002985,8.959306020014523,9.511926356527619,10.518781978986267
4047,10.803037809141475,8.42070440159691,8.581994124578726,9.382549754451361,11.749651632333201,10.619289941141446,10.579886517096801,11.463820981261941,9.446926387033688,9.093867243250706,9.982743226355032,11.869871792962423
4048,12.553919570491615,9.423802494725585,9.039847320293475,8.524867928210972,11.160381015867213,10.98016188530987,12.837876082113826,13.043977534785625,10.3135196307113,8.20983838398266,9.534807848883036,13.489742931324933
4049,10.447750343583508,7.780036272663718,8.264775945089946,9.402159887753038,10.950413981780958,10.135548011575162,9.158497620802564,11.035788796849328,8.807485822001068,9.186705268377953,9.74841952245269,10.806255766671015
4050,8.385434964293747,6.655123068553371,8.050167543755315,10.180964305493951,12.091038295266994,10.215107096839148,8.129331699463467,11.267454622197766,8.87046050748827,9.376360216754803,8.8587013821876,9.817353566771349
4051,9.826619719699607,7.413222377948042,8.361095415684668,9.82362157375728,11.288819551376914,10.339632763689442,9.49706247691931,11.279973940128304,9.142083084727904,9.361124519179745,9.356003410199365,11.019125092296328
4052,12.192519534610813,9.667570882550354,8.663636783727247,8.3916772407568,11.229995973658607,11.295566750319932,13.025029646139828,13.8320019547157,10.584310320237588,8.308845778682903,9.788650251794763,14.329299241031785
4053,11.230260864461268,9.023075312448686,8.209222848588226,8.308558239216431,11.158030123948931,10.60308546088305,11.404244093206565,12.115976186206165,9.712956171370994,8.20428230289875,9.465044309975571,12.53267442748351
4054,10.25852970764332,8.243397038550064,8.233572673752292,8.99899360382934,10.971791604877977,10.241234492285313,9.879560180323258,11.459336670366463,8.953497200925069,8.60946340168809,9.54032141967344,11.324242920801893
4055,9.054258434791896,6.66729667560773,8.505947213105017,9.902462706083943,11.637162216494522,10.146123333389099,8.64653071934693,10.97867759998594,8.84203014456336,9.38885801620843,9.100907825710193,10.108523187372725
4056,8.613901906342672,6.406972978166584,8.153019500643993,9.978909262027136,12.517483087328488,10.374406008457367,8.592729259472453,11.125999416848074,8.807551250207915,8.88898655463026,9.125042298541148,9.579397645971737
4057,9.54272501206525,7.049912458303979,8.382117820709162,9.536020947927803,11.281382120750681,10.065917813760588,8.991745289146893,10.657217966715749,8.760680031380591,9.084730470906493,9.66334777072033,10.334198164751154
4058,10.407079464917386,7.845650812427228,8.77829924431219,9.427798966944717,11.090651524981286,10.632249897396626,10.012848254831294,11.367731502791496,9.07818133506951,8.88582956697476,9.489303238616083,11.568493505291741
4059,9.295007303101517,6.926506392517993,7.99891911106082,9.252045101667493,11.185649238327326,9.989747360500537,8.671611337785148,10.401193177377895,8.756563161042576,9.379882918842286,9.528110784401054,9.84207389440352
4060,11.844538390013255,9.246091526358798,7.761958079238113,8.252979234047984,10.779965556710115,10.285658298818909,10.721001111088936,12.05806058350792,9.080051409622076,8.38717317895675,9.670926589263484,12.652590623397344
4061,9.303825626869747,6.986037008783123,8.526290276503738,9.642191730496732,11.779705861583643,10.624622882029547,9.349926000663453,11.121756152381003,9.074358175598578,8.996093989699306,9.279433037678091,10.176048526859752
4062,12.234034462480352,9.72740466712925,8.921870953640155,8.258179494567333,11.209597431093869,10.887681375210425,12.85100097097618,13.757447247504015,10.488906038546677,8.276886694988299,9.802364779157566,14.255999638255325
4063,10.07172054907145,8.09068360703693,8.751440228837422,9.64624791454904,11.038798027283095,10.827815919547735,10.02749878992017,11.532965206059156,9.120723266182829,9.358327847312317,9.977602320999551,11.101978861828758
4064,12.154303361165997,9.453465103312578,8.624897430311478,8.276191435548515,11.237308733786808,10.767448426865462,11.639714608527832,13.109054405903498,9.932189110404241,8.46169994593654,9.681541770677882,13.138461084692961
4065,10.226312554266414,8.00220306491468,8.401245233516157,9.75147384610434,10.996666264238618,10.385477585230557,9.298664797756814,11.314268769971605,8.98976695736011,9.761380520240449,10.66352728168601,10.753701438729852
4066,10.769247947029136,8.568390370915354,8.023538785240337,8.824985169840001,11.48948781758102,10.697650721988731,10.300516494717614,12.029947609886078,9.389116094604343,8.2165391137511,9.491120983401467,11.916371324555818
4067,9.9930688841596,7.667925063294586,8.637903099484777,9.165431026546006,11.198195845173977,10.446969272167753,9.768090524134765,11.436737865905197,9.153245602342617,8.796400266300305,9.43032573602586,11.331245425365157
4068,10.333212257574113,7.532184179641064,8.537587243902088,9.642927815388768,10.874901734947063,10.364091196449078,9.431647086463489,11.105840441593479,8.720072304762096,9.038684023774668,10.222279646540933,11.15639573406458
4069,13.20914473992304,9.91694456716444,8.44984551998326,7.4675949725434805,10.27833615862829,10.335336257594552,12.328831771202257,12.997557186887946,9.86450830577147,8.269863931731043,9.896793186389448,13.949489945768159
4070,12.836827545999336,9.64167293052403,8.61276638775868,7.565288773064881,11.120236671359693,10.586730736425093,13.388368289815212,13.441040811022912,10.477303702094975,8.039190902574264,9.254166442980804,14.316005235514705
4071,9.660769200066895,7.14161419286257,8.226893111364756,9.780720709413309,11.485046183526586,10.119748317249925,8.987608154289232,11.024408609781563,8.810019723913188,9.340562445084286,9.507342070669509,10.501073799260745
4072,10.30208537457342,7.696081293548684,8.943983851484141,9.714389848343732,12.127872082383849,10.709940377540843,10.258362796068491,11.83375439931022,9.213855914925047,8.8738119098103,10.31130180156565,11.182902285680694
4073,9.94127680459051,7.696285863936158,8.022739617309623,9.797513952842138,11.602608746175495,10.43450268112529,9.190213724426124,11.285730139944121,9.24066590223389,9.43310357644501,9.173418881159538,10.823781384953914
4074,9.739440070567369,7.113665490927054,8.331502041809049,10.020121727587757,11.660051523814825,10.166013824496897,9.056808028675047,11.377803690094119,8.966678112803244,9.628135480253754,9.234310894134515,10.533310130996746
4075,11.298470854853043,8.239895423274563,8.422328300327045,9.133194619787789,10.14851461954942,9.648510787124296,9.519898528590144,10.690509835405074,8.630740010833417,10.327338661683653,11.574467167260849,10.920500949308611
4076,10.094357754289845,7.967408541200511,8.924093392355882,10.15116144766573,11.30289713148052,10.829995381222197,9.808135657907982,11.753068075180371,9.322918319299443,9.730140943579935,10.398551800198758,11.062797142448787
4077,11.432308020445369,8.693174844202805,8.663027104131936,9.696453659328803,11.04211966855132,10.882236324575157,10.92829343031965,12.478657191026198,9.336044151661572,10.151439258277929,10.93467641754284,12.320911043112105
4078,13.812783802171115,10.345014084502123,8.593731820769076,7.37263870969627,10.457867325870897,10.75477099548144,13.005577272343457,13.230715359701266,10.381468044299393,8.296884397948805,10.157366127851702,14.853823422915976
4079,12.387392078648741,9.895708631281313,8.557215695083935,7.828399066103019,10.729394976923754,10.42133456283063,13.146288523896219,13.026264945420046,10.178318925688242,8.478767093439952,10.306568690769968,13.980089932903788
4080,11.885006360622393,10.165283036786352,10.460399655902119,10.692191958508978,12.106589070632193,12.463849523191682,13.181457360948247,14.089339539726133,10.203319575491982,10.89188897435984,12.244777633258035,12.56820586905746
4081,11.348553123702217,8.778764461318836,8.41266633222246,9.247900588293085,10.592712735632238,10.308276230589428,10.952749752547795,11.801043669008244,9.600153380837638,9.453050736622021,10.653832889767148,11.819456897721441
4082,10.295154052003687,7.6307751918924716,8.357480008821002,9.407029035937263,10.842102571137225,9.767457557746425,9.463720051088796,10.710123277301907,8.875620657774475,9.513423409464965,10.891757107305292,10.552616783147077
4083,11.495048968996514,9.3341094194556,8.756795857679872,9.170896690599772,10.863056838238197,11.17714763378457,12.044369131397985,12.722972447414387,10.051105902109159,9.366369772930156,10.37758952929968,12.423164912548543
4084,10.75281508866119,8.971378208211856,8.712251477634739,9.850742312455942,11.067901378407864,10.935381484497595,10.930988560785963,12.506953222524395,9.200191939910779,10.319890032552214,11.355762844770682,11.473532442005585
4085,12.38278450487515,9.581138443149555,8.815283585044973,8.68609984708953,11.002226440243785,11.125067081725192,12.583606760133165,13.125330599859627,10.031544061451617,8.82203871646701,10.539699464618122,13.378046652216781
4086,13.409485898257332,10.641111731531563,8.83251887967244,7.599879017113753,10.809137714273273,10.890299090974484,14.586977402044946,13.813610413985588,10.685242074248038,8.176926858360453,9.900098955621525,15.783082012431322
4087,12.524252968168778,9.69804935068052,9.29373634249439,8.946183691050535,10.948280219631256,11.292732547232381,12.138011258501436,12.887892706859695,12.188996796170061,10.078184346051906,11.79712750015139,13.19741345521405
4088,13.19320622142073,9.71358999687394,8.509066217428623,7.4529859465666615,10.42200633219995,10.149346802468212,12.708241989275962,12.46013183746474,9.947483983014964,8.595514931224614,10.552573217430204,13.591409668006905
4089,11.421720289843034,8.678166115915673,8.645432081267241,9.083480361955875,10.294387175032014,10.305396442905002,10.351162613661986,11.084377524126294,9.027922791217158,10.224619568767604,11.201414679144257,11.473318379995021
4090,11.875796382159471,8.355865006994367,8.418653980417869,8.966937059937825,9.94371247585419,9.51273088365786,9.686106489636492,10.416590545042308,8.703624097347097,10.657391079265507,11.781362190818998,11.261044901258106
4091,11.095720534246562,8.229552981173141,8.47384988923749,9.861822000908097,11.030017854781068,10.270975685899115,10.147839557809746,11.471681940055714,9.054573025133804,10.059012811253291,10.583139484499984,11.39531829708692
4092,12.060668488309176,10.100691310505402,9.755034005092186,9.906561527403973,11.935124260923946,11.567254991974593,12.343636827317624,13.057046058864817,10.383909911942272,10.815601111049,12.038312796775,13.657190298967414
4093,12.35616198706401,9.205540998004189,8.462126788172391,8.578840239505318,10.320712401302629,10.090764687165,11.588377966562296,11.349878930208522,9.547802241138045,10.165254164120023,11.383516100592281,12.80035157652991
4094,12.360853527305379,9.026707427819291,8.502715462459296,8.198076923355126,10.657970432216501,10.202839949039406,11.851037717983276,12.017117765873536,9.925366604666458,8.903499053813029,10.804441873600403,12.346020599300644
4095,10.597185551147,7.710180046496414,8.576162062903634,9.312721132580581,10.98977752147999,10.173608548069584,9.652863802285186,11.241036520645881,8.764696792162779,9.707558624247064,10.535778174796022,11.077301069912647
4096,13.696916175732236,9.994180664618053,8.465029051087692,7.061519308220822,10.494818540952238,10.521806001111788,14.189660856677541,13.468278590781498,10.362278520175547,8.043552934623298,10.12023498984436,15.081183902561978
4097,11.68054388789303,8.562934939586846,8.332447096351137,8.945055181252627,10.347764197381121,10.375385687866267,10.417165570073895,11.51231317920356,9.21735961849032,9.538888182773054,10.5576106514878,11.903284100171984
4098,10.428566049908696,7.786926022630084,8.357766111143349,9.11948196718258,10.693436167813893,9.939856209335767,9.738336839880322,10.713847440215652,8.866256302875097,9.083248888258467,10.7783200126185,10.754693023420202
4099,12.234552180187166,11.06692775312441,11.761925368326889,11.265677949448992,12.598793010385826,13.456617046922783,12.96129642816962,14.276112470725046,10.781253894850718,10.336891133237675,12.607040020895042,12.938597408174195
4100,11.345180146302157,9.261685381343963,8.713976045560361,9.311490871452758,11.389829748255538,11.245980378991206,10.824760534668679,12.43923724166126,9.61338943988135,8.896670765039245,10.038895733796945,12.088348350859276
4101,12.584760914429435,9.355047960571568,9.123797588788252,8.919633328065254,10.845882932521459,10.556756201658253,11.468262302189881,11.976537706093497,9.736800810640698,9.651739596854355,11.495728940636635,12.41193171780393
4102,12.966633071910898,9.82323403018541,9.618375079130114,9.230196876752768,11.631320747966178,11.538536470848813,12.886431963895646,13.566722747341547,10.28245845703799,8.567858615092753,10.719130523104294,13.462823110067333
4103,11.558248525991612,9.284970930950191,10.544638751072737,10.196879469752082,12.526602954221808,12.062077491326345,12.633377376361036,13.22759333331298,10.539650698285987,9.237171386913365,11.453313153537913,11.928060937784963
4104,10.724069457576675,8.74780523239028,8.693744037919778,9.310897696691704,11.463631266074106,11.173683450109017,10.740427268246597,12.370699091229316,9.731017971849104,8.991390875406484,9.773619472434989,11.791278814540345
4105,12.44513683554585,10.643110465307878,10.756848261864906,9.948679578938247,12.417595947671494,12.622162456974236,14.449182814951557,14.377206891478401,10.978691620086394,9.903412655963574,12.01224912094719,13.98155312721256
4106,11.747288785782741,9.495063425143364,8.601765470923809,8.406194596454522,11.160628334730578,10.463876542594228,12.761507787195338,12.620791626248428,9.946216422515558,8.298626896393454,10.362887277922464,12.95693390200615
4107,12.156120808539676,9.193561883133805,9.831220872085677,9.14865316749449,12.058413068413445,11.453360078766545,13.531407095475187,12.873723827390728,10.61324523508657,8.9755967967155,11.011408276631887,12.197151775312935
4108,12.008033375646415,9.254612806630035,8.482656387329516,8.969824273420894,10.430380216142867,10.889003586599944,11.38489449467449,12.972801397276026,9.737050079490977,9.24752097470658,10.548110913162123,12.589834582533166
4109,12.235023573156074,8.799983971200284,9.475671876167969,8.169000589237626,10.526883257366153,10.044714277287774,11.113640819033467,11.505320681259551,9.361915054407177,8.904737109954914,10.425879994443447,12.052580803413878
4110,12.508522468055087,10.734920210140116,10.860717469314036,10.185821865664213,12.337375838747256,12.510465261969966,12.975786303913754,13.347793796262916,10.961280887213915,9.767468534107122,12.12946857468367,13.243603247457855
4111,12.939129208753165,10.82092570519295,10.010717877172217,9.96701764673803,11.897563713514955,12.00838942339135,12.951358539763984,12.962963196492488,10.452380512821694,9.076048283651945,11.428747047344054,13.18496040783436
4112,11.064302065809729,8.021950052707394,8.225802005426436,9.005100983522023,11.418512662091679,10.59103052783551,10.134302235817573,11.816235897045432,9.371922060822445,9.100536341561831,9.508487435931286,11.790984757076735
4113,11.770731825937782,9.096589802309788,8.25075571832968,8.176048270889243,10.942922132420687,10.956813505744849,11.715437883004666,12.454750919015133,9.779164390714072,8.35904098241674,9.613949707072473,12.751168477012058
4114,9.46074935679847,6.208362316939468,8.394967676716742,9.057664364534366,11.179001086284028,9.931790304845475,8.791002800309254,9.486254346979411,8.546457038738556,8.372352394903524,9.758269923485171,9.534501979352704
4115,9.918441419150888,7.440290681047115,8.005129409826942,8.597196742999822,10.83309299475821,10.016028130026218,9.573072854484089,10.684577368508545,8.683018859673215,8.665282703653734,9.556015435263156,10.667224572891541
4116,10.617468452129806,7.329675195436765,8.70191297630165,8.975766307551215,10.645576020127177,10.062761813468015,9.813534052926357,10.829237815493046,8.95792108595743,9.042211120670236,10.071192996613457,10.432718226188124
4117,10.368232388557193,7.889866454595292,8.331453650087184,8.842612690623206,11.109245651968395,10.495640611129772,10.52833038075301,11.146816890391793,8.898933990504798,8.369540003701301,9.652024791828747,11.826728316139794
4118,10.443130883791987,8.029448793393485,8.02689689102522,8.444831852982931,11.130221434679067,9.940987519482182,10.89437104535737,11.579408809196961,9.554232254786449,8.648435232063349,9.903416851658974,11.208988203057308
4119,9.157929173662346,6.8102874597320024,7.967195676333622,9.121387814576858,11.375395180159511,9.830401857410685,8.986696571527856,10.332998473935362,8.803008955617834,8.886360350280672,9.660595302606112,10.227835461059819
4120,9.980206533839363,7.334282296135468,7.9901084636018425,8.628133054217416,11.066341178819709,10.175616994266141,9.691299207502057,10.405118734363455,8.759796105646902,8.814303139979334,9.673670742073575,10.488090995744788
4121,11.460870622993049,8.691222214051402,8.029132394244728,7.834525777866729,10.560614786332206,10.365724150203713,12.280805403382313,12.42366811448992,10.856717731446226,8.164399094976497,9.537584427300189,12.979489243944382
4122,8.648446401686279,6.434088614679187,7.9695855705826295,8.90254290404971,11.345807408758384,9.338448069580682,8.852392199385152,10.048365038236579,8.514957325108323,8.52401332527451,9.090797057378389,9.274618110198032
4123,11.851727045948723,9.51645976643017,10.541194540597406,10.579198858475417,11.82799772336669,11.766861291475603,11.722385432379632,12.467644591634478,9.669232620917825,9.575351801668859,11.745789524074253,11.444235421068797
4124,8.86680411140653,7.308915623975824,8.223577168853508,9.49138652049322,11.79711453004903,10.267783927538204,9.269588216482978,12.009796215358293,8.98307030253359,9.094952003458229,8.77952061827142,10.201099569706043
4125,12.857524112316916,10.251958221675595,11.520977686968529,9.665406444818295,11.776281112145853,11.972773457530394,12.727677152128031,13.208778852928614,10.245605783685138,8.693014480135217,11.240042416421286,13.394772657868547
4126,10.179456595750539,7.683850101936304,8.826328337696202,9.248019203744823,11.218468559478307,10.514697433064468,12.82086458278878,11.697201796769345,11.550665848476324,9.433920257786998,10.349661066704776,10.700231592301915
4127,11.784733908649418,9.544583687316333,9.25745819383917,9.505395333649275,10.747824512390665,11.333990916287274,12.607855358325148,12.482373382596947,9.880632628234153,9.774157224546409,10.909802608084949,11.769964908381107
4128,11.105223642279544,8.393054591009243,8.775286279463403,8.758698182106459,11.002542760765916,10.66173067074628,10.722584933764715,11.544071083322034,9.209466972707474,8.681567883446982,9.893885241202536,10.741307609241655
4129,11.822425946541443,9.92584117474017,10.770919698021059,10.764637811044857,12.801132319147511,12.623714952341835,12.437285599968966,12.75073070140266,10.7187944901128,9.61433473614461,11.611519039125469,11.625607834240043
4130,11.877203106360268,10.066193865762052,9.972902818575495,10.397992240103934,12.003580252179159,11.916985479378535,12.432824061733626,13.191299877568337,10.152032071884053,10.189385184126206,11.715179247262387,12.691908445808924
4131,10.606515347551117,7.982356393544499,8.424152625943355,9.743681815931444,10.841609318416786,10.4734048387054,9.601632877224255,12.026126217334449,9.107368659432282,10.627514024802833,10.971350013581267,11.172906236150332
4132,12.88361677264982,10.704149942735993,10.901900521284302,9.855218368066362,12.52223492514942,12.534267681250057,14.792334488117195,15.141228795177767,11.368124322781672,10.432181590883083,11.949350498753542,14.323329196637854
4133,11.948789958747323,10.146827032646978,11.18458987121123,10.695178035744007,12.42732439880006,12.293808734490062,12.795391640652404,13.617622533343683,10.276468835228561,10.686024888827333,12.435623146027389,11.926532244135744
4134,11.742249004211594,9.070944938865733,9.067290108608066,9.401585322501013,11.302961532092548,10.89867760495688,11.70770755230018,12.029390020769675,9.20433114903761,9.5333952597218,11.085081961407106,12.049542553290552
4135,11.151490338624047,8.746180490647685,8.368926825110915,8.354017946173359,10.891501435006248,10.427867059753288,11.2154744397704,12.155064635123182,9.885674532728356,8.095427863325186,9.791369176371271,12.386666616254399
4136,11.525617244825908,8.227786436933872,8.285100472362382,8.96349517526242,10.154309649311166,9.6625547444868,10.30154295892569,10.423253942497556,8.838317818095064,9.888058717426874,11.403813516391924,11.080943805832334
4137,13.232430715195171,10.926424983624836,11.071772660157869,9.293243957440705,11.858124436339686,12.604533541917007,13.459176934077213,14.309293482150903,11.473731556845074,10.197992736816275,12.706175018873003,14.708843523167364
4138,11.744371337692638,8.773325231630093,8.231986097818504,8.29390299200809,10.385717362791507,10.078027550323894,10.785938929352387,11.285498518476293,9.178256863682428,8.805080389041098,9.887678579201921,12.591005446789257
4139,12.451023142287777,9.381752743515843,8.629197314349002,8.081417705221899,10.956047001030644,10.642721678937372,12.658941131476983,12.904718828065803,10.424214330523618,8.329669286906405,9.955705363114067,13.18669401099509
4140,9.026255885266396,6.609724633272176,8.316602436228969,9.60432370518661,11.523128221383793,10.057830338220326,8.883994350226015,10.435731201426602,8.69683508069238,9.224905887317444,9.325613409647854,10.215409606190008
4141,10.495507647544986,7.559621784519813,8.950891531217362,9.10664817957373,11.162854986646451,10.57540782206523,9.95186029849904,11.098498788511723,8.93993397644929,8.694231745391019,10.188172815080335,10.271502234539764
4142,11.164403631677917,8.564323639129823,8.23199231950465,8.5304507303889,11.34403794366169,10.333478210802975,10.506088693798205,11.205966945811264,9.416699259443227,9.09208161430694,10.209366582211256,11.290709963614066
4143,10.698061889455573,7.570795640221428,8.404887917992312,9.169221975094235,11.094386926289488,10.286225961061426,9.566513261331705,11.140452817299137,8.986422142062906,8.90673823546344,10.185564716998975,10.736829817599634
4144,9.761616045428212,7.213832795608356,8.27671035155554,9.3647825679545,11.206946585508428,9.975875019626907,9.075117425188841,10.703747612762086,8.490120565350624,9.229163405083632,9.897962802757945,10.414676752924166
4145,11.130553000283356,8.577599789535366,8.032566235873862,8.9716625719544,10.295925121729617,10.807777196948367,10.593749309871752,12.40623168302334,9.299096842016635,8.740900188233855,9.588427292340004,11.226681418949827
4146,9.489368557370117,6.921178869175968,7.996988058127613,8.782254345743109,10.917473824557105,9.676296349446984,9.108532157349856,10.737334664493995,8.69329134546423,8.89083539760635,9.474372182569734,10.598216982256172
4147,9.45968695095427,7.686849882512291,7.793257865863147,9.253485007516918,11.899955412002322,10.534466008513611,10.05656899098587,12.374084394738425,9.215701677723949,8.780031549303088,8.960212525565431,11.410923791606734
4148,10.82485765264384,8.125677679331874,8.146310299876117,8.31991175943898,10.208055827249359,10.129950138578405,10.885065255185976,11.514216780934836,9.075400057902117,8.443178689527482,9.538751399366609,11.40591169871615
4149,9.475418470140868,6.438589822503735,8.022701703721964,8.727480164996368,11.095917709127896,9.6077217716151,8.760022094544313,10.142268936741377,8.537719498602717,8.781518938939751,9.526062034131893,10.044566596886778
4150,8.924772979378629,6.905259447665831,7.93940275176137,8.671974299626193,11.843889563453676,9.96489165405718,9.045501196826544,11.135206425589944,8.906809841947275,8.688449793605901,9.174006052601179,10.772165323370047
4151,10.241834805298517,7.513463492737703,7.809155480598896,7.830456227576649,11.312124799153654,9.94487058084938,9.905536363851821,10.927151763187894,8.740185808839808,8.40729591704356,9.347131492403566,10.835751770267358
4152,9.489538229766472,7.019755528094173,7.964078862485904,8.550748966025202,10.710440389282772,9.80047261619376,9.626001439146997,10.58882271437588,8.753490535309211,8.507661222999658,9.233814031667166,9.929367334747788
4153,10.054221745693486,7.585608314604143,8.029547773378455,9.62297473807729,10.866895779688118,9.65482694272831,9.136251891417267,10.674238693665036,8.815161207649703,10.253386053413127,10.572387023550593,10.895044493172229
4154,10.36527518472564,7.650578800945427,8.86434416337501,9.894463714989634,11.751545280711646,10.438377329562012,10.162586405233117,11.357127683623107,9.111629279889112,9.170309875164474,9.913211393522552,10.821677004243604
4155,10.962406806088392,8.282505164070653,9.02090173579413,9.623217720688354,11.019262864488688,10.545745357657847,10.572063488312528,11.548543220652196,9.514447286660715,9.725669671532042,10.379626145412068,10.826886614646714
4156,11.315378514488078,8.411177993851858,8.440293803762557,9.446477898143097,10.289209947653216,10.036211172709994,9.739685738030195,11.550662788866756,8.727825666302914,10.420647605870222,11.603194398513967,11.11224217838463
4157,9.910544664982865,7.8454959573190255,8.043633828935896,9.069365394594044,11.250840762512787,10.337628419046279,9.485638863920684,11.231488380815733,8.890093614864753,8.794664459222972,9.495064727535972,10.638869726196571
4158,8.866587284870295,6.05335684103942,7.947027689757313,7.96068656227938,9.929505304143015,9.258925301446576,8.737023118856492,9.428806503663855,8.733922788403707,7.943015461557776,10.134550081164818,9.267727587159703
4159,10.32171362458108,8.629016691917887,8.127969706292888,8.758958214406805,10.676183122930501,9.899870911915997,10.08393653231764,10.769111611946911,8.85098213083636,9.216334936683404,10.014968434001538,11.145272249490342
4160,10.588227463205632,7.928409818260855,8.390598056344796,9.371715115886644,11.017583349721367,10.180915983199334,9.868859017602897,11.66369425799244,9.031827184543948,9.334667181676247,10.109370739418015,10.668543921873868
4161,11.546998047658398,8.584209930854074,8.812771951289896,9.123675275941032,11.26568646347142,10.920165462282105,11.484023336475008,11.877205908160153,9.500784735372582,9.07602887188858,10.717477473721626,12.15301877963557
4162,12.962664782808936,10.294860568306005,8.838569445177914,7.422908418844408,11.159709456616282,10.794331814520188,14.242543569188197,13.87295792236518,10.743163852282638,7.917970271606358,9.667577231833395,15.49541032630281
4163,10.022873232343873,7.431362352350912,8.76507813554083,9.558937654577948,11.24387124962293,10.32009334138306,9.644608271853755,11.083496366487962,9.13864152483464,9.48708933323136,9.568000403828549,10.832583685575049
4164,10.91711152654852,8.925770937388034,8.199577513026512,9.091164058847616,10.881170648834185,10.683708064055494,11.157062018648634,12.538710719169313,9.604600483455455,8.808575275493308,9.841578244785142,12.05579566446704
4165,9.951965114383698,7.566863732915328,8.157331459611719,8.694327328676225,10.67586328536082,9.611676935133222,9.205097995844799,10.178660288043115,7.745163510633489,9.034928742509702,10.128810489287568,9.974562056094502
4166,11.953741739968493,8.754025256498926,8.195806708971347,7.950363902454954,10.642974694999197,10.199467174403505,11.28934771857486,12.105139557809,9.642704959978198,8.518368800296304,9.587157589989353,12.850320201134364
4167,11.347804029753563,8.754244666696312,8.016193702125339,8.046196748571672,10.952314442618949,10.377341777039632,12.07182712151122,12.429425949908172,9.731551110832832,8.230582022350434,9.504235594854979,12.708051226094412
4168,10.952369852986635,8.438591714142774,8.27626652499057,9.14616930096152,10.776966916988103,10.703943281866007,10.255967585627776,11.861075475531461,9.061103209773425,9.115067621265045,10.281225563474763,11.234019511100684
4169,9.5828460155538,6.841323810738763,8.050773526146077,9.19498240635884,11.189050556760264,10.090901048551729,9.122026101651818,10.707001944227937,8.504682795307666,8.36037467439643,9.616461976524025,10.165329833752565
4170,11.012307597896786,8.233117017936793,8.048289170023164,7.929004314750727,10.602943168755806,10.199804513503656,11.676443532691737,12.318909670908166,9.742692736588406,7.8978399949591225,9.353720592058306,12.478046524002757
4171,11.041540776572866,8.298560870680202,7.9834025455729964,8.375966387337044,10.522848853361364,10.380360141549037,11.080340447236495,12.21362665467572,9.535275105100887,8.224206450845644,9.329298211726915,11.975140371081254
4172,9.82551024904662,6.651325021524662,8.038107624970314,9.032603410451603,11.89859414668207,10.052940613707753,9.228140348528637,10.985699921186008,8.527391356317954,8.31896780321831,9.286620174118177,10.107580715861529
4173,10.74951066533758,8.255580002340551,8.46867910848717,9.49696146255507,10.977099168140853,10.863758312782455,10.233454506546721,12.238196953926423,9.432239954807711,9.159753263164562,9.846741926174605,11.695325756921397
4174,11.918741846847386,9.70545951286693,8.444592277576636,8.90258220158843,10.519583318087232,11.141710615324659,12.307685808855327,13.66718389624559,10.186973619778545,8.744632182214549,9.80463219657888,12.685264002676021
4175,12.737695817638647,9.490925693480623,8.289579622953923,7.736360675828409,10.494209753684952,10.716714623676966,13.136265981270174,13.255884366711667,10.52166627106983,8.11182261046379,9.824237404210077,14.037580851881321
4176,9.505324045615358,7.189644248581652,8.300973642202866,9.470146540818783,11.745182382989174,10.346053177318048,9.154585118546466,11.351521524190387,8.924728554559291,8.997487195920055,9.320168587828123,10.942337649483418
4177,9.58912323836551,7.031723430905165,8.101882413521198,8.718100890913487,11.159163883024387,10.107540224307435,9.327136369887596,10.302329687099586,8.693051051311484,8.557964429272971,9.832797344004351,10.228609163261705
4178,10.813362657966493,8.088633991157693,8.233798849655813,8.022987961733682,10.733808433755042,9.932320118945672,10.439683072539545,10.857390190248845,9.192911078053632,8.410177906170947,9.853165903503417,11.72528544699809
4179,9.390660029405332,6.91329648403169,8.084657905449937,9.175408842416811,11.23812427447913,10.190177331003943,8.983301792576688,10.435481542699385,8.684088395367267,9.014157852844244,9.429537482729383,9.943328304323217
4180,9.513389233469884,6.428495444650387,8.098922894522985,8.882093049297263,10.709999190993662,9.677541280448676,9.166342416573896,10.222488738701502,8.449843890446587,8.602706642022813,9.412997875772803,9.855057833948347
4181,10.568535620757704,7.94858749146977,7.962958438315508,8.70321293031237,10.572088150704737,9.912545129440346,9.80543799780326,10.778816468379608,8.624036983371912,8.905026741014762,9.971628379402993,10.465944312210787
4182,8.683899341106514,6.322109907263358,7.951039107076706,9.37708255549575,11.870125591215588,9.878472676720339,8.400844636652105,10.639219665359136,8.456370554323145,8.792306328752497,9.150435107470196,9.835345224480443
4183,10.3562382942542,7.676918664030339,8.013933741917684,8.375269170120987,10.308433962662356,9.893351074584821,9.760626980319824,10.552390819925215,8.651944767153768,8.132768066077208,9.464320455731023,10.41133280508273
4184,9.55267126578251,7.345025479281504,7.935788723374211,8.552854987125427,12.145604615492827,10.036888854903951,10.004520330307276,11.488600941324554,8.780047549167755,8.72059883942697,9.35913480481953,10.918090343728856
4185,12.957918703731739,9.23925006203645,10.017599523862234,10.304756431604138,13.004412364029204,12.341640561237998,12.980791790882057,14.070193655801605,9.84046910016988,9.605443408769656,11.193813442133015,11.397325805480417
4186,12.13413279383016,10.053031575310579,8.925701531574635,8.813708610983827,10.775965063572663,11.065331928791503,13.05717777335275,13.903753217586498,10.34181016685385,8.910999750883363,10.549128873337104,13.608943411338956
4187,11.169805968755988,8.191041304426813,8.92053262256001,9.425474718552616,10.594315760730773,9.933474585636993,10.209121706074985,10.925688944401363,9.14144533860075,9.899700996764672,11.09243096322503,11.609339536684537
4188,11.654684179210527,8.605377883892533,8.541406839238535,8.689856548375362,11.101122587122472,10.627128324944223,11.429874636512535,12.010526016087493,9.809292787406848,8.966333380247793,10.151305733499349,13.616094612708116
4189,10.919701849830641,8.723028741782784,8.541085553001638,9.483435145337072,10.890438089228759,10.632917995168182,10.407798229576793,11.920757233317216,9.357427369344133,9.646584815850591,10.45447525380057,11.423452755316465
4190,14.43333709801738,10.72754501261742,8.895487657654682,6.839193015181019,10.625575071562075,10.760050495114204,15.02608743354542,14.087778523656983,10.73749079111693,7.9215959489456935,10.1904605295193,16.772388466086888
4191,9.153952670874684,6.8077857895283165,8.068611407441635,8.263095995049156,12.063301090530647,10.116857760846353,9.538753960511485,12.027954915241363,9.15238299568717,8.742631959330279,8.852442072198428,11.442091903061186
4192,10.050611675884667,8.004348966086468,7.708352472345581,9.17804536840649,10.856956072819925,10.648868966094199,9.888354736103851,11.629409257884001,8.871874183331808,9.131323730249186,9.821804615248332,11.096832149654297
4193,10.9014399625163,8.19933386214398,7.984442107302639,8.51578995305429,11.0587420447049,10.64362357013818,11.098312860620982,12.294265120940544,9.507205980038119,8.495761226417144,9.372188729520833,12.191439606732228
4194,9.9115135864825,7.369960098241942,8.199202938665893,9.334302765246754,11.415632623831195,10.452346835740165,9.19284187019703,11.163079854804067,9.100048253305502,9.104944824441798,9.457884561548422,11.251203138373775
4195,11.416998104507588,8.558451533474148,8.002925216837108,7.964133377646627,10.192538345946595,10.315708682174808,11.125998875681411,12.05943267093172,9.431374125685588,8.25764908645245,9.33981351017573,11.868622687443347
4196,12.178089027094764,9.16960608119558,8.757935640403504,8.792497009548832,11.234546133171463,11.247078006989096,11.91782146561747,12.51659048789578,10.491321699399618,8.753225786990551,10.441038290128244,12.749467906548006
4197,9.482533375996738,7.197417063858229,7.728596523428681,8.33404929302538,10.367178599434475,9.698092590683244,9.301967537430297,10.835572205874113,8.780296605056453,8.615494603451808,9.070253861148853,10.120937085317866
4198,11.246138580835527,9.169005818028067,9.15561087554399,10.279087746873644,11.409823594090373,11.480705509928434,11.646782551505115,12.369434243780393,9.661972257793925,9.442091495775923,11.094769712117522,11.743624105635318
4199,9.08941518155962,6.030842205603435,7.659709207654525,7.938006412852701,9.798877734194486,8.699537998276833,8.469221045913324,9.039351773660062,8.250516682710268,7.459722781059946,9.346580903334818,8.902141065577496
4200,11.021909825388278,7.395286524099149,7.969201083669267,8.211489046346129,12.886729846765064,10.015772688699233,11.535219631530044,12.619205562366687,9.31863169338664,8.410893924958646,9.637818946671633,11.447622071695118
4201,9.671165175032923,7.28497225554777,8.193828536022767,9.39926146294358,10.994886922274132,10.021213685811468,8.952962695467539,10.943845424334299,8.83360647711854,9.137631107237041,9.431643485125466,10.598615237877382
4202,10.34882596422796,8.052467599509235,8.017265232803647,9.039046522550912,11.231300231826825,10.524244306329145,9.923491210114605,11.604339843209386,9.195226032510487,8.66086569218103,9.283738773182057,11.517719965616633
4203,12.089564599250647,9.089341773075738,8.210185689070116,7.6704236513612205,10.739367102908957,10.247887273543782,12.485191774500823,12.642399458208317,9.859839941713215,7.983265078121068,9.335113656446499,13.14434946418736
4204,11.693011423229818,9.144286295369312,8.187108793479911,8.096246218518901,10.987679745627451,10.602471290088014,11.412456299211348,12.070034392884438,9.680297830467772,8.119358247366453,9.623993352284755,12.54563743702734
4205,10.024564325392053,7.381343604005332,8.323378464369304,9.66749944998925,11.36044584143631,10.736392004835778,9.531402919746554,11.566828128383914,8.966928496226526,8.803220853724264,9.70181332746545,10.384097605836052
4206,12.461829198447207,9.226108054118733,8.075573154155697,7.361800158835859,10.316540619497893,10.231314916462521,12.486203310634014,12.627372336602953,9.843005633080256,8.254228378103948,9.632932850304902,13.212540477760765
4207,9.988495194593451,7.817959860427855,7.81946667368886,9.5281905905235,11.34007672004222,10.349571276481285,9.234306370309158,11.450142780449166,9.07489124167829,9.145198716374992,9.286145669730319,10.542336502571324
4208,10.617675156067047,8.512509925310408,8.21438460098333,8.874945439962147,11.30401322537904,10.422060412089905,10.704004183665749,11.834503672650747,9.190579330418563,9.12404786867813,10.04527136539098,11.758368036702679
4209,12.997414809835963,9.742110707123569,8.254672985739242,7.739175216527292,10.693891471370982,10.654607708863736,13.440059792035909,13.455117070330207,10.312957066915484,8.24677903407682,9.55288323461652,14.171053199027462
4210,10.617468208515525,8.366184499570435,8.041234670619591,8.880151745071394,10.959729139921173,10.513479927604145,10.462954881097303,11.677099600435024,9.173317227711708,8.598464811903458,9.559258778877137,11.57767925260761
4211,10.299975191921675,7.905764417765329,8.151948544910017,8.977961848575145,10.955236438855074,10.191832372084187,9.588515040926971,11.181612226330468,8.857042290668542,8.696392212667543,9.471599430421424,10.673266207224138
4212,9.267907930670212,6.441964339725563,8.197583295204016,9.261680027633664,11.431571552775678,10.092525088197227,8.880358201899583,10.225005301058955,8.486019429702598,8.538458480715954,9.619131854556299,9.253570167738458
4213,11.18566650198293,8.273472501851671,8.05895898673206,8.584527441618444,10.628816570638767,10.138742737394496,10.812267293293967,11.772236697922473,9.291035416981302,8.556465607756492,9.666685592307811,11.215524437503632
4214,9.813166075072317,6.694902178488554,8.110891375281318,8.798965291224953,10.984658503569563,9.973103389890747,9.199113115161431,10.27381369020496,8.517563362266852,7.941909400150584,9.46723796091926,9.794887615418022
4215,9.896792316932023,7.224229254059277,8.001424147526462,8.584080040685578,10.80654905636117,10.010430252342141,9.368082690963405,11.245629866245528,8.689920969800266,8.305323613887348,9.181582631269404,10.982195057644036
4216,10.505962213049596,8.240535703326081,7.897582578600438,8.277722997957685,11.508583577285322,10.190598816990445,9.898830070063969,11.779639800063723,8.953818421251402,9.04056936823368,9.926853345814251,11.48496841644447
4217,9.086529640194371,7.157257241421922,7.887526770098618,9.699662246894603,11.680059250172409,10.362780763316625,8.837836695696092,11.32377286521734,9.079699663582957,9.33519147962362,8.972743045826673,10.081796223126716
4218,9.71251090512688,7.299481161664983,8.055320919547732,9.445972192794306,11.1752090752512,10.048710427303952,9.026161662902863,10.568685685842318,8.571163726133403,9.24537873573401,9.964847353709061,10.319425441258222
4219,13.254153019577187,10.19886186383389,9.085444774237178,8.279877183582393,10.944636877879516,11.634748488051919,13.274807921387907,14.034796107798028,10.462340838322346,8.617044471212305,10.479378052053248,14.151014679464893
4220,11.649858827687012,9.41334845873681,9.268129524332068,9.82793706056476,11.562911830784117,11.792398296059933,11.714420626610412,13.724301184812497,9.657504512527307,9.841516836672682,11.128549908272893,12.61722071470091
4221,9.584801584302511,7.190572755289391,8.129302849942208,9.095380259633712,11.258251859539776,10.108764687997228,9.046849280178588,10.513477802977011,8.64358882064711,8.757800050573792,9.400862003291031,10.262182021055025
4222,10.07794174148271,7.601515745951524,8.244867688412027,8.821430496808066,11.409088982287816,10.135058632522444,9.769490582805018,11.581255910287403,9.4713425573708,9.128227136329325,9.61649473426738,11.023010366480271
4223,11.41518368150773,7.682042260030602,9.256117966880767,9.054682931853758,10.960354494363168,10.366538603082603,10.981867683913471,10.589230418480534,9.117161367994893,8.181467294367742,10.47428858819332,10.472054048700503
4224,10.432990838984539,7.8727432418559875,8.16622602046129,9.070379000829586,10.3161812315592,9.627861646621763,9.086734813346478,10.573093167537966,8.543025067826068,9.554905487295798,10.30383647609574,10.989068131692763
4225,12.390759189267666,9.60166026266468,8.447546506483185,7.861058848036716,10.85254191121291,11.023474075500712,12.342544333064096,12.85766119549173,10.014514595010507,8.168993355603819,9.726712292899926,13.564148328337666
4226,8.917750665553736,6.914226695420932,7.794129776968683,9.972135790294585,12.065262189545003,10.434479118003678,8.35538353608992,11.328252632113728,8.473983599707335,9.19639630324164,8.94839864840538,10.271539036927642
4227,10.116581622447733,7.433959059523126,8.024982038598038,8.625029683997663,10.455647053175564,9.753573413488766,9.212984091780527,10.606293777929919,8.469630319547306,8.587769449757424,9.286047794416689,10.217635209930691
4228,12.590396553601305,10.386984607774401,9.981577023675813,9.885284563122578,11.769723934342151,12.08328085203766,13.146785130562723,13.886116245098673,10.197647280943599,9.971817171437408,12.037703450312126,13.759071912508992
4229,11.970498949644764,9.439318270852544,8.830117517876275,8.798923581419,10.991744133363577,11.63809401039029,11.673285358090887,12.773964772502511,9.918208923584208,8.877839168461096,10.220683386593286,12.71990345642622
4230,12.146441697002324,10.238154659276175,9.92679354496576,10.238458651914451,11.373752001563584,11.132440995518904,12.881200951579503,12.719553613918741,10.43819817297875,10.364250202186756,11.783301482659017,12.47489229123715
4231,10.74794663708383,8.389626518547027,7.973324126031805,8.219292040634041,11.003803840129901,10.608331064541016,10.831308431028326,11.864147014811824,9.582870278361879,8.189706936136929,9.468427080266625,12.153883026941418
4232,9.276826698331847,5.793431794080181,7.301531565193548,8.027649328263879,9.305385276309602,8.20235635220395,9.020972149072758,9.305883293004245,8.187087169744355,7.462904849359764,9.70385420256598,9.59453273946075
4233,10.074143533544362,7.650124678404206,7.895515361166779,8.789911764259326,11.00739055251681,10.15173342915707,9.464804068010334,10.969241518944663,8.91837371731039,8.676058509897981,9.525234135281433,10.580414784518215
4234,11.109634801249785,8.6951389870162,8.171396328321622,8.55235930852405,10.996431194759428,10.66941269545983,11.855824389744551,12.447881613090564,9.882817139639023,8.4294031892199,9.48534312741954,11.901086682628407
4235,9.758800278487307,7.60177622561412,8.45644111239106,9.943149156982862,11.620129355425018,10.630527413458974,9.680850175166412,11.765876070133817,9.032224511275134,9.133607726259743,9.23101518393337,10.66506473858145
4236,8.905980922217836,7.2908055371469445,8.146894547725866,9.360185059331759,12.479969430713545,10.622096822632802,9.208869010477994,12.105976141651919,8.872824268852195,9.423869797959382,8.956323012295398,10.350536828635281
4237,9.6800380403093,7.234987400182966,8.051819217590465,9.201246949935703,11.421588675431769,10.498692694558628,8.849262701027115,11.187261428648593,8.912387786538904,8.489640028351847,9.475225829809279,10.262975507515012
4238,12.487328180320624,9.454485043583192,8.451679755239674,7.545775728295693,11.216109941500713,10.68397808400589,12.652284999671355,12.693527490993379,9.941738880836837,8.055894263765932,9.600104587626975,14.132436558994252
4239,10.478850919842296,7.395447935056373,8.117970709913575,9.379622283817792,10.853340047035132,10.419342065634456,9.426904613786462,10.907609182765096,8.620960852679502,9.001549276889756,10.065078524702791,10.54068783158553
4240,9.580999619329532,7.102589475980533,7.859122095673962,9.44475398913443,11.340675493732864,10.140709048079163,8.503503934521774,10.364037270443788,8.638702754092492,8.949826683124261,9.449687705918151,9.610049244053188
4241,9.827566755830537,7.537204367803451,7.991092437223624,8.792570181458029,11.756259945105269,10.469460439603159,9.779801832578666,11.651257989470771,9.151129488356867,8.537405832299786,9.081354896718338,11.157653321524712
4242,8.301907413152344,6.497876799791065,7.84048992655626,9.383688428236937,12.65342943324529,10.139334021209335,8.227656862683283,11.004697922252518,8.604047999462649,9.049840391987066,8.923888645241771,10.145610318874763
4243,9.004183841780272,6.927771890106209,8.013228580495449,9.330717079396239,11.73619901125943,10.203257099218668,8.478445816660201,11.510540815019418,8.71941175360101,8.980126284953654,9.1075127131542,9.997206725170695
4244,8.949042380432516,6.783554354824702,7.853979752197009,9.133098629261386,11.45231887271234,10.174525837908632,8.268199457429933,10.989208347130255,8.713040688140172,8.833515165969121,9.117743613424977,9.874008831984312
4245,9.347951496895,7.063379249462291,7.882647114663575,9.086882188574398,11.819696125046999,10.505503274128134,9.540662461911886,11.729262143524092,9.102263764487237,8.717768696302084,9.063038376270521,11.149750283777738
4246,8.833021395603833,6.625459115521118,7.8051963327816285,8.752814113282874,11.421947066665307,10.178762902698262,8.9306701812433,11.730652758967661,8.96529056589302,8.759747958877341,8.810351823338058,10.544990087414849
4247,11.796099748935756,8.285181124398223,8.011080707193726,7.304138240597432,9.834153855452751,9.646721894573538,12.789979353841078,11.462783144755651,14.043349652453557,7.783065246105822,9.27333687293962,12.74550405925065
4248,9.000028126464496,6.872295551299684,7.700949474947817,9.411586953722393,11.521845443526903,10.352169512484641,8.57626792596164,11.072863165670356,8.871864657659504,8.921123873369893,9.16541020810008,9.943259058645719
4249,8.787474880931958,6.4429569221057985,8.119112555359806,9.01652038323563,11.113926152751937,9.939010809705234,8.42439229138148,10.358472606117633,8.600514938635659,8.548246090999589,9.295425792173313,10.012139761623317
4250,10.566779832546693,8.325685372528362,7.935025565483646,8.4171991368686,11.01704191147428,10.52428695397111,10.995865817558073,11.959740081800177,9.652470698148818,8.422331180978048,9.457361795320313,12.414530156082892
4251,10.730946727029131,8.388431009442051,8.226389414641261,8.613822854074213,10.912203660230478,10.526588142826082,11.130330316815865,11.83190413813364,9.353274894151168,8.296520598363063,9.416155244953968,11.892425227692454
4252,9.559505236709336,7.309505490870555,7.817928778896229,9.254344580716868,11.115422698940632,10.241480289713817,9.310227435799487,11.0891423347768,8.715983988650141,8.664677283199193,9.443885950852604,10.199168390026328
4253,10.438988610560683,8.113262663360578,8.248226141723649,8.9035156776898,11.200983991012109,10.65227678416419,10.827205015410922,11.907045882140473,9.412413192974991,8.535158381477668,9.584016636397227,11.391602633689605
4254,9.916547830676407,7.5981363574433365,7.997964662439107,8.809342395367945,11.145447166402702,10.509101816187517,9.474157672485067,11.461825141085404,9.185014964955627,8.509532059055466,9.266337698557233,10.832823879162632
4255,11.193184235043933,8.324819667591845,8.225721060080886,8.361812540740061,10.888564476166646,10.54108172458358,10.610424913539838,11.7109999078867,9.325935451977966,8.111679197209872,9.524629695658293,12.09044377743356
4256,11.458464309977664,8.739946262069175,8.951471140252453,8.61497127460211,10.74837366446145,10.513627718479956,10.962908419558829,11.608486363019097,9.507901822785943,9.06746939518837,10.02092843890955,11.992356583484778
4257,11.988044986834499,9.170554171581603,8.205678484959682,8.280014543131475,10.64327141597645,10.279376799007157,11.257766171080874,11.622728846215754,9.571218845055807,8.827235111820322,9.919624637253007,12.968715464051396
4258,10.130852585837722,8.056773013608094,8.657638110720155,9.61475096022028,11.207595673492193,10.64029483115814,9.689822823523237,11.49604688333328,8.896748602533407,9.21591345181909,9.850937667575694,10.881042985469524
4259,11.266561902938935,8.058815859104616,8.152611251313637,8.933290671352928,10.258377717409868,10.055679736508694,9.68072590454791,10.895892930150247,8.932796899505863,9.64075016828852,10.107037715348346,11.117424941161719
4260,10.022514572703468,7.731860352342708,8.26561378927801,9.090404274801282,11.175774727527134,10.234180984792335,9.621018029873628,11.308684679583612,9.024315474888311,8.836106970278824,9.458178610451911,11.230078747411078
4261,10.366189763370526,8.331866747836413,8.819105530198424,9.198831722291262,11.804098628704079,10.686811791905324,10.406134034212872,12.415250924481704,9.270206495587505,9.103456058213894,9.7285015157366,10.848073765019704
4262,9.501906922545233,7.303970101770462,8.038733762651344,9.20556071350847,11.503828898645569,10.338642505563076,9.32202757593622,11.022611051001343,8.810386284814502,8.53702452571944,9.418629759033792,10.73182164364201
4263,10.457565894496803,7.7218150377116475,8.287551372367167,9.001611603255807,11.110568813109298,10.42296441887203,10.271828482030653,11.98436784314285,9.287072352938264,8.649944030461155,9.677777532330435,11.27458648992798
4264,8.818433534702894,6.6251321395634255,7.9277669675151525,9.881445826220949,12.180558171284993,10.447464680641936,8.545474195190344,11.240264553567695,8.550716594635686,9.076567170877537,9.414728717051212,10.280681664439907
4265,8.838401302600266,6.719438806702201,7.973615444441,9.378635227505503,11.74906811526856,10.28278039184094,8.588414062016852,10.989723311224612,8.946425424144513,8.696847898978026,9.648485502609,9.83163987962945
4266,9.54206920080729,7.141523881188347,8.373280744909952,9.318457501264097,11.869659382757053,10.491854292441168,9.463980405798576,10.84987304404318,9.071920579009898,8.761324521123061,10.190756972947801,10.42660677695785
4267,11.162338980274939,8.692820306302528,9.803510675677675,10.167937376632658,12.02181961384268,11.049643054448296,11.122062968268775,12.073701480749671,9.586723836070519,8.88221836281453,10.924344046320924,11.406847722282642
4268,9.209440135277761,6.788138111348686,8.252560265926212,9.635046343016173,11.905677396442591,10.501741286445714,8.913018523221188,10.952605448341393,8.96186025294054,8.822276489975001,9.0997721192293,10.512954232024455
4269,12.1959141119411,9.601730849618882,8.767408942582277,9.083236136382936,10.898885865638562,11.298520546913537,12.133993663974621,13.08112909310506,10.001745943354582,8.506859045588453,10.321909086864064,12.410696091407202
4270,11.282298988838978,8.873095198370034,8.098356899246065,8.422417860331679,10.349770488249382,10.72145458140806,11.714229842644468,12.750796086819657,9.785922839991198,8.548966145938033,9.726225090113402,12.104154286747594
4271,10.102964888076912,7.672451488901483,8.167072542919751,9.041061831102152,11.310848524632092,10.43656531730385,9.61506439234306,10.989376856234149,9.026893278292203,8.500889357198272,9.27954877403663,11.575755359550467
4272,9.386690255590317,6.9610216195130175,8.042148998528805,8.933791266263054,11.492872839521368,10.150266637653745,9.027302960419595,10.460772157135025,8.786847434875865,8.928591020226396,9.46084329022894,10.378169399629044
4273,10.375698254865107,7.96831351694415,8.141613434252237,8.754676149015426,11.072275364997042,10.34240966145151,9.814811109771123,11.544429941747623,9.28021520910942,8.64836882445714,9.637768476373973,11.587740115494238
4274,9.502648717857587,6.960039638729972,8.00689160570538,8.97375598110906,11.404826984759426,10.257263828221657,9.2850859049104,11.240234007755188,8.826619561606169,8.694788079505573,9.253029486375173,10.784073677063887
4275,9.507921145360818,7.013589097954021,8.133953898769162,9.31375447241274,11.216407970265676,10.353387149906247,9.054934623135411,10.733754104410536,8.565843413736427,8.69135008353314,9.59259385442118,10.177906188657794
4276,10.439714211783254,7.702617065075661,8.33054664502862,9.326469000611596,11.049193547026656,10.588707751222032,9.468659182809063,11.49064679137696,8.778028196364556,9.01729811082813,10.211096895557425,10.597408484114894
4277,8.507833658667279,6.631232644334197,7.881558446296651,9.745064615255288,12.04049740748518,10.08919230463339,8.106680945599607,11.25386190171648,8.500944961485922,8.994765824323032,9.067081035797633,9.993696387655074
4278,9.19946704253856,6.881024713134003,7.863628697173929,9.322530404252833,11.631114374753041,10.310869631862378,9.071324967644745,11.433164874948005,9.036609719969029,8.773827855216577,9.300246034562205,10.83008392736338
4279,9.590077925719267,7.363879365798484,8.312023917613134,9.262764136700504,11.349078952536505,10.219651673683336,8.940615144067685,11.051100466164094,8.791401469939467,8.791830509929376,9.76002703696605,10.846041371908406
4280,11.132585116264867,8.29613209448075,8.1223525348965,8.963813462526478,10.9833002458756,10.248096722572118,9.907943032353975,11.160603722269153,9.058305602542223,8.554254079747105,10.032505596105093,11.015024715248554
4281,9.752598139430718,7.589345816802883,8.124807388830899,9.351714784586354,11.674972085992689,10.347808519862681,9.66897790361405,11.6405190827704,9.207372810829229,8.939747077132496,9.81090820610255,11.289289952421035
4282,10.573453299741361,8.123342296401681,9.572182623305785,9.597141334597705,11.072035378787383,10.196549004094821,10.72343328430572,11.575220731867129,9.217823274601223,10.700269925692746,11.56943565820041,11.719010517400372
4283,11.35954850689925,9.143511811904588,8.74271929112017,9.332967059002428,11.296867985835405,10.703118042472129,12.089936412779837,12.716545107983684,10.23657435951517,9.007271629469106,10.473164310329878,12.189068822775987
4284,8.767356851666447,6.860344214170624,8.12163163746207,10.170108064071876,12.058170721072067,10.316240792345027,8.467343785047811,11.4164199552019,8.823451723842659,9.05787017904775,9.479177549115377,10.237441679662133
4285,8.784919967069252,6.760226199948006,7.834343380090415,9.801920468328383,12.087774851071757,10.421550843563784,8.375917387353658,11.842882621658578,8.5782814342599,9.18148504529133,9.317043071694737,10.275341201759876
4286,14.228965962230006,10.763001852640947,8.936814506221028,7.013762767170936,11.016092137571185,10.910460000689042,14.473134888761386,13.647017640516118,10.662863497533833,8.087240741548905,10.407005251877695,16.313725119975828
4287,12.726393254503257,10.13190675336246,8.860951750119984,7.818792981154708,11.208335305185464,11.219954990393333,12.7995939123632,13.398851108037977,10.173250349465132,8.406891336404218,10.12951482289952,14.583374578664916
4288,12.023534252380255,10.103621707090142,13.660628226381132,10.777807689004153,12.638429575041101,12.904800974086818,12.978195718765424,13.201998044148594,10.284974111134007,9.237984771441822,12.137392643324599,12.086517717046938
4289,13.32177391284052,10.340346012609483,9.020411816464215,7.891912692794723,10.578805077606457,11.331208894961973,14.423249705680522,14.258578965383181,12.190689230595982,8.370074916056357,10.495745212168067,14.60381406118434
4290,9.729319921191152,7.417246464396181,8.739904322616576,9.793346966933434,11.520088402149486,11.281798752362448,10.210171196533317,11.440401698130103,9.098875909331797,8.853690787378632,9.824084847015156,11.169644275738438
4291,12.040794350074147,8.835038850286626,8.603574570996873,8.756758040655392,9.964574392549412,10.193316763675327,10.539774106164549,11.802766683651408,9.158693756494667,9.539380096822253,11.005019900496698,12.09255980416909
4292,9.430890092300098,7.271865264159731,8.235977204007645,9.53784459196153,11.511158572872725,9.804353164933243,9.005538194412994,10.90855436783236,8.440016982419554,9.704482737595288,10.076625621385649,10.394251690813817
4293,11.75497890680461,9.641623561054645,9.062451602272269,9.178413541549151,11.605901959711009,11.3257590661442,11.574992461111803,12.661522913500207,9.930139007638621,9.091727582543497,10.87537484605088,13.327174580574031
4294,10.230769326851886,8.076404006333155,8.46594498237833,9.425997516986195,10.835147739218147,10.274022979407953,9.599971772725638,11.113393255661613,8.861498845266091,9.801161787980021,10.595477231826862,10.905230652585276
4295,11.093977627965916,8.980693302900619,8.772524160529386,8.981231906548132,11.393444623306365,10.445522835973723,11.468684706685876,12.647775289996213,9.936006161067063,8.875843711040526,10.217560260625955,12.592109116660595
4296,12.11062724898521,9.601931616259922,8.77684898972533,8.878314860816376,10.487439264752691,10.905302278618183,11.525080612775426,12.810797116891266,9.738261106879024,8.989374500934305,10.558757560464315,12.581218535935939
4297,10.727848630586529,8.584010590934863,8.41198521267142,9.19995667873118,10.925995996789249,10.375091221702458,11.236774723857588,12.504925079643765,9.513186489668247,9.287505931591303,10.750575308597064,12.120190236205142
4298,11.329990081116161,8.216690741220152,8.560651863515455,9.1599741851467,10.483166401151799,9.961943430102746,9.642231321530174,10.939464717050608,8.958567569606277,9.423584703133077,10.709818776551705,11.0431758987652
4299,9.979739974375763,7.69119688662189,8.616111064772126,9.494660135528466,11.155346112817417,9.85551503485662,9.171434889686697,11.035134312960512,8.764295005758513,9.666711728339717,10.177104581183146,10.750709962491545
4300,13.779612701459978,10.564204822084807,9.107073102317983,7.815428447041526,11.127580342213648,11.208999313619007,14.625072373826107,14.610881689584705,10.902998917081554,8.048891189416848,10.455144423009582,16.243075416359073
4301,12.074712161512196,10.542209167163772,11.454071263042128,11.570668580575122,12.971104230631319,13.192819328557054,12.67687314711624,12.878612488439458,10.508794607376295,9.557758891245673,11.849701130411727,11.54538601412531
4302,11.185998868246564,8.21113790217336,9.788392727430681,9.3392199360638,11.765285302496597,10.585713701885199,11.3742493767957,11.191514140270181,9.232852350530496,8.5449264849006,10.935544760144351,10.872520388439844
4303,10.947093393289993,8.333426274807863,8.741148953486743,9.060960578729668,11.315841582811743,10.52694568769008,10.85987674887912,11.732079514416053,9.294764611052823,8.620785133750475,9.715771946106578,11.856135414666184
4304,8.853602540463315,6.683890936346049,7.760826773955328,9.43396422169135,11.74607217269044,10.26897925381314,8.72012455852834,10.605849696688457,8.560844385273768,8.913796493000621,9.075931886283389,9.740286585887393
4305,10.561413268039875,7.887352323050696,8.029762775529854,9.155572822955058,10.743329979706049,10.103012323320298,9.722887054173638,11.23507915241429,8.69134761926806,9.110318713537922,9.929761074530433,10.893398667985737
4306,9.557874494801421,7.445647088432006,8.163831372436078,9.23300840512373,11.635361583413387,10.588763239723988,9.460525037283109,11.449729864818977,9.047787604284455,8.538745924367472,9.436511614230673,10.707276955777058
4307,9.098142944000706,6.7580123835551245,7.8358455252644,9.48546326476201,11.442445488657514,10.307625288758842,8.498386797523901,11.029856841480342,8.639103952182884,8.75212641388135,9.276613940397795,9.959188715848374
4308,9.51436740990686,6.745249980115615,8.63381189501439,9.390877811762978,11.839751192855907,10.512554040829215,9.338001716266632,10.632573596133748,8.771231544329583,8.775339723183398,9.676665434780382,10.249113352134675
4309,11.861007229220263,9.162385118039516,9.086074506215619,9.022306252456811,10.582843638350749,11.222166101170814,11.45385141801285,13.008676300354123,10.032812225723823,8.848892897748025,10.234751664639152,12.034833195623325
4310,10.30341550859466,8.127415472181138,8.001698652067919,8.618205902497586,11.265222387115472,10.500097863735903,10.275377523839023,11.889716018918982,9.256425848673544,8.585796029551823,9.333957001658971,11.402560493012437
4311,9.460753714080425,7.000819914392775,7.8843317173472895,9.146834088505422,11.602848156286306,10.090904485091237,8.76363445698481,11.089244361329508,8.871152783144954,8.811515774692907,9.413380013567455,10.603637786270959
4312,9.428536825189166,6.835381511714034,7.789248348284719,9.107576868203497,11.212388293988699,10.174316596207305,8.755153240831685,10.881873796296087,8.75249548199521,8.526177698420051,9.427877858337279,10.565746092126766
4313,11.46676188654419,8.598431353505218,8.118321607758169,7.7046258386741435,11.236228535992508,10.570629518796432,11.35132408714444,12.3217036118862,9.50678991524244,8.09428952558067,9.862167034267424,12.296818095974213
4314,11.062533852314932,8.110450331559306,7.976096981237433,9.004830160739845,10.633581112081625,10.59064591499536,10.093318973672961,11.586234195090242,8.904690296345038,8.738510377271332,9.731189536706262,10.839040245438648
4315,9.882879890027484,7.100552926700212,8.300239014194624,9.52015378118088,11.323232324164342,10.158722578866062,9.019199637623469,10.987637149088151,8.846989823570722,8.879471160227649,9.80338992431178,10.432587276801518
4316,11.733467906054125,8.75164691261741,8.323526666680493,8.511966989107849,10.537772747182196,10.67679177548548,11.691806641398209,12.07229402817757,9.646247327027066,8.681334294983074,10.083638354933177,12.189227912647773
4317,10.704132443675427,8.040641813234416,8.366540170054893,9.102421984071327,11.055171174946182,10.584656032447059,9.772521567705098,11.295816782133556,8.983395566685616,8.594428033513601,9.895187325172998,10.833218410319471
4318,8.929564145160821,6.676065544653114,7.910896600669657,9.694633079591377,12.01467271444374,10.3466230814384,8.601442339412545,11.35902932519413,8.939169403784975,8.834605861176708,9.449732892929617,10.416193514454438
4319,10.247625003467352,7.942656159499893,8.331245944764756,8.802681046204711,11.200408053089383,10.316205411278748,9.617922226730048,11.345422143084612,8.903443882483435,8.48613540934777,9.828630153312536,11.550053112320866
4320,10.26712170414729,8.179192619779888,8.180041833203585,8.471133459712236,11.512581296219327,10.708812457118691,10.045938274055281,11.698190879986821,9.224350755206677,8.318175509295529,9.337852569955178,11.51749032920993
4321,9.007498629704465,6.972597710724971,7.841862539521408,9.632621068190078,12.224712585964106,10.580449413679851,8.47460573714927,11.967035010361005,8.482746192901413,9.222337415082128,8.973750418916028,10.285667335819745
4322,8.953384742407508,7.05606713265362,7.837471427110353,9.319628969752106,10.418462023771585,10.09338188778134,9.113985654674046,11.214633460201007,8.902935175287698,8.844501131427954,9.167339873195615,10.471070473448655
4323,10.213024013387509,7.573017174358151,8.958731683799403,9.309634176824432,12.097727623894997,10.276182893667169,10.633495522502486,11.065401343718108,9.346163703752328,9.159463432960926,10.3360272246988,10.974931999186916
4324,9.342452849060795,7.091928508707098,7.959183490838783,8.696341783737452,11.656013346988537,10.359709194401319,9.199241529371788,12.188512751589812,9.103057473919488,8.825894011923847,8.94909406965802,11.184416574969962
4325,10.750572313728796,8.35039923617128,7.900777171504543,8.57476673595745,10.286640284152215,10.754382809115844,10.415715782057296,12.095199531722828,9.16293983789608,8.806285285054354,9.997021792540705,11.443308719955219
4326,9.952080023453323,7.7082847138060036,8.011365105288046,8.876734599108453,11.466088223901128,10.05822910034983,9.452380284235725,11.2397163964419,9.086855335808067,8.4533816053269,9.402248501581635,10.97045786314571
4327,9.653248954777688,7.8300351908859,8.487513466031535,10.42634216496415,12.158250593304487,10.974255711775939,10.081139348233204,12.243684746377173,9.018265789023802,9.179720730850196,9.87074979585952,10.675509636699964
4328,9.846741959155247,7.357985725588868,8.157300713737245,8.851992172024806,11.546872936953111,10.265723926711399,9.44867273509486,11.169727505073446,9.023003621190659,8.405275740504898,9.571111539680459,10.880794464496915
4329,9.952284903395071,7.585918952229268,8.124244446507626,9.099710027921619,11.718909547645755,10.317807014448498,9.337322929395443,11.191816739568948,9.082445374580896,8.588168556427014,9.778461708305171,11.189985948216496
4330,9.456577704981914,6.799687211610425,8.019940314844057,9.233244370653123,11.36847156000128,10.077262986364095,8.53396978696752,10.898393012247293,8.670252605164439,8.701410819382412,9.370591364139498,10.359345120284218
4331,8.545391728663525,6.6295153286347315,7.929180190605877,9.848255440247023,12.045194259739125,10.287267264368838,8.179971252175694,11.405535027924197,8.7437649930727,9.108289583494289,9.159465526478536,10.078023884496684
4332,9.145665380617121,6.718048667442474,7.915794486964289,9.532091431829652,11.838666414754838,10.190728992746173,8.38698919668185,11.08629371885694,8.742346446166541,8.840282071011385,9.337533260521313,10.25728422873895
4333,8.59965848856675,6.674944806067865,7.999540733574015,9.658373727151591,11.659520463697024,10.080697762172203,8.323466141527714,10.995434380089115,8.68184889098887,8.927381252365498,9.154262654041517,9.893866967750977
4334,9.122640326598402,7.023671848181502,7.829591386323977,9.22279523112276,11.733663770058063,10.26363119844977,8.60977481330065,11.3115507082278,8.85996158295788,8.886409597147672,9.220808516026132,10.665886177854677
4335,10.728737377882139,8.368674968230737,8.12383247845274,8.346153017402969,10.935355191383112,10.407628790162816,11.000029622366013,12.0842892504087,9.588068477000029,8.312452347858788,9.525171376440007,12.170042700997854
4336,10.185090244691814,7.7447593779835255,7.985875426617917,8.892889015842009,11.494607668813238,10.49866450691221,9.726558017632007,11.347432683305815,9.066484049819621,8.333716665732071,9.35767404189946,11.237787172350306
4337,11.649809239835403,8.340612283435913,8.256295606200919,8.877401229573065,10.913515760922238,10.055559037800343,11.278305932017819,11.863931281354414,9.508213033271598,8.871830700170356,10.347287198403528,11.72610576842309
4338,9.161613437333228,7.100825949682684,8.012297000963233,9.315298470685757,11.767054687339922,10.177127712199908,10.183090291912524,11.571498875662455,9.703885269488936,9.028974791854289,9.436787453244248,10.714162038080815
4339,9.548631676133184,7.004395804864703,7.957464383399842,9.193880673333831,11.320585551250193,10.099795794941539,8.747132224721858,11.03085588319177,8.800217310055595,8.845368156026503,9.514604061288438,10.464903298963737
4340,10.552620033830625,8.181314968285538,8.39477646346682,8.964851468582829,10.991135161303596,10.530492864004543,10.227208083895418,11.53500761179344,9.314477037158113,8.636962303124205,9.740812634928107,11.675987789110224
4341,11.057290010228604,8.59301417870368,8.375377231845778,8.653328594315424,10.958438230594709,10.567322826872484,11.280349361377956,11.860882493438163,9.763001987006314,8.356415086676996,9.916378115961196,11.90886451306502
4342,9.433483112779593,6.9202475522418165,7.909218861163407,8.895077152502854,11.080567542182584,9.86005664875784,9.045510815527816,10.726714983289625,8.670833434199158,9.054742287984283,9.462750804442438,10.248509920480686
4343,9.319537518230751,6.880479064679232,8.083543245706625,9.348202488491793,11.822889665896678,9.962354286183645,9.546054685468443,11.339614396164647,8.396351152211597,8.531597234290372,9.192507740735586,10.161441752571713
4344,8.501912472171082,6.3655260988917926,7.839131855793337,9.579938028376391,11.83710787151194,9.870419632149982,8.047297856024414,11.115789700626493,8.621666765999436,8.940624275542634,9.058720694342048,10.072568615128526
4345,10.166874999803957,7.422243636349055,8.00064830419426,8.261546528257396,10.984189920070992,10.024889409103674,10.71673678338144,11.541461281448392,9.038460657437472,8.29798101279382,9.322300203618237,11.627596476168197
4346,12.168476552182653,11.07914960074002,10.980664418012434,11.369152670487932,12.815584370142533,13.300515227964667,14.161195676965523,14.71288720602858,10.801694847996888,10.657236105027172,12.199133070489527,13.02585903144587
4347,12.606831366225933,11.293858379478394,12.244968263147756,11.213967565708813,13.139260863937256,13.07767482767679,13.48847406032055,14.755674874409296,11.259427984135375,11.48292305943257,13.460019181303986,12.932918462608427
4348,12.06777979268941,10.5612048708661,10.655090081872023,10.068786462498803,11.921480855087836,11.890660109527852,12.580171190405874,12.845312564858315,10.571433681497254,10.992462175661409,12.652642528450778,13.205908712091153
4349,12.831559430345774,11.204382513760216,11.487683135376033,10.608024341442643,12.677870742909217,12.71592119805347,14.588827065201926,13.911184970276341,10.840381883049652,10.426794772267417,12.15827075524565,13.677242897412288
4350,12.432321431647004,10.988773399543074,10.847953909773292,11.172053850575077,12.408513043817191,12.98038404368944,14.275707789504292,13.756357307464665,10.912792915567195,10.152398336148753,11.70994708072913,13.093129350830464
4351,12.55922737462084,11.069158713318025,11.55194951275989,10.860753491539686,12.741482022676756,12.63107132655031,13.418447685275824,13.803364969606072,11.086116454607104,10.27784735706575,12.636487930950889,13.364733139030513
4352,14.137760316784103,10.858556045856364,9.388950085256493,7.910821955690739,10.824488186905079,10.90522458634495,13.820882266290994,13.375328003724473,10.384037012226532,8.241235487929607,10.473630627030309,14.977627206196107
4353,12.219174544195699,10.21282648819487,9.810196488221251,10.754982266732156,11.712215765594017,12.05858470674036,12.492480029061431,12.58682282298303,10.242768038646258,9.419923354707747,11.77139023014176,12.421416303618424
4354,11.731915912547922,9.830713677285672,9.554279419502722,10.469267197783324,11.3866758583627,11.688366234352054,12.116271805067312,12.307715493033276,9.777242222592578,9.35018680676754,11.373967034453454,11.96591494293728
4355,13.672953196062426,10.911004801095796,10.769873467272225,9.724831804317454,12.060282591480581,11.960891046989177,13.141543980042709,12.998782474885044,10.788549148609874,9.533568978862586,11.528263456932287,14.638713986142157
4356,10.48268294574946,7.791922299239458,8.066958903053582,8.873207870729779,11.209656973607956,10.480709059449271,9.784517347208265,11.445005488770125,9.202561659796356,8.390770126660517,9.530928986949466,11.034665502302538
4357,10.772109133144625,9.08610816491662,9.079071817927346,10.062051801096269,11.0644501867774,11.369567673900013,11.008605354721187,11.699560484914592,9.263379274914726,10.647610185595763,11.345841765125405,11.632129924232153
4358,9.291413057664775,7.237867302773845,7.747294996766868,9.250210610603729,11.804936870935737,10.570555326388568,9.512285691928971,11.591042532312201,8.794487495317858,8.68264209761092,9.215537991284485,10.911334223239013
4359,10.073334042597768,7.795386737350961,8.520226160625441,9.515361159159186,10.851599846462435,10.350780086907552,9.822708962741217,11.57466483451805,9.122450881251158,9.534077508797555,10.377321628009648,10.768536425899864
4360,10.868713116477469,8.237390481412923,8.52060367943042,9.274636487383832,10.88353973329107,10.350684784731879,10.552865677950834,11.187157504030775,9.169909975710631,9.882847828403326,10.746308492467108,11.359971245202269
4361,11.241624213259183,8.131995015029702,8.400728173371713,9.227279003737234,10.660436960566393,10.388289037998636,9.630656559793575,11.359366130674834,8.945795119919392,9.45989134591142,10.312714639747886,11.243101495253097
4362,10.078037490538337,7.306992999466274,8.754614684704832,9.087927550988983,11.149063929921782,10.364986614607538,9.846044690794344,10.422439360202716,9.035661519851912,8.594164523263427,9.85015095724577,10.911613308545526
4363,9.280133552421475,6.669193002521092,8.368445091066773,9.798784579166252,11.78436025154031,10.109130171395819,9.130684148010847,11.018941956227145,8.781777227276248,9.358115302013541,9.427400611216116,10.617213479236874
4364,11.622807265461056,8.196732431311823,8.137157963995556,7.043428578899872,11.25472421997823,9.819620150397414,11.295206431491629,12.114170458656115,9.531519564959877,8.184266741325994,8.970887803438181,12.8637738677285
4365,11.358569283269167,8.275773069302046,8.263952645868036,7.846887914750376,10.923475684577301,10.309486641310945,11.481398117249405,12.159877581064219,9.28106466052561,8.058159284778325,9.506619822901584,12.367578765294418
4366,11.015642278980433,8.353223638468796,8.040566361398948,7.7980968573253895,10.154438073730269,10.296544156970107,11.479485661797444,12.323158747133114,9.531384686368106,7.932363226956982,9.13642054328393,12.605660322023315
4367,9.696839075393024,7.036069144193059,8.05476088500478,8.288228105264047,12.089219179326788,10.364054293753838,10.288050810958758,12.132384258047649,9.312828405355113,8.447132514287844,8.849563703601284,12.160837263068029
4368,11.11799845856438,8.453432069325425,8.17583833855519,7.504154877586518,10.731546091012557,9.993430508350572,11.858734155174211,12.692986825698018,9.908463285761213,7.995911008963528,9.166245762633217,13.139227910623346
4369,9.70113151182379,7.382359311013747,7.555775539469899,8.317859482529638,10.164630985280748,9.245352493049943,8.909228460944803,9.727031141303637,8.365102084293127,8.245616881992504,9.91264601185125,8.851134780775224
4370,10.122757177535304,7.858952378068155,8.109471761869926,8.57673639302786,10.966888371253917,10.4687075203104,10.788756716676742,12.188418322483123,9.1400851851036,8.61946102375938,8.986658481973585,11.866295983571451
4371,9.249351824679021,5.8737140987541565,8.990884216985998,8.372150998943397,10.186440244987605,8.807113264032067,9.409045048171595,10.154886374449909,9.061134672686357,8.014406527547871,9.988319695855571,9.917799390994965
4372,9.257325333328978,7.1723505482906,8.061253786115138,8.547631730492693,11.855448657383947,10.226230996367928,9.910785567248027,12.37171114673424,9.254735898131019,8.500476311124512,8.824111943317737,12.373991137027089
4373,11.58849969619428,8.511336428659298,7.882950781733521,7.32632667750096,9.687206823410229,9.826911069427426,12.230573682324616,12.781388461975766,9.865254616956587,7.934591259169052,9.24225407243441,12.634919237009758
4374,11.941075933163852,8.801431744598071,8.031787874568105,6.947567690727462,9.646698447322397,9.9398661209425,12.360906910414041,12.435325154026604,9.657444300213703,8.09320095897786,9.210708031419161,13.163798429266954
4375,11.115805332601887,7.962913050702553,8.83366277678582,8.380714051343837,12.416764232136345,10.728205316387516,11.555821202209355,12.28303443061764,10.021118885700423,8.560276908335752,9.544441429832286,12.359057663338257
4376,10.773815359253543,7.725663529453247,8.10742034727943,7.689737052287562,10.767119674201275,10.23892269714596,11.768803466323265,12.169248425518507,9.451579697783783,8.08454542224599,9.102919087475211,11.96529194682477
4377,9.762548625892931,6.124006086295946,8.838148626469778,7.975688903167906,9.755624148418786,9.142777717686538,9.970122167034209,10.59178208486831,8.78711636451558,7.948319579206155,10.477469021690665,9.809704909466962
4378,11.06375841294383,8.455885841830415,8.0708717207595,7.687935551882914,10.323131256193506,9.992935398563993,12.278972960527915,12.278380833890193,9.76486909047073,7.95891890542177,9.10501858027501,13.200398902053344
4379,11.220959029225366,8.397943925583661,8.248949170554571,7.797783929851198,10.039298660173753,10.242098969675421,12.366759162926725,12.261147225963104,9.540001343337174,7.883851938831601,8.933569582549998,12.470488594243882
4380,11.331149178455737,8.196911107186146,8.157975116116932,7.622135131293488,13.722497438933804,9.891536515156863,11.79639859824545,12.192203460345997,11.028904921550428,8.278799780752966,9.134012450533195,12.296199741513087
4381,10.715507775488286,7.50259936692452,7.973480423673788,7.843610971401518,11.83810193493019,10.213425006993749,10.367523327176041,11.858393567313472,9.236669517749046,8.29423554643299,8.892333946433823,11.95080050218803
4382,9.722740506881063,6.852412712830047,7.901105350995163,8.2051995572504,12.998139952103504,10.113912298013922,10.053946512873964,11.935256536771519,9.263421935933806,8.333768346902673,8.740241164882345,10.814657833349667
4383,11.822434383067822,8.890604894741722,7.884975421678042,8.69192782252447,9.783770164891125,10.650086280559513,11.632287607671358,13.151307495970139,9.489976837001775,8.672421873763755,9.331316456724627,11.337021972846475
4384,11.32922129564166,8.5304333945463,7.880427421879734,7.604249996265885,9.850930221507019,10.10458933078441,11.644670502169182,12.462712834435607,9.80339166484347,7.860460249252813,9.065360820567884,12.528199392007881
4385,11.558462765719685,8.644755148545611,8.057966612487185,7.674101121310736,11.81623612657585,9.973705474889245,12.101855856090342,12.555381405112243,9.630377151180504,8.118907701652464,8.97753154622129,12.370901960299054
4386,10.792570872782768,7.896210255962048,8.12921133197284,7.923371991684921,12.428640598013594,10.061255116609562,11.367390383337803,12.324408327487614,9.616382649216266,8.067540684279155,8.86287947867017,11.874609556764108
4387,10.48397720898138,7.267763967757257,8.146745079456961,7.909616474892925,13.88070503568632,9.947122111127602,10.456324936105478,11.991556547639435,9.250027421826095,8.376913805375933,9.026706844350926,12.297743596812495
4388,10.105015854148274,7.432384782705079,7.880843655281176,7.974611126517358,12.9378409566636,10.018420304564046,11.154269924511324,11.862061475657587,9.238663235104674,8.16007276375299,9.17890125562401,11.491681039333098
4389,12.192666923093725,8.461659278491508,8.006644888804896,7.046165042722471,9.982819884947773,9.97486287781723,12.029233329425391,12.45833700090052,9.481866778095817,7.7292651752157955,9.0468401920451,13.19634039628406
4390,10.778017026274497,7.8110810602283545,8.05939809664962,7.78617427949675,10.251943217254917,10.241950942516583,10.65623684829747,12.452664427862786,9.32055866266359,7.945407998355789,8.999221782905083,11.347224716403527
4391,11.979610958175327,8.075529142980642,7.822692474436986,7.503129647900307,9.380651912372528,9.909081618972348,10.868601974412627,12.185467022469403,9.200784368624372,8.209338507378243,9.231804029469238,11.640293385529745
4392,10.926668520013077,7.452202117856781,8.1988083185083,7.83744925242256,11.673167768253844,10.245997318367003,11.256866199178246,12.377117087660945,9.424226601498782,8.178795312128418,9.353759094562177,12.023613221032441
4393,9.356159839318579,6.618833981043195,8.234924186349382,8.318215006612723,12.176461526587818,10.1260104502763,9.910103755828484,12.096593116747938,9.172019945577787,8.623974953236193,9.26492482999582,10.391435032097583
4394,12.210354675559795,8.331841513071222,8.140615549609496,7.225443139828231,11.6417684357863,10.261297036848248,12.117785931080306,12.696299331932767,9.656469124979017,7.826316332612137,9.098548230602201,12.310454487354761
4395,11.290965596673123,7.449427279188509,8.162792494878673,7.226004487076778,12.323165498324574,10.000028976131807,11.662545681804325,11.983275091940602,9.247599972449208,7.648955339927347,9.278973192182038,13.096153820059861
4396,10.030749715624195,6.754178609661882,8.208342044002345,8.091371413085984,10.971473640348787,9.886280276462875,10.637697053051475,11.685271994845749,9.177119234718884,7.76857949019814,9.42032662108696,10.80583160125651
4397,10.632594002393645,7.340590910771226,7.887265196604877,8.125759141483488,9.957338524166246,9.472034753072878,10.850006092866076,11.531049334759475,9.241180434844985,8.33885754998092,9.904830406418574,10.694318303651665
4398,10.662463125201144,7.583891396054996,7.966445114771217,8.842141634712991,9.640130257439356,9.460595177762542,9.715779176210258,10.936524819159851,9.141896566104947,8.509224464245234,10.45240583611055,9.751191390239956
4399,10.630848256068576,7.271928085994021,8.022288172561623,8.115257385239246,11.16733436859278,9.762158891443555,10.691219621881581,11.43774224549294,9.139443083912079,7.994730077853432,9.682908365737172,10.580909329707506
4400,8.301485890911684,6.3023753704588925,8.05674990094527,9.509829579556222,12.009412184795332,9.95864016980198,8.028210578144057,10.859934831335941,8.915859211773295,9.059163373187928,8.576792835695475,10.039785165664778
4401,9.973088402196293,7.534037995053776,8.078216888887479,8.592436675420801,11.608468831580144,10.328780536389242,10.766076218048548,12.178897040018205,9.386657911145715,8.549679769733858,8.994992279264572,11.775532514954346
4402,11.185573659402856,8.361606436173922,8.271217796059279,7.9180543335531475,10.124634293219707,10.019943378952389,11.760724360952109,12.363154015201783,9.731634095334467,7.904967367101644,9.345177695403182,12.631691857469187
4403,11.264518606091679,8.577653124634327,7.900314243642416,7.44847787181958,12.762627127516968,10.25388398742851,12.479204502793941,12.18229765267731,9.444525497354496,8.025210654527196,9.328601113940113,12.705724952432707
4404,11.465699731984362,8.716675160350489,8.36563511079795,7.750215126147969,11.040825255397454,10.452444637136889,11.771767684885916,12.417001568822242,9.853960465543603,8.1528142105687,9.489510926753534,12.744700099855104
4405,10.734677018604996,8.167093723843227,8.103936157387658,8.074649278471425,10.746405425189941,10.109415400341575,11.764911028682228,12.263726121872496,9.595042777588336,8.042939377939202,9.147545754204678,12.721649297484394
4406,11.820511604307466,8.87138893298837,8.464652860756189,8.028646828445599,12.68313103005519,10.616768937237962,11.91822262836737,12.309770116115125,9.920906309294194,8.065258582656599,9.762543506485159,12.1585296110757
4407,10.941174911518896,8.529073216180272,8.38840948399723,8.844318106709125,11.382064251298727,10.688741258046948,10.833406179569362,12.621486890126965,9.342706143072151,8.543531388360794,9.448787822222334,11.9739348954141
4408,10.107929782714104,7.712371239174198,7.993426060499234,8.664355423896087,11.231699271833493,10.144839180052523,10.335717082526942,12.016464900043871,9.58454750501225,8.158067611206867,8.971102693459574,12.063305125681802
4409,11.282166076308204,8.557887853708941,8.210283478499031,7.865686630980129,10.445293643026645,10.413565838489397,12.657123278802416,12.839924617604176,11.64238978153795,7.886900201206768,9.166706100390009,12.827130811242728
4410,9.170265350379285,6.8789546985439145,7.908745960298756,8.782203416537175,11.216508012484146,9.709722909587324,9.102032342441262,11.001186967768312,8.82662358113435,8.564856500471754,8.92852649268369,10.411410230286677
4411,12.052869536089526,8.976794170036902,8.171110641641713,8.36403977245415,10.435523568105923,10.903693984151225,11.875128079024504,12.77953197450806,9.316218672204814,8.146274145055251,9.518039747388908,12.604610038975771
4412,11.634357913614693,8.53292288846631,7.963243165785975,7.483615022802395,9.926845963266457,10.08288098161823,12.65651960687269,12.225345047756157,9.716328305629219,8.009099449043552,9.178090563030004,13.059534638114123
